ISO-10303-21;
HEADER;
FILE_DESCRIPTION(('FreeCAD Model'),'2;1');
FILE_NAME('Open CASCADE Shape Model','2026-09-27T11:32:53',('Author'),(
    ''),'Open CASCADE STEP processor 7.8','FreeCAD','Unknown');
FILE_SCHEMA(('AUTOMOTIVE_DESIGN { 1 0 10303 214 1 1 1 1 }'));
ENDSEC;
DATA;
#1 = APPLICATION_PROTOCOL_DEFINITION('international standard',
  'automotive_design',2000,#2);
#2 = APPLICATION_CONTEXT(
  'core data for automotive mechanical design processes');
#3 = SHAPE_DEFINITION_REPRESENTATION(#4,#10);
#4 = PRODUCT_DEFINITION_SHAPE('','',#5);
#5 = PRODUCT_DEFINITION('design','',#6,#9);
#6 = PRODUCT_DEFINITION_FORMATION('','',#7);
#7 = PRODUCT('Assembly','Assembly','',(#8));
#8 = PRODUCT_CONTEXT('',#2,'mechanical');
#9 = PRODUCT_DEFINITION_CONTEXT('part definition',#2,'design');
#10 = SHAPE_REPRESENTATION('',(#11,#15,#19),#23);
#11 = AXIS2_PLACEMENT_3D('',#12,#13,#14);
#12 = CARTESIAN_POINT('',(0.,0.,0.));
#13 = DIRECTION('',(0.,0.,1.));
#14 = DIRECTION('',(1.,0.,-0.));
#15 = AXIS2_PLACEMENT_3D('',#16,#17,#18);
#16 = CARTESIAN_POINT('',(4.072779119015,3.380947738886,8.701428234577)
  );
#17 = DIRECTION('',(0.,0.,1.));
#18 = DIRECTION('',(1.,0.,0.));
#19 = AXIS2_PLACEMENT_3D('',#20,#21,#22);
#20 = CARTESIAN_POINT('',(2.,128.99998569488,0.));
#21 = DIRECTION('',(0.,0.,1.));
#22 = DIRECTION('',(1.,0.,0.));
#23 = ( GEOMETRIC_REPRESENTATION_CONTEXT(3) 
GLOBAL_UNCERTAINTY_ASSIGNED_CONTEXT((#27)) GLOBAL_UNIT_ASSIGNED_CONTEXT(
(#24,#25,#26)) REPRESENTATION_CONTEXT('Context #1',
  '3D Context with UNIT and UNCERTAINTY') );
#24 = ( LENGTH_UNIT() NAMED_UNIT(*) SI_UNIT(.MILLI.,.METRE.) );
#25 = ( NAMED_UNIT(*) PLANE_ANGLE_UNIT() SI_UNIT($,.RADIAN.) );
#26 = ( NAMED_UNIT(*) SI_UNIT($,.STERADIAN.) SOLID_ANGLE_UNIT() );
#27 = UNCERTAINTY_MEASURE_WITH_UNIT(LENGTH_MEASURE(5.E-05),#24,
  'distance_accuracy_value','confusion accuracy');
#28 = PRODUCT_RELATED_PRODUCT_CATEGORY('part',$,(#7));
#29 = SHAPE_DEFINITION_REPRESENTATION(#30,#36);
#30 = PRODUCT_DEFINITION_SHAPE('','',#31);
#31 = PRODUCT_DEFINITION('design','',#32,#35);
#32 = PRODUCT_DEFINITION_FORMATION('','',#33);
#33 = PRODUCT('Body','Body','',(#34));
#34 = PRODUCT_CONTEXT('',#2,'mechanical');
#35 = PRODUCT_DEFINITION_CONTEXT('part definition',#2,'design');
#36 = ADVANCED_BREP_SHAPE_REPRESENTATION('',(#11,#37),#9435);
#37 = MANIFOLD_SOLID_BREP('',#38);
#38 = CLOSED_SHELL('',(#39,#79,#110,#141,#2470,#4799,#4811,#4833,#4850,
    #4867,#4879,#4901,#4918,#4935,#4947,#4969,#4986,#5003,#5015,#5037,
    #5054,#5071,#5083,#5105,#5122,#5139,#5151,#5173,#5190,#5207,#5219,
    #5241,#5258,#5275,#5287,#5309,#5326,#5343,#5355,#5377,#5394,#5411,
    #5423,#5445,#5462,#5479,#5491,#5513,#5530,#5547,#5559,#5581,#5598,
    #5615,#5627,#5649,#5666,#5683,#5695,#5717,#5734,#5751,#5763,#5785,
    #5802,#5819,#5831,#5853,#5870,#5887,#5899,#5921,#5938,#5955,#5967,
    #5989,#6006,#6023,#6035,#6057,#6074,#6091,#6103,#6125,#6142,#6159,
    #6171,#6193,#6210,#6227,#6239,#6261,#6278,#6295,#6307,#6329,#6346,
    #6363,#6375,#6397,#6414,#6431,#6443,#6465,#6482,#6499,#6511,#6533,
    #6550,#6567,#6579,#6601,#6618,#6635,#6647,#6669,#6686,#6703,#6715,
    #6737,#6754,#6771,#6783,#6805,#6822,#6839,#6851,#6873,#6890,#6907,
    #6919,#6941,#6958,#6975,#6987,#7009,#7026,#7043,#7055,#7077,#7094,
    #7111,#7123,#7145,#7162,#7179,#7191,#7213,#7230,#7247,#7259,#7281,
    #7298,#7315,#7327,#7349,#7366,#7383,#7395,#7417,#7434,#7451,#7463,
    #7485,#7502,#7519,#7531,#7553,#7570,#7587,#7599,#7621,#7638,#7655,
    #7667,#7689,#7706,#7723,#7735,#7757,#7774,#7791,#7803,#7825,#7842,
    #7859,#7871,#7893,#7910,#7927,#7939,#7961,#7978,#7995,#8007,#8029,
    #8046,#8063,#8075,#8097,#8114,#8131,#8143,#8165,#8182,#8199,#8211,
    #8233,#8250,#8267,#8279,#8301,#8318,#8335,#8347,#8369,#8386,#8403,
    #8415,#8437,#8454,#8471,#8483,#8505,#8522,#8539,#8551,#8573,#8590,
    #8607,#8619,#8641,#8658,#8675,#8687,#8709,#8726,#8743,#8755,#8777,
    #8794,#8811,#8823,#8845,#8862,#8879,#8891,#8913,#8930,#8947,#8959,
    #8981,#8998,#9015,#9027,#9049,#9066,#9083,#9095,#9117,#9134,#9151,
    #9163,#9185,#9202,#9219,#9231,#9253,#9270,#9287,#9299,#9321,#9338,
    #9355,#9367,#9389,#9406,#9423));
#39 = ADVANCED_FACE('',(#40),#74,.F.);
#40 = FACE_BOUND('',#41,.F.);
#41 = EDGE_LOOP('',(#42,#52,#60,#68));
#42 = ORIENTED_EDGE('',*,*,#43,.T.);
#43 = EDGE_CURVE('',#44,#46,#48,.T.);
#44 = VERTEX_POINT('',#45);
#45 = CARTESIAN_POINT('',(-1.629021,103.698196,0.));
#46 = VERTEX_POINT('',#47);
#47 = CARTESIAN_POINT('',(-1.629021,103.698196,1.499));
#48 = LINE('',#49,#50);
#49 = CARTESIAN_POINT('',(-1.629021,103.698196,0.));
#50 = VECTOR('',#51,1.);
#51 = DIRECTION('',(0.,0.,1.));
#52 = ORIENTED_EDGE('',*,*,#53,.T.);
#53 = EDGE_CURVE('',#46,#54,#56,.T.);
#54 = VERTEX_POINT('',#55);
#55 = CARTESIAN_POINT('',(-1.629021,-0.680383,1.499));
#56 = LINE('',#57,#58);
#57 = CARTESIAN_POINT('',(-1.629021,103.698196,1.499));
#58 = VECTOR('',#59,1.);
#59 = DIRECTION('',(0.,-1.,0.));
#60 = ORIENTED_EDGE('',*,*,#61,.F.);
#61 = EDGE_CURVE('',#62,#54,#64,.T.);
#62 = VERTEX_POINT('',#63);
#63 = CARTESIAN_POINT('',(-1.629021,-0.680383,0.));
#64 = LINE('',#65,#66);
#65 = CARTESIAN_POINT('',(-1.629021,-0.680383,0.));
#66 = VECTOR('',#67,1.);
#67 = DIRECTION('',(0.,0.,1.));
#68 = ORIENTED_EDGE('',*,*,#69,.F.);
#69 = EDGE_CURVE('',#44,#62,#70,.T.);
#70 = LINE('',#71,#72);
#71 = CARTESIAN_POINT('',(-1.629021,103.698196,0.));
#72 = VECTOR('',#73,1.);
#73 = DIRECTION('',(0.,-1.,0.));
#74 = PLANE('',#75);
#75 = AXIS2_PLACEMENT_3D('',#76,#77,#78);
#76 = CARTESIAN_POINT('',(-1.629021,103.698196,0.));
#77 = DIRECTION('',(1.,0.,0.));
#78 = DIRECTION('',(0.,-1.,0.));
#79 = ADVANCED_FACE('',(#80),#105,.F.);
#80 = FACE_BOUND('',#81,.F.);
#81 = EDGE_LOOP('',(#82,#92,#98,#99));
#82 = ORIENTED_EDGE('',*,*,#83,.T.);
#83 = EDGE_CURVE('',#84,#86,#88,.T.);
#84 = VERTEX_POINT('',#85);
#85 = CARTESIAN_POINT('',(310.449707,103.698196,0.));
#86 = VERTEX_POINT('',#87);
#87 = CARTESIAN_POINT('',(310.449707,103.698196,1.499));
#88 = LINE('',#89,#90);
#89 = CARTESIAN_POINT('',(310.449707,103.698196,0.));
#90 = VECTOR('',#91,1.);
#91 = DIRECTION('',(0.,0.,1.));
#92 = ORIENTED_EDGE('',*,*,#93,.T.);
#93 = EDGE_CURVE('',#86,#46,#94,.T.);
#94 = LINE('',#95,#96);
#95 = CARTESIAN_POINT('',(310.449707,103.698196,1.499));
#96 = VECTOR('',#97,1.);
#97 = DIRECTION('',(-1.,0.,0.));
#98 = ORIENTED_EDGE('',*,*,#43,.F.);
#99 = ORIENTED_EDGE('',*,*,#100,.F.);
#100 = EDGE_CURVE('',#84,#44,#101,.T.);
#101 = LINE('',#102,#103);
#102 = CARTESIAN_POINT('',(310.449707,103.698196,0.));
#103 = VECTOR('',#104,1.);
#104 = DIRECTION('',(-1.,0.,0.));
#105 = PLANE('',#106);
#106 = AXIS2_PLACEMENT_3D('',#107,#108,#109);
#107 = CARTESIAN_POINT('',(310.449707,103.698196,0.));
#108 = DIRECTION('',(0.,-1.,0.));
#109 = DIRECTION('',(-1.,0.,0.));
#110 = ADVANCED_FACE('',(#111),#136,.F.);
#111 = FACE_BOUND('',#112,.F.);
#112 = EDGE_LOOP('',(#113,#114,#122,#130));
#113 = ORIENTED_EDGE('',*,*,#61,.T.);
#114 = ORIENTED_EDGE('',*,*,#115,.T.);
#115 = EDGE_CURVE('',#54,#116,#118,.T.);
#116 = VERTEX_POINT('',#117);
#117 = CARTESIAN_POINT('',(310.449707,-0.680383,1.499));
#118 = LINE('',#119,#120);
#119 = CARTESIAN_POINT('',(-1.629021,-0.680383,1.499));
#120 = VECTOR('',#121,1.);
#121 = DIRECTION('',(1.,0.,0.));
#122 = ORIENTED_EDGE('',*,*,#123,.F.);
#123 = EDGE_CURVE('',#124,#116,#126,.T.);
#124 = VERTEX_POINT('',#125);
#125 = CARTESIAN_POINT('',(310.449707,-0.680383,0.));
#126 = LINE('',#127,#128);
#127 = CARTESIAN_POINT('',(310.449707,-0.680383,0.));
#128 = VECTOR('',#129,1.);
#129 = DIRECTION('',(0.,0.,1.));
#130 = ORIENTED_EDGE('',*,*,#131,.F.);
#131 = EDGE_CURVE('',#62,#124,#132,.T.);
#132 = LINE('',#133,#134);
#133 = CARTESIAN_POINT('',(-1.629021,-0.680383,0.));
#134 = VECTOR('',#135,1.);
#135 = DIRECTION('',(1.,0.,0.));
#136 = PLANE('',#137);
#137 = AXIS2_PLACEMENT_3D('',#138,#139,#140);
#138 = CARTESIAN_POINT('',(-1.629021,-0.680383,0.));
#139 = DIRECTION('',(0.,1.,0.));
#140 = DIRECTION('',(1.,0.,0.));
#141 = ADVANCED_FACE('',(#142,#153,#187,#221,#255,#289,#323,#357,#391,
    #425,#459,#493,#527,#561,#595,#629,#663,#697,#731,#765,#799,#833,
    #867,#901,#935,#969,#1003,#1037,#1071,#1105,#1139,#1173,#1207,#1241,
    #1275,#1309,#1343,#1377,#1411,#1445,#1479,#1513,#1547,#1581,#1615,
    #1649,#1683,#1717,#1751,#1785,#1819,#1853,#1887,#1921,#1955,#1989,
    #2023,#2057,#2091,#2125,#2159,#2193,#2227,#2261,#2295,#2329,#2363,
    #2397,#2431),#2465,.F.);
#142 = FACE_BOUND('',#143,.F.);
#143 = EDGE_LOOP('',(#144,#145,#146,#152));
#144 = ORIENTED_EDGE('',*,*,#69,.T.);
#145 = ORIENTED_EDGE('',*,*,#131,.T.);
#146 = ORIENTED_EDGE('',*,*,#147,.T.);
#147 = EDGE_CURVE('',#124,#84,#148,.T.);
#148 = LINE('',#149,#150);
#149 = CARTESIAN_POINT('',(310.449707,-0.680383,0.));
#150 = VECTOR('',#151,1.);
#151 = DIRECTION('',(0.,1.,0.));
#152 = ORIENTED_EDGE('',*,*,#100,.T.);
#153 = FACE_BOUND('',#154,.F.);
#154 = EDGE_LOOP('',(#155,#165,#173,#181));
#155 = ORIENTED_EDGE('',*,*,#156,.T.);
#156 = EDGE_CURVE('',#157,#159,#161,.T.);
#157 = VERTEX_POINT('',#158);
#158 = CARTESIAN_POINT('',(5.895474,20.071014,0.));
#159 = VERTEX_POINT('',#160);
#160 = CARTESIAN_POINT('',(20.231478,20.071014,0.));
#161 = LINE('',#162,#163);
#162 = CARTESIAN_POINT('',(5.895474,20.071014,0.));
#163 = VECTOR('',#164,1.);
#164 = DIRECTION('',(1.,0.,0.));
#165 = ORIENTED_EDGE('',*,*,#166,.T.);
#166 = EDGE_CURVE('',#159,#167,#169,.T.);
#167 = VERTEX_POINT('',#168);
#168 = CARTESIAN_POINT('',(20.231478,5.885919,0.));
#169 = LINE('',#170,#171);
#170 = CARTESIAN_POINT('',(20.231478,20.071014,0.));
#171 = VECTOR('',#172,1.);
#172 = DIRECTION('',(0.,-1.,0.));
#173 = ORIENTED_EDGE('',*,*,#174,.T.);
#174 = EDGE_CURVE('',#167,#175,#177,.T.);
#175 = VERTEX_POINT('',#176);
#176 = CARTESIAN_POINT('',(5.895474,5.885919,0.));
#177 = LINE('',#178,#179);
#178 = CARTESIAN_POINT('',(20.231478,5.885919,0.));
#179 = VECTOR('',#180,1.);
#180 = DIRECTION('',(-1.,0.,0.));
#181 = ORIENTED_EDGE('',*,*,#182,.T.);
#182 = EDGE_CURVE('',#175,#157,#183,.T.);
#183 = LINE('',#184,#185);
#184 = CARTESIAN_POINT('',(5.895474,5.885919,0.));
#185 = VECTOR('',#186,1.);
#186 = DIRECTION('',(0.,1.,0.));
#187 = FACE_BOUND('',#188,.F.);
#188 = EDGE_LOOP('',(#189,#199,#207,#215));
#189 = ORIENTED_EDGE('',*,*,#190,.T.);
#190 = EDGE_CURVE('',#191,#193,#195,.T.);
#191 = VERTEX_POINT('',#192);
#192 = CARTESIAN_POINT('',(24.607731,20.071009,0.));
#193 = VERTEX_POINT('',#194);
#194 = CARTESIAN_POINT('',(38.491024,20.071009,0.));
#195 = LINE('',#196,#197);
#196 = CARTESIAN_POINT('',(24.607731,20.071009,0.));
#197 = VECTOR('',#198,1.);
#198 = DIRECTION('',(1.,0.,0.));
#199 = ORIENTED_EDGE('',*,*,#200,.T.);
#200 = EDGE_CURVE('',#193,#201,#203,.T.);
#201 = VERTEX_POINT('',#202);
#202 = CARTESIAN_POINT('',(38.491024,5.961366,0.));
#203 = LINE('',#204,#205);
#204 = CARTESIAN_POINT('',(38.491024,20.071009,0.));
#205 = VECTOR('',#206,1.);
#206 = DIRECTION('',(0.,-1.,0.));
#207 = ORIENTED_EDGE('',*,*,#208,.T.);
#208 = EDGE_CURVE('',#201,#209,#211,.T.);
#209 = VERTEX_POINT('',#210);
#210 = CARTESIAN_POINT('',(24.607731,5.961366,0.));
#211 = LINE('',#212,#213);
#212 = CARTESIAN_POINT('',(38.491024,5.961366,0.));
#213 = VECTOR('',#214,1.);
#214 = DIRECTION('',(-1.,0.,0.));
#215 = ORIENTED_EDGE('',*,*,#216,.T.);
#216 = EDGE_CURVE('',#209,#191,#217,.T.);
#217 = LINE('',#218,#219);
#218 = CARTESIAN_POINT('',(24.607731,5.961366,0.));
#219 = VECTOR('',#220,1.);
#220 = DIRECTION('',(0.,1.,0.));
#221 = FACE_BOUND('',#222,.F.);
#222 = EDGE_LOOP('',(#223,#233,#241,#249));
#223 = ORIENTED_EDGE('',*,*,#224,.T.);
#224 = EDGE_CURVE('',#225,#227,#229,.T.);
#225 = VERTEX_POINT('',#226);
#226 = CARTESIAN_POINT('',(43.608532,20.179764,0.));
#227 = VERTEX_POINT('',#228);
#228 = CARTESIAN_POINT('',(57.567905,20.179764,0.));
#229 = LINE('',#230,#231);
#230 = CARTESIAN_POINT('',(43.608532,20.179764,0.));
#231 = VECTOR('',#232,1.);
#232 = DIRECTION('',(1.,0.,0.));
#233 = ORIENTED_EDGE('',*,*,#234,.T.);
#234 = EDGE_CURVE('',#227,#235,#237,.T.);
#235 = VERTEX_POINT('',#236);
#236 = CARTESIAN_POINT('',(57.567905,6.119246,0.));
#237 = LINE('',#238,#239);
#238 = CARTESIAN_POINT('',(57.567905,20.179764,0.));
#239 = VECTOR('',#240,1.);
#240 = DIRECTION('',(0.,-1.,0.));
#241 = ORIENTED_EDGE('',*,*,#242,.T.);
#242 = EDGE_CURVE('',#235,#243,#245,.T.);
#243 = VERTEX_POINT('',#244);
#244 = CARTESIAN_POINT('',(43.608532,6.119246,0.));
#245 = LINE('',#246,#247);
#246 = CARTESIAN_POINT('',(57.567905,6.119246,0.));
#247 = VECTOR('',#248,1.);
#248 = DIRECTION('',(-1.,0.,0.));
#249 = ORIENTED_EDGE('',*,*,#250,.T.);
#250 = EDGE_CURVE('',#243,#225,#251,.T.);
#251 = LINE('',#252,#253);
#252 = CARTESIAN_POINT('',(43.608532,6.119246,0.));
#253 = VECTOR('',#254,1.);
#254 = DIRECTION('',(0.,1.,0.));
#255 = FACE_BOUND('',#256,.F.);
#256 = EDGE_LOOP('',(#257,#267,#275,#283));
#257 = ORIENTED_EDGE('',*,*,#258,.T.);
#258 = EDGE_CURVE('',#259,#261,#263,.T.);
#259 = VERTEX_POINT('',#260);
#260 = CARTESIAN_POINT('',(62.271603,20.063152,0.));
#261 = VERTEX_POINT('',#262);
#262 = CARTESIAN_POINT('',(76.373543,20.063152,0.));
#263 = LINE('',#264,#265);
#264 = CARTESIAN_POINT('',(62.271603,20.063152,0.));
#265 = VECTOR('',#266,1.);
#266 = DIRECTION('',(1.,0.,0.));
#267 = ORIENTED_EDGE('',*,*,#268,.T.);
#268 = EDGE_CURVE('',#261,#269,#271,.T.);
#269 = VERTEX_POINT('',#270);
#270 = CARTESIAN_POINT('',(76.373543,6.11924,0.));
#271 = LINE('',#272,#273);
#272 = CARTESIAN_POINT('',(76.373543,20.063152,0.));
#273 = VECTOR('',#274,1.);
#274 = DIRECTION('',(0.,-1.,0.));
#275 = ORIENTED_EDGE('',*,*,#276,.T.);
#276 = EDGE_CURVE('',#269,#277,#279,.T.);
#277 = VERTEX_POINT('',#278);
#278 = CARTESIAN_POINT('',(62.271603,6.11924,0.));
#279 = LINE('',#280,#281);
#280 = CARTESIAN_POINT('',(76.373543,6.11924,0.));
#281 = VECTOR('',#282,1.);
#282 = DIRECTION('',(-1.,0.,0.));
#283 = ORIENTED_EDGE('',*,*,#284,.T.);
#284 = EDGE_CURVE('',#277,#259,#285,.T.);
#285 = LINE('',#286,#287);
#286 = CARTESIAN_POINT('',(62.271603,6.11924,0.));
#287 = VECTOR('',#288,1.);
#288 = DIRECTION('',(0.,1.,0.));
#289 = FACE_BOUND('',#290,.F.);
#290 = EDGE_LOOP('',(#291,#301,#309,#317));
#291 = ORIENTED_EDGE('',*,*,#292,.T.);
#292 = EDGE_CURVE('',#293,#295,#297,.T.);
#293 = VERTEX_POINT('',#294);
#294 = CARTESIAN_POINT('',(124.805145,20.104465,0.));
#295 = VERTEX_POINT('',#296);
#296 = CARTESIAN_POINT('',(138.757004,20.104465,0.));
#297 = LINE('',#298,#299);
#298 = CARTESIAN_POINT('',(124.805145,20.104465,0.));
#299 = VECTOR('',#300,1.);
#300 = DIRECTION('',(1.,0.,0.));
#301 = ORIENTED_EDGE('',*,*,#302,.T.);
#302 = EDGE_CURVE('',#295,#303,#305,.T.);
#303 = VERTEX_POINT('',#304);
#304 = CARTESIAN_POINT('',(138.757004,6.009524,0.));
#305 = LINE('',#306,#307);
#306 = CARTESIAN_POINT('',(138.757004,20.104465,0.));
#307 = VECTOR('',#308,1.);
#308 = DIRECTION('',(0.,-1.,0.));
#309 = ORIENTED_EDGE('',*,*,#310,.T.);
#310 = EDGE_CURVE('',#303,#311,#313,.T.);
#311 = VERTEX_POINT('',#312);
#312 = CARTESIAN_POINT('',(124.805145,6.009524,0.));
#313 = LINE('',#314,#315);
#314 = CARTESIAN_POINT('',(138.757004,6.009524,0.));
#315 = VECTOR('',#316,1.);
#316 = DIRECTION('',(-1.,0.,0.));
#317 = ORIENTED_EDGE('',*,*,#318,.T.);
#318 = EDGE_CURVE('',#311,#293,#319,.T.);
#319 = LINE('',#320,#321);
#320 = CARTESIAN_POINT('',(124.805145,6.009524,0.));
#321 = VECTOR('',#322,1.);
#322 = DIRECTION('',(0.,1.,0.));
#323 = FACE_BOUND('',#324,.F.);
#324 = EDGE_LOOP('',(#325,#335,#343,#351));
#325 = ORIENTED_EDGE('',*,*,#326,.T.);
#326 = EDGE_CURVE('',#327,#329,#331,.T.);
#327 = VERTEX_POINT('',#328);
#328 = CARTESIAN_POINT('',(15.286504,39.082203,0.));
#329 = VERTEX_POINT('',#330);
#330 = CARTESIAN_POINT('',(29.622561,39.082203,0.));
#331 = LINE('',#332,#333);
#332 = CARTESIAN_POINT('',(15.286504,39.082203,0.));
#333 = VECTOR('',#334,1.);
#334 = DIRECTION('',(1.,0.,0.));
#335 = ORIENTED_EDGE('',*,*,#336,.T.);
#336 = EDGE_CURVE('',#329,#337,#339,.T.);
#337 = VERTEX_POINT('',#338);
#338 = CARTESIAN_POINT('',(29.622561,25.19887,0.));
#339 = LINE('',#340,#341);
#340 = CARTESIAN_POINT('',(29.622561,39.082203,0.));
#341 = VECTOR('',#342,1.);
#342 = DIRECTION('',(0.,-1.,0.));
#343 = ORIENTED_EDGE('',*,*,#344,.T.);
#344 = EDGE_CURVE('',#337,#345,#347,.T.);
#345 = VERTEX_POINT('',#346);
#346 = CARTESIAN_POINT('',(15.286504,25.19887,0.));
#347 = LINE('',#348,#349);
#348 = CARTESIAN_POINT('',(29.622561,25.19887,0.));
#349 = VECTOR('',#350,1.);
#350 = DIRECTION('',(-1.,0.,0.));
#351 = ORIENTED_EDGE('',*,*,#352,.T.);
#352 = EDGE_CURVE('',#345,#327,#353,.T.);
#353 = LINE('',#354,#355);
#354 = CARTESIAN_POINT('',(15.286504,25.19887,0.));
#355 = VECTOR('',#356,1.);
#356 = DIRECTION('',(0.,1.,0.));
#357 = FACE_BOUND('',#358,.F.);
#358 = EDGE_LOOP('',(#359,#369,#377,#385));
#359 = ORIENTED_EDGE('',*,*,#360,.T.);
#360 = EDGE_CURVE('',#361,#363,#365,.T.);
#361 = VERTEX_POINT('',#362);
#362 = CARTESIAN_POINT('',(43.757137,39.146011,0.));
#363 = VERTEX_POINT('',#364);
#364 = CARTESIAN_POINT('',(57.905342,39.146011,0.));
#365 = LINE('',#366,#367);
#366 = CARTESIAN_POINT('',(43.757137,39.146011,0.));
#367 = VECTOR('',#368,1.);
#368 = DIRECTION('',(1.,0.,0.));
#369 = ORIENTED_EDGE('',*,*,#370,.T.);
#370 = EDGE_CURVE('',#363,#371,#373,.T.);
#371 = VERTEX_POINT('',#372);
#372 = CARTESIAN_POINT('',(57.905342,25.00873,0.));
#373 = LINE('',#374,#375);
#374 = CARTESIAN_POINT('',(57.905342,39.146011,0.));
#375 = VECTOR('',#376,1.);
#376 = DIRECTION('',(0.,-1.,0.));
#377 = ORIENTED_EDGE('',*,*,#378,.T.);
#378 = EDGE_CURVE('',#371,#379,#381,.T.);
#379 = VERTEX_POINT('',#380);
#380 = CARTESIAN_POINT('',(43.757137,25.00873,0.));
#381 = LINE('',#382,#383);
#382 = CARTESIAN_POINT('',(57.905342,25.00873,0.));
#383 = VECTOR('',#384,1.);
#384 = DIRECTION('',(-1.,0.,0.));
#385 = ORIENTED_EDGE('',*,*,#386,.T.);
#386 = EDGE_CURVE('',#379,#361,#387,.T.);
#387 = LINE('',#388,#389);
#388 = CARTESIAN_POINT('',(43.757137,25.00873,0.));
#389 = VECTOR('',#390,1.);
#390 = DIRECTION('',(0.,1.,0.));
#391 = FACE_BOUND('',#392,.F.);
#392 = EDGE_LOOP('',(#393,#403,#411,#419));
#393 = ORIENTED_EDGE('',*,*,#394,.T.);
#394 = EDGE_CURVE('',#395,#397,#399,.T.);
#395 = VERTEX_POINT('',#396);
#396 = CARTESIAN_POINT('',(62.790981,39.246429,0.));
#397 = VERTEX_POINT('',#398);
#398 = CARTESIAN_POINT('',(77.034012,39.246429,0.));
#399 = LINE('',#400,#401);
#400 = CARTESIAN_POINT('',(62.790981,39.246429,0.));
#401 = VECTOR('',#402,1.);
#402 = DIRECTION('',(1.,0.,0.));
#403 = ORIENTED_EDGE('',*,*,#404,.T.);
#404 = EDGE_CURVE('',#397,#405,#407,.T.);
#405 = VERTEX_POINT('',#406);
#406 = CARTESIAN_POINT('',(77.034012,25.122835,0.));
#407 = LINE('',#408,#409);
#408 = CARTESIAN_POINT('',(77.034012,39.246429,0.));
#409 = VECTOR('',#410,1.);
#410 = DIRECTION('',(0.,-1.,0.));
#411 = ORIENTED_EDGE('',*,*,#412,.T.);
#412 = EDGE_CURVE('',#405,#413,#415,.T.);
#413 = VERTEX_POINT('',#414);
#414 = CARTESIAN_POINT('',(62.790981,25.122835,0.));
#415 = LINE('',#416,#417);
#416 = CARTESIAN_POINT('',(77.034012,25.122835,0.));
#417 = VECTOR('',#418,1.);
#418 = DIRECTION('',(-1.,0.,0.));
#419 = ORIENTED_EDGE('',*,*,#420,.T.);
#420 = EDGE_CURVE('',#413,#395,#421,.T.);
#421 = LINE('',#422,#423);
#422 = CARTESIAN_POINT('',(62.790981,25.122835,0.));
#423 = VECTOR('',#424,1.);
#424 = DIRECTION('',(0.,1.,0.));
#425 = FACE_BOUND('',#426,.F.);
#426 = EDGE_LOOP('',(#427,#437,#445,#453));
#427 = ORIENTED_EDGE('',*,*,#428,.T.);
#428 = EDGE_CURVE('',#429,#431,#433,.T.);
#429 = VERTEX_POINT('',#430);
#430 = CARTESIAN_POINT('',(15.225821,58.186047,0.));
#431 = VERTEX_POINT('',#432);
#432 = CARTESIAN_POINT('',(29.41094,58.186047,0.));
#433 = LINE('',#434,#435);
#434 = CARTESIAN_POINT('',(15.225821,58.186047,0.));
#435 = VECTOR('',#436,1.);
#436 = DIRECTION('',(1.,0.,0.));
#437 = ORIENTED_EDGE('',*,*,#438,.T.);
#438 = EDGE_CURVE('',#431,#439,#441,.T.);
#439 = VERTEX_POINT('',#440);
#440 = CARTESIAN_POINT('',(29.41094,44.000935,0.));
#441 = LINE('',#442,#443);
#442 = CARTESIAN_POINT('',(29.41094,58.186047,0.));
#443 = VECTOR('',#444,1.);
#444 = DIRECTION('',(0.,-1.,0.));
#445 = ORIENTED_EDGE('',*,*,#446,.T.);
#446 = EDGE_CURVE('',#439,#447,#449,.T.);
#447 = VERTEX_POINT('',#448);
#448 = CARTESIAN_POINT('',(15.225821,44.000935,0.));
#449 = LINE('',#450,#451);
#450 = CARTESIAN_POINT('',(29.41094,44.000935,0.));
#451 = VECTOR('',#452,1.);
#452 = DIRECTION('',(-1.,0.,0.));
#453 = ORIENTED_EDGE('',*,*,#454,.T.);
#454 = EDGE_CURVE('',#447,#429,#455,.T.);
#455 = LINE('',#456,#457);
#456 = CARTESIAN_POINT('',(15.225821,44.000935,0.));
#457 = VECTOR('',#458,1.);
#458 = DIRECTION('',(0.,1.,0.));
#459 = FACE_BOUND('',#460,.F.);
#460 = EDGE_LOOP('',(#461,#471,#479,#487));
#461 = ORIENTED_EDGE('',*,*,#462,.T.);
#462 = EDGE_CURVE('',#463,#465,#467,.T.);
#463 = VERTEX_POINT('',#464);
#464 = CARTESIAN_POINT('',(38.963142,58.19875,0.));
#465 = VERTEX_POINT('',#466);
#466 = CARTESIAN_POINT('',(53.148266,58.19875,0.));
#467 = LINE('',#468,#469);
#468 = CARTESIAN_POINT('',(38.963142,58.19875,0.));
#469 = VECTOR('',#470,1.);
#470 = DIRECTION('',(1.,0.,0.));
#471 = ORIENTED_EDGE('',*,*,#472,.T.);
#472 = EDGE_CURVE('',#465,#473,#475,.T.);
#473 = VERTEX_POINT('',#474);
#474 = CARTESIAN_POINT('',(53.148266,44.089088,0.));
#475 = LINE('',#476,#477);
#476 = CARTESIAN_POINT('',(53.148266,58.19875,0.));
#477 = VECTOR('',#478,1.);
#478 = DIRECTION('',(0.,-1.,0.));
#479 = ORIENTED_EDGE('',*,*,#480,.T.);
#480 = EDGE_CURVE('',#473,#481,#483,.T.);
#481 = VERTEX_POINT('',#482);
#482 = CARTESIAN_POINT('',(38.963142,44.089088,0.));
#483 = LINE('',#484,#485);
#484 = CARTESIAN_POINT('',(53.148266,44.089088,0.));
#485 = VECTOR('',#486,1.);
#486 = DIRECTION('',(-1.,0.,0.));
#487 = ORIENTED_EDGE('',*,*,#488,.T.);
#488 = EDGE_CURVE('',#481,#463,#489,.T.);
#489 = LINE('',#490,#491);
#490 = CARTESIAN_POINT('',(38.963142,44.089088,0.));
#491 = VECTOR('',#492,1.);
#492 = DIRECTION('',(0.,1.,0.));
#493 = FACE_BOUND('',#494,.F.);
#494 = EDGE_LOOP('',(#495,#505,#513,#521));
#495 = ORIENTED_EDGE('',*,*,#496,.T.);
#496 = EDGE_CURVE('',#497,#499,#501,.T.);
#497 = VERTEX_POINT('',#498);
#498 = CARTESIAN_POINT('',(58.22533,58.182247,0.));
#499 = VERTEX_POINT('',#500);
#500 = CARTESIAN_POINT('',(72.602005,58.182247,0.));
#501 = LINE('',#502,#503);
#502 = CARTESIAN_POINT('',(58.22533,58.182247,0.));
#503 = VECTOR('',#504,1.);
#504 = DIRECTION('',(1.,0.,0.));
#505 = ORIENTED_EDGE('',*,*,#506,.T.);
#506 = EDGE_CURVE('',#499,#507,#509,.T.);
#507 = VERTEX_POINT('',#508);
#508 = CARTESIAN_POINT('',(72.602005,44.174217,0.));
#509 = LINE('',#510,#511);
#510 = CARTESIAN_POINT('',(72.602005,58.182247,0.));
#511 = VECTOR('',#512,1.);
#512 = DIRECTION('',(0.,-1.,0.));
#513 = ORIENTED_EDGE('',*,*,#514,.T.);
#514 = EDGE_CURVE('',#507,#515,#517,.T.);
#515 = VERTEX_POINT('',#516);
#516 = CARTESIAN_POINT('',(58.22533,44.174217,0.));
#517 = LINE('',#518,#519);
#518 = CARTESIAN_POINT('',(72.602005,44.174217,0.));
#519 = VECTOR('',#520,1.);
#520 = DIRECTION('',(-1.,0.,0.));
#521 = ORIENTED_EDGE('',*,*,#522,.T.);
#522 = EDGE_CURVE('',#515,#497,#523,.T.);
#523 = LINE('',#524,#525);
#524 = CARTESIAN_POINT('',(58.22533,44.174217,0.));
#525 = VECTOR('',#526,1.);
#526 = DIRECTION('',(0.,1.,0.));
#527 = FACE_BOUND('',#528,.F.);
#528 = EDGE_LOOP('',(#529,#539,#547,#555));
#529 = ORIENTED_EDGE('',*,*,#530,.T.);
#530 = EDGE_CURVE('',#531,#533,#535,.T.);
#531 = VERTEX_POINT('',#532);
#532 = CARTESIAN_POINT('',(82.089348,39.18528,0.));
#533 = VERTEX_POINT('',#534);
#534 = CARTESIAN_POINT('',(96.353477,39.18528,0.));
#535 = LINE('',#536,#537);
#536 = CARTESIAN_POINT('',(82.089348,39.18528,0.));
#537 = VECTOR('',#538,1.);
#538 = DIRECTION('',(1.,0.,0.));
#539 = ORIENTED_EDGE('',*,*,#540,.T.);
#540 = EDGE_CURVE('',#533,#541,#543,.T.);
#541 = VERTEX_POINT('',#542);
#542 = CARTESIAN_POINT('',(96.353477,24.985832,0.));
#543 = LINE('',#544,#545);
#544 = CARTESIAN_POINT('',(96.353477,39.18528,0.));
#545 = VECTOR('',#546,1.);
#546 = DIRECTION('',(0.,-1.,0.));
#547 = ORIENTED_EDGE('',*,*,#548,.T.);
#548 = EDGE_CURVE('',#541,#549,#551,.T.);
#549 = VERTEX_POINT('',#550);
#550 = CARTESIAN_POINT('',(82.089348,24.985832,0.));
#551 = LINE('',#552,#553);
#552 = CARTESIAN_POINT('',(96.353477,24.985832,0.));
#553 = VECTOR('',#554,1.);
#554 = DIRECTION('',(-1.,0.,0.));
#555 = ORIENTED_EDGE('',*,*,#556,.T.);
#556 = EDGE_CURVE('',#549,#531,#557,.T.);
#557 = LINE('',#558,#559);
#558 = CARTESIAN_POINT('',(82.089348,24.985832,0.));
#559 = VECTOR('',#560,1.);
#560 = DIRECTION('',(0.,1.,0.));
#561 = FACE_BOUND('',#562,.F.);
#562 = EDGE_LOOP('',(#563,#573,#581,#589));
#563 = ORIENTED_EDGE('',*,*,#564,.T.);
#564 = EDGE_CURVE('',#565,#567,#569,.T.);
#565 = VERTEX_POINT('',#566);
#566 = CARTESIAN_POINT('',(101.484276,39.185276,0.));
#567 = VERTEX_POINT('',#568);
#568 = CARTESIAN_POINT('',(115.669418,39.185276,0.));
#569 = LINE('',#570,#571);
#570 = CARTESIAN_POINT('',(101.484276,39.185276,0.));
#571 = VECTOR('',#572,1.);
#572 = DIRECTION('',(1.,0.,0.));
#573 = ORIENTED_EDGE('',*,*,#574,.T.);
#574 = EDGE_CURVE('',#567,#575,#577,.T.);
#575 = VERTEX_POINT('',#576);
#576 = CARTESIAN_POINT('',(115.669418,25.301949,0.));
#577 = LINE('',#578,#579);
#578 = CARTESIAN_POINT('',(115.669418,39.185276,0.));
#579 = VECTOR('',#580,1.);
#580 = DIRECTION('',(0.,-1.,0.));
#581 = ORIENTED_EDGE('',*,*,#582,.T.);
#582 = EDGE_CURVE('',#575,#583,#585,.T.);
#583 = VERTEX_POINT('',#584);
#584 = CARTESIAN_POINT('',(101.484276,25.301949,0.));
#585 = LINE('',#586,#587);
#586 = CARTESIAN_POINT('',(115.669418,25.301949,0.));
#587 = VECTOR('',#588,1.);
#588 = DIRECTION('',(-1.,0.,0.));
#589 = ORIENTED_EDGE('',*,*,#590,.T.);
#590 = EDGE_CURVE('',#583,#565,#591,.T.);
#591 = LINE('',#592,#593);
#592 = CARTESIAN_POINT('',(101.484276,25.301949,0.));
#593 = VECTOR('',#594,1.);
#594 = DIRECTION('',(0.,1.,0.));
#595 = FACE_BOUND('',#596,.F.);
#596 = EDGE_LOOP('',(#597,#607,#615,#623));
#597 = ORIENTED_EDGE('',*,*,#598,.T.);
#598 = EDGE_CURVE('',#599,#601,#603,.T.);
#599 = VERTEX_POINT('',#600);
#600 = CARTESIAN_POINT('',(120.582336,39.04644,0.));
#601 = VERTEX_POINT('',#602);
#602 = CARTESIAN_POINT('',(134.667175,39.04644,0.));
#603 = LINE('',#604,#605);
#604 = CARTESIAN_POINT('',(120.582336,39.04644,0.));
#605 = VECTOR('',#606,1.);
#606 = DIRECTION('',(1.,0.,0.));
#607 = ORIENTED_EDGE('',*,*,#608,.T.);
#608 = EDGE_CURVE('',#601,#609,#611,.T.);
#609 = VERTEX_POINT('',#610);
#610 = CARTESIAN_POINT('',(134.667175,24.961611,0.));
#611 = LINE('',#612,#613);
#612 = CARTESIAN_POINT('',(134.667175,39.04644,0.));
#613 = VECTOR('',#614,1.);
#614 = DIRECTION('',(0.,-1.,0.));
#615 = ORIENTED_EDGE('',*,*,#616,.T.);
#616 = EDGE_CURVE('',#609,#617,#619,.T.);
#617 = VERTEX_POINT('',#618);
#618 = CARTESIAN_POINT('',(120.582336,24.961611,0.));
#619 = LINE('',#620,#621);
#620 = CARTESIAN_POINT('',(134.667175,24.961611,0.));
#621 = VECTOR('',#622,1.);
#622 = DIRECTION('',(-1.,0.,0.));
#623 = ORIENTED_EDGE('',*,*,#624,.T.);
#624 = EDGE_CURVE('',#617,#599,#625,.T.);
#625 = LINE('',#626,#627);
#626 = CARTESIAN_POINT('',(120.582336,24.961611,0.));
#627 = VECTOR('',#628,1.);
#628 = DIRECTION('',(0.,1.,0.));
#629 = FACE_BOUND('',#630,.F.);
#630 = EDGE_LOOP('',(#631,#641,#649,#657));
#631 = ORIENTED_EDGE('',*,*,#632,.T.);
#632 = EDGE_CURVE('',#633,#635,#637,.T.);
#633 = VERTEX_POINT('',#634);
#634 = CARTESIAN_POINT('',(139.90033,39.067699,0.));
#635 = VERTEX_POINT('',#636);
#636 = CARTESIAN_POINT('',(153.960907,39.067699,0.));
#637 = LINE('',#638,#639);
#638 = CARTESIAN_POINT('',(139.90033,39.067699,0.));
#639 = VECTOR('',#640,1.);
#640 = DIRECTION('',(1.,0.,0.));
#641 = ORIENTED_EDGE('',*,*,#642,.T.);
#642 = EDGE_CURVE('',#635,#643,#645,.T.);
#643 = VERTEX_POINT('',#644);
#644 = CARTESIAN_POINT('',(153.960907,24.956562,0.));
#645 = LINE('',#646,#647);
#646 = CARTESIAN_POINT('',(153.960907,39.067699,0.));
#647 = VECTOR('',#648,1.);
#648 = DIRECTION('',(0.,-1.,0.));
#649 = ORIENTED_EDGE('',*,*,#650,.T.);
#650 = EDGE_CURVE('',#643,#651,#653,.T.);
#651 = VERTEX_POINT('',#652);
#652 = CARTESIAN_POINT('',(139.90033,24.956562,0.));
#653 = LINE('',#654,#655);
#654 = CARTESIAN_POINT('',(153.960907,24.956562,0.));
#655 = VECTOR('',#656,1.);
#656 = DIRECTION('',(-1.,0.,0.));
#657 = ORIENTED_EDGE('',*,*,#658,.T.);
#658 = EDGE_CURVE('',#651,#633,#659,.T.);
#659 = LINE('',#660,#661);
#660 = CARTESIAN_POINT('',(139.90033,24.956562,0.));
#661 = VECTOR('',#662,1.);
#662 = DIRECTION('',(0.,1.,0.));
#663 = FACE_BOUND('',#664,.F.);
#664 = EDGE_LOOP('',(#665,#675,#683,#691));
#665 = ORIENTED_EDGE('',*,*,#666,.T.);
#666 = EDGE_CURVE('',#667,#669,#671,.T.);
#667 = VERTEX_POINT('',#668);
#668 = CARTESIAN_POINT('',(77.747551,58.046543,0.));
#669 = VERTEX_POINT('',#670);
#670 = CARTESIAN_POINT('',(91.832344,58.046543,0.));
#671 = LINE('',#672,#673);
#672 = CARTESIAN_POINT('',(77.747551,58.046543,0.));
#673 = VECTOR('',#674,1.);
#674 = DIRECTION('',(1.,0.,0.));
#675 = ORIENTED_EDGE('',*,*,#676,.T.);
#676 = EDGE_CURVE('',#669,#677,#679,.T.);
#677 = VERTEX_POINT('',#678);
#678 = CARTESIAN_POINT('',(91.832344,44.147072,0.));
#679 = LINE('',#680,#681);
#680 = CARTESIAN_POINT('',(91.832344,58.046543,0.));
#681 = VECTOR('',#682,1.);
#682 = DIRECTION('',(0.,-1.,0.));
#683 = ORIENTED_EDGE('',*,*,#684,.T.);
#684 = EDGE_CURVE('',#677,#685,#687,.T.);
#685 = VERTEX_POINT('',#686);
#686 = CARTESIAN_POINT('',(77.747551,44.147072,0.));
#687 = LINE('',#688,#689);
#688 = CARTESIAN_POINT('',(91.832344,44.147072,0.));
#689 = VECTOR('',#690,1.);
#690 = DIRECTION('',(-1.,0.,0.));
#691 = ORIENTED_EDGE('',*,*,#692,.T.);
#692 = EDGE_CURVE('',#685,#667,#693,.T.);
#693 = LINE('',#694,#695);
#694 = CARTESIAN_POINT('',(77.747551,44.147072,0.));
#695 = VECTOR('',#696,1.);
#696 = DIRECTION('',(0.,1.,0.));
#697 = FACE_BOUND('',#698,.F.);
#698 = EDGE_LOOP('',(#699,#709,#717,#725));
#699 = ORIENTED_EDGE('',*,*,#700,.T.);
#700 = EDGE_CURVE('',#701,#703,#705,.T.);
#701 = VERTEX_POINT('',#702);
#702 = CARTESIAN_POINT('',(96.628548,58.186771,0.));
#703 = VERTEX_POINT('',#704);
#704 = CARTESIAN_POINT('',(110.707718,58.186771,0.));
#705 = LINE('',#706,#707);
#706 = CARTESIAN_POINT('',(96.628548,58.186771,0.));
#707 = VECTOR('',#708,1.);
#708 = DIRECTION('',(1.,0.,0.));
#709 = ORIENTED_EDGE('',*,*,#710,.T.);
#710 = EDGE_CURVE('',#703,#711,#713,.T.);
#711 = VERTEX_POINT('',#712);
#712 = CARTESIAN_POINT('',(110.707718,44.066204,0.));
#713 = LINE('',#714,#715);
#714 = CARTESIAN_POINT('',(110.707718,58.186771,0.));
#715 = VECTOR('',#716,1.);
#716 = DIRECTION('',(0.,-1.,0.));
#717 = ORIENTED_EDGE('',*,*,#718,.T.);
#718 = EDGE_CURVE('',#711,#719,#721,.T.);
#719 = VERTEX_POINT('',#720);
#720 = CARTESIAN_POINT('',(96.628548,44.066204,0.));
#721 = LINE('',#722,#723);
#722 = CARTESIAN_POINT('',(110.707718,44.066204,0.));
#723 = VECTOR('',#724,1.);
#724 = DIRECTION('',(-1.,0.,0.));
#725 = ORIENTED_EDGE('',*,*,#726,.T.);
#726 = EDGE_CURVE('',#719,#701,#727,.T.);
#727 = LINE('',#728,#729);
#728 = CARTESIAN_POINT('',(96.628548,44.066204,0.));
#729 = VECTOR('',#730,1.);
#730 = DIRECTION('',(0.,1.,0.));
#731 = FACE_BOUND('',#732,.F.);
#732 = EDGE_LOOP('',(#733,#743,#751,#759));
#733 = ORIENTED_EDGE('',*,*,#734,.T.);
#734 = EDGE_CURVE('',#735,#737,#739,.T.);
#735 = VERTEX_POINT('',#736);
#736 = CARTESIAN_POINT('',(116.049515,58.15155,0.));
#737 = VERTEX_POINT('',#738);
#738 = CARTESIAN_POINT('',(130.088486,58.15155,0.));
#739 = LINE('',#740,#741);
#740 = CARTESIAN_POINT('',(116.049515,58.15155,0.));
#741 = VECTOR('',#742,1.);
#742 = DIRECTION('',(1.,0.,0.));
#743 = ORIENTED_EDGE('',*,*,#744,.T.);
#744 = EDGE_CURVE('',#737,#745,#747,.T.);
#745 = VERTEX_POINT('',#746);
#746 = CARTESIAN_POINT('',(130.088486,44.066196,0.));
#747 = LINE('',#748,#749);
#748 = CARTESIAN_POINT('',(130.088486,58.15155,0.));
#749 = VECTOR('',#750,1.);
#750 = DIRECTION('',(0.,-1.,0.));
#751 = ORIENTED_EDGE('',*,*,#752,.T.);
#752 = EDGE_CURVE('',#745,#753,#755,.T.);
#753 = VERTEX_POINT('',#754);
#754 = CARTESIAN_POINT('',(116.049515,44.066196,0.));
#755 = LINE('',#756,#757);
#756 = CARTESIAN_POINT('',(130.088486,44.066196,0.));
#757 = VECTOR('',#758,1.);
#758 = DIRECTION('',(-1.,0.,0.));
#759 = ORIENTED_EDGE('',*,*,#760,.T.);
#760 = EDGE_CURVE('',#753,#735,#761,.T.);
#761 = LINE('',#762,#763);
#762 = CARTESIAN_POINT('',(116.049515,44.066196,0.));
#763 = VECTOR('',#764,1.);
#764 = DIRECTION('',(0.,1.,0.));
#765 = FACE_BOUND('',#766,.F.);
#766 = EDGE_LOOP('',(#767,#777,#785,#793));
#767 = ORIENTED_EDGE('',*,*,#768,.T.);
#768 = EDGE_CURVE('',#769,#771,#773,.T.);
#769 = VERTEX_POINT('',#770);
#770 = CARTESIAN_POINT('',(135.1539,58.213406,0.));
#771 = VERTEX_POINT('',#772);
#772 = CARTESIAN_POINT('',(149.221603,58.213406,0.));
#773 = LINE('',#774,#775);
#774 = CARTESIAN_POINT('',(135.1539,58.213406,0.));
#775 = VECTOR('',#776,1.);
#776 = DIRECTION('',(1.,0.,0.));
#777 = ORIENTED_EDGE('',*,*,#778,.T.);
#778 = EDGE_CURVE('',#771,#779,#781,.T.);
#779 = VERTEX_POINT('',#780);
#780 = CARTESIAN_POINT('',(149.221603,44.083916,0.));
#781 = LINE('',#782,#783);
#782 = CARTESIAN_POINT('',(149.221603,58.213406,0.));
#783 = VECTOR('',#784,1.);
#784 = DIRECTION('',(0.,-1.,0.));
#785 = ORIENTED_EDGE('',*,*,#786,.T.);
#786 = EDGE_CURVE('',#779,#787,#789,.T.);
#787 = VERTEX_POINT('',#788);
#788 = CARTESIAN_POINT('',(135.1539,44.083916,0.));
#789 = LINE('',#790,#791);
#790 = CARTESIAN_POINT('',(149.221603,44.083916,0.));
#791 = VECTOR('',#792,1.);
#792 = DIRECTION('',(-1.,0.,0.));
#793 = ORIENTED_EDGE('',*,*,#794,.T.);
#794 = EDGE_CURVE('',#787,#769,#795,.T.);
#795 = LINE('',#796,#797);
#796 = CARTESIAN_POINT('',(135.1539,44.083916,0.));
#797 = VECTOR('',#798,1.);
#798 = DIRECTION('',(0.,1.,0.));
#799 = FACE_BOUND('',#800,.F.);
#800 = EDGE_LOOP('',(#801,#811,#819,#827));
#801 = ORIENTED_EDGE('',*,*,#802,.T.);
#802 = EDGE_CURVE('',#803,#805,#807,.T.);
#803 = VERTEX_POINT('',#804);
#804 = CARTESIAN_POINT('',(188.469879,20.004648,0.));
#805 = VERTEX_POINT('',#806);
#806 = CARTESIAN_POINT('',(202.590454,20.004648,0.));
#807 = LINE('',#808,#809);
#808 = CARTESIAN_POINT('',(188.469879,20.004648,0.));
#809 = VECTOR('',#810,1.);
#810 = DIRECTION('',(1.,0.,0.));
#811 = ORIENTED_EDGE('',*,*,#812,.T.);
#812 = EDGE_CURVE('',#805,#813,#815,.T.);
#813 = VERTEX_POINT('',#814);
#814 = CARTESIAN_POINT('',(202.590454,5.966896,0.));
#815 = LINE('',#816,#817);
#816 = CARTESIAN_POINT('',(202.590454,20.004648,0.));
#817 = VECTOR('',#818,1.);
#818 = DIRECTION('',(0.,-1.,0.));
#819 = ORIENTED_EDGE('',*,*,#820,.T.);
#820 = EDGE_CURVE('',#813,#821,#823,.T.);
#821 = VERTEX_POINT('',#822);
#822 = CARTESIAN_POINT('',(188.469879,5.966896,0.));
#823 = LINE('',#824,#825);
#824 = CARTESIAN_POINT('',(202.590454,5.966896,0.));
#825 = VECTOR('',#826,1.);
#826 = DIRECTION('',(-1.,0.,0.));
#827 = ORIENTED_EDGE('',*,*,#828,.T.);
#828 = EDGE_CURVE('',#821,#803,#829,.T.);
#829 = LINE('',#830,#831);
#830 = CARTESIAN_POINT('',(188.469879,5.966896,0.));
#831 = VECTOR('',#832,1.);
#832 = DIRECTION('',(0.,1.,0.));
#833 = FACE_BOUND('',#834,.F.);
#834 = EDGE_LOOP('',(#835,#845,#853,#861));
#835 = ORIENTED_EDGE('',*,*,#836,.T.);
#836 = EDGE_CURVE('',#837,#839,#841,.T.);
#837 = VERTEX_POINT('',#838);
#838 = CARTESIAN_POINT('',(207.953156,20.031256,0.));
#839 = VERTEX_POINT('',#840);
#840 = CARTESIAN_POINT('',(221.936401,20.031256,0.));
#841 = LINE('',#842,#843);
#842 = CARTESIAN_POINT('',(207.953156,20.031256,0.));
#843 = VECTOR('',#844,1.);
#844 = DIRECTION('',(1.,0.,0.));
#845 = ORIENTED_EDGE('',*,*,#846,.T.);
#846 = EDGE_CURVE('',#839,#847,#849,.T.);
#847 = VERTEX_POINT('',#848);
#848 = CARTESIAN_POINT('',(221.936401,5.717991,0.));
#849 = LINE('',#850,#851);
#850 = CARTESIAN_POINT('',(221.936401,20.031256,0.));
#851 = VECTOR('',#852,1.);
#852 = DIRECTION('',(0.,-1.,0.));
#853 = ORIENTED_EDGE('',*,*,#854,.T.);
#854 = EDGE_CURVE('',#847,#855,#857,.T.);
#855 = VERTEX_POINT('',#856);
#856 = CARTESIAN_POINT('',(207.953156,5.717991,0.));
#857 = LINE('',#858,#859);
#858 = CARTESIAN_POINT('',(221.936401,5.717991,0.));
#859 = VECTOR('',#860,1.);
#860 = DIRECTION('',(-1.,0.,0.));
#861 = ORIENTED_EDGE('',*,*,#862,.T.);
#862 = EDGE_CURVE('',#855,#837,#863,.T.);
#863 = LINE('',#864,#865);
#864 = CARTESIAN_POINT('',(207.953156,5.717991,0.));
#865 = VECTOR('',#866,1.);
#866 = DIRECTION('',(0.,1.,0.));
#867 = FACE_BOUND('',#868,.F.);
#868 = EDGE_LOOP('',(#869,#879,#887,#895));
#869 = ORIENTED_EDGE('',*,*,#870,.T.);
#870 = EDGE_CURVE('',#871,#873,#875,.T.);
#871 = VERTEX_POINT('',#872);
#872 = CARTESIAN_POINT('',(226.715897,20.05772,0.));
#873 = VERTEX_POINT('',#874);
#874 = CARTESIAN_POINT('',(240.921722,20.05772,0.));
#875 = LINE('',#876,#877);
#876 = CARTESIAN_POINT('',(226.715897,20.05772,0.));
#877 = VECTOR('',#878,1.);
#878 = DIRECTION('',(1.,0.,0.));
#879 = ORIENTED_EDGE('',*,*,#880,.T.);
#880 = EDGE_CURVE('',#873,#881,#883,.T.);
#881 = VERTEX_POINT('',#882);
#882 = CARTESIAN_POINT('',(240.921722,5.953822,0.));
#883 = LINE('',#884,#885);
#884 = CARTESIAN_POINT('',(240.921722,20.05772,0.));
#885 = VECTOR('',#886,1.);
#886 = DIRECTION('',(0.,-1.,0.));
#887 = ORIENTED_EDGE('',*,*,#888,.T.);
#888 = EDGE_CURVE('',#881,#889,#891,.T.);
#889 = VERTEX_POINT('',#890);
#890 = CARTESIAN_POINT('',(226.715897,5.953822,0.));
#891 = LINE('',#892,#893);
#892 = CARTESIAN_POINT('',(240.921722,5.953822,0.));
#893 = VECTOR('',#894,1.);
#894 = DIRECTION('',(-1.,0.,0.));
#895 = ORIENTED_EDGE('',*,*,#896,.T.);
#896 = EDGE_CURVE('',#889,#871,#897,.T.);
#897 = LINE('',#898,#899);
#898 = CARTESIAN_POINT('',(226.715897,5.953822,0.));
#899 = VECTOR('',#900,1.);
#900 = DIRECTION('',(0.,1.,0.));
#901 = FACE_BOUND('',#902,.F.);
#902 = EDGE_LOOP('',(#903,#913,#921,#929));
#903 = ORIENTED_EDGE('',*,*,#904,.T.);
#904 = EDGE_CURVE('',#905,#907,#909,.T.);
#905 = VERTEX_POINT('',#906);
#906 = CARTESIAN_POINT('',(246.153061,20.068117,0.));
#907 = VERTEX_POINT('',#908);
#908 = CARTESIAN_POINT('',(260.264191,20.068117,0.));
#909 = LINE('',#910,#911);
#910 = CARTESIAN_POINT('',(246.153061,20.068117,0.));
#911 = VECTOR('',#912,1.);
#912 = DIRECTION('',(1.,0.,0.));
#913 = ORIENTED_EDGE('',*,*,#914,.T.);
#914 = EDGE_CURVE('',#907,#915,#917,.T.);
#915 = VERTEX_POINT('',#916);
#916 = CARTESIAN_POINT('',(260.264191,6.00758,0.));
#917 = LINE('',#918,#919);
#918 = CARTESIAN_POINT('',(260.264191,20.068117,0.));
#919 = VECTOR('',#920,1.);
#920 = DIRECTION('',(0.,-1.,0.));
#921 = ORIENTED_EDGE('',*,*,#922,.T.);
#922 = EDGE_CURVE('',#915,#923,#925,.T.);
#923 = VERTEX_POINT('',#924);
#924 = CARTESIAN_POINT('',(246.153061,6.00758,0.));
#925 = LINE('',#926,#927);
#926 = CARTESIAN_POINT('',(260.264191,6.00758,0.));
#927 = VECTOR('',#928,1.);
#928 = DIRECTION('',(-1.,0.,0.));
#929 = ORIENTED_EDGE('',*,*,#930,.T.);
#930 = EDGE_CURVE('',#923,#905,#931,.T.);
#931 = LINE('',#932,#933);
#932 = CARTESIAN_POINT('',(246.153061,6.00758,0.));
#933 = VECTOR('',#934,1.);
#934 = DIRECTION('',(0.,1.,0.));
#935 = FACE_BOUND('',#936,.F.);
#936 = EDGE_LOOP('',(#937,#947,#955,#963));
#937 = ORIENTED_EDGE('',*,*,#938,.T.);
#938 = EDGE_CURVE('',#939,#941,#943,.T.);
#939 = VERTEX_POINT('',#940);
#940 = CARTESIAN_POINT('',(265.261353,20.080431,0.));
#941 = VERTEX_POINT('',#942);
#942 = CARTESIAN_POINT('',(279.284332,20.080431,0.));
#943 = LINE('',#944,#945);
#944 = CARTESIAN_POINT('',(265.261353,20.080431,0.));
#945 = VECTOR('',#946,1.);
#946 = DIRECTION('',(1.,0.,0.));
#947 = ORIENTED_EDGE('',*,*,#948,.T.);
#948 = EDGE_CURVE('',#941,#949,#951,.T.);
#949 = VERTEX_POINT('',#950);
#950 = CARTESIAN_POINT('',(279.284332,5.995669,0.));
#951 = LINE('',#952,#953);
#952 = CARTESIAN_POINT('',(279.284332,20.080431,0.));
#953 = VECTOR('',#954,1.);
#954 = DIRECTION('',(0.,-1.,0.));
#955 = ORIENTED_EDGE('',*,*,#956,.T.);
#956 = EDGE_CURVE('',#949,#957,#959,.T.);
#957 = VERTEX_POINT('',#958);
#958 = CARTESIAN_POINT('',(265.261353,5.995669,0.));
#959 = LINE('',#960,#961);
#960 = CARTESIAN_POINT('',(279.284332,5.995669,0.));
#961 = VECTOR('',#962,1.);
#962 = DIRECTION('',(-1.,0.,0.));
#963 = ORIENTED_EDGE('',*,*,#964,.T.);
#964 = EDGE_CURVE('',#957,#939,#965,.T.);
#965 = LINE('',#966,#967);
#966 = CARTESIAN_POINT('',(265.261353,5.995669,0.));
#967 = VECTOR('',#968,1.);
#968 = DIRECTION('',(0.,1.,0.));
#969 = FACE_BOUND('',#970,.F.);
#970 = EDGE_LOOP('',(#971,#981,#989,#997));
#971 = ORIENTED_EDGE('',*,*,#972,.T.);
#972 = EDGE_CURVE('',#973,#975,#977,.T.);
#973 = VERTEX_POINT('',#974);
#974 = CARTESIAN_POINT('',(284.111023,20.088682,0.));
#975 = VERTEX_POINT('',#976);
#976 = CARTESIAN_POINT('',(298.190155,20.088682,0.));
#977 = LINE('',#978,#979);
#978 = CARTESIAN_POINT('',(284.111023,20.088682,0.));
#979 = VECTOR('',#980,1.);
#980 = DIRECTION('',(1.,0.,0.));
#981 = ORIENTED_EDGE('',*,*,#982,.T.);
#982 = EDGE_CURVE('',#975,#983,#985,.T.);
#983 = VERTEX_POINT('',#984);
#984 = CARTESIAN_POINT('',(298.190155,6.050962,0.));
#985 = LINE('',#986,#987);
#986 = CARTESIAN_POINT('',(298.190155,20.088682,0.));
#987 = VECTOR('',#988,1.);
#988 = DIRECTION('',(0.,-1.,0.));
#989 = ORIENTED_EDGE('',*,*,#990,.T.);
#990 = EDGE_CURVE('',#983,#991,#993,.T.);
#991 = VERTEX_POINT('',#992);
#992 = CARTESIAN_POINT('',(284.111023,6.050962,0.));
#993 = LINE('',#994,#995);
#994 = CARTESIAN_POINT('',(298.190155,6.050962,0.));
#995 = VECTOR('',#996,1.);
#996 = DIRECTION('',(-1.,0.,0.));
#997 = ORIENTED_EDGE('',*,*,#998,.T.);
#998 = EDGE_CURVE('',#991,#973,#999,.T.);
#999 = LINE('',#1000,#1001);
#1000 = CARTESIAN_POINT('',(284.111023,6.050962,0.));
#1001 = VECTOR('',#1002,1.);
#1002 = DIRECTION('',(0.,1.,0.));
#1003 = FACE_BOUND('',#1004,.F.);
#1004 = EDGE_LOOP('',(#1005,#1015,#1023,#1031));
#1005 = ORIENTED_EDGE('',*,*,#1006,.T.);
#1006 = EDGE_CURVE('',#1007,#1009,#1011,.T.);
#1007 = VERTEX_POINT('',#1008);
#1008 = CARTESIAN_POINT('',(158.923035,39.104065,0.));
#1009 = VERTEX_POINT('',#1010);
#1010 = CARTESIAN_POINT('',(172.970444,39.104065,0.));
#1011 = LINE('',#1012,#1013);
#1012 = CARTESIAN_POINT('',(158.923035,39.104065,0.));
#1013 = VECTOR('',#1014,1.);
#1014 = DIRECTION('',(1.,0.,0.));
#1015 = ORIENTED_EDGE('',*,*,#1016,.T.);
#1016 = EDGE_CURVE('',#1009,#1017,#1019,.T.);
#1017 = VERTEX_POINT('',#1018);
#1018 = CARTESIAN_POINT('',(172.970444,25.015224,0.));
#1019 = LINE('',#1020,#1021);
#1020 = CARTESIAN_POINT('',(172.970444,39.104065,0.));
#1021 = VECTOR('',#1022,1.);
#1022 = DIRECTION('',(0.,-1.,0.));
#1023 = ORIENTED_EDGE('',*,*,#1024,.T.);
#1024 = EDGE_CURVE('',#1017,#1025,#1027,.T.);
#1025 = VERTEX_POINT('',#1026);
#1026 = CARTESIAN_POINT('',(158.923035,25.015224,0.));
#1027 = LINE('',#1028,#1029);
#1028 = CARTESIAN_POINT('',(172.970444,25.015224,0.));
#1029 = VECTOR('',#1030,1.);
#1030 = DIRECTION('',(-1.,0.,0.));
#1031 = ORIENTED_EDGE('',*,*,#1032,.T.);
#1032 = EDGE_CURVE('',#1025,#1007,#1033,.T.);
#1033 = LINE('',#1034,#1035);
#1034 = CARTESIAN_POINT('',(158.923035,25.015224,0.));
#1035 = VECTOR('',#1036,1.);
#1036 = DIRECTION('',(0.,1.,0.));
#1037 = FACE_BOUND('',#1038,.F.);
#1038 = EDGE_LOOP('',(#1039,#1049,#1057,#1065));
#1039 = ORIENTED_EDGE('',*,*,#1040,.T.);
#1040 = EDGE_CURVE('',#1041,#1043,#1045,.T.);
#1041 = VERTEX_POINT('',#1042);
#1042 = CARTESIAN_POINT('',(177.774673,39.12664,0.));
#1043 = VERTEX_POINT('',#1044);
#1044 = CARTESIAN_POINT('',(191.838501,39.12664,0.));
#1045 = LINE('',#1046,#1047);
#1046 = CARTESIAN_POINT('',(177.774673,39.12664,0.));
#1047 = VECTOR('',#1048,1.);
#1048 = DIRECTION('',(1.,0.,0.));
#1049 = ORIENTED_EDGE('',*,*,#1050,.T.);
#1050 = EDGE_CURVE('',#1043,#1051,#1053,.T.);
#1051 = VERTEX_POINT('',#1052);
#1052 = CARTESIAN_POINT('',(191.838501,25.138704,0.));
#1053 = LINE('',#1054,#1055);
#1054 = CARTESIAN_POINT('',(191.838501,39.12664,0.));
#1055 = VECTOR('',#1056,1.);
#1056 = DIRECTION('',(0.,-1.,0.));
#1057 = ORIENTED_EDGE('',*,*,#1058,.T.);
#1058 = EDGE_CURVE('',#1051,#1059,#1061,.T.);
#1059 = VERTEX_POINT('',#1060);
#1060 = CARTESIAN_POINT('',(177.774673,25.138704,0.));
#1061 = LINE('',#1062,#1063);
#1062 = CARTESIAN_POINT('',(191.838501,25.138704,0.));
#1063 = VECTOR('',#1064,1.);
#1064 = DIRECTION('',(-1.,0.,0.));
#1065 = ORIENTED_EDGE('',*,*,#1066,.T.);
#1066 = EDGE_CURVE('',#1059,#1041,#1067,.T.);
#1067 = LINE('',#1068,#1069);
#1068 = CARTESIAN_POINT('',(177.774673,25.138704,0.));
#1069 = VECTOR('',#1070,1.);
#1070 = DIRECTION('',(0.,1.,0.));
#1071 = FACE_BOUND('',#1072,.F.);
#1072 = EDGE_LOOP('',(#1073,#1083,#1091,#1099));
#1073 = ORIENTED_EDGE('',*,*,#1074,.T.);
#1074 = EDGE_CURVE('',#1075,#1077,#1079,.T.);
#1075 = VERTEX_POINT('',#1076);
#1076 = CARTESIAN_POINT('',(196.71402,39.099403,0.));
#1077 = VERTEX_POINT('',#1078);
#1078 = CARTESIAN_POINT('',(210.769562,39.099403,0.));
#1079 = LINE('',#1080,#1081);
#1080 = CARTESIAN_POINT('',(196.71402,39.099403,0.));
#1081 = VECTOR('',#1082,1.);
#1082 = DIRECTION('',(1.,0.,0.));
#1083 = ORIENTED_EDGE('',*,*,#1084,.T.);
#1084 = EDGE_CURVE('',#1077,#1085,#1087,.T.);
#1085 = VERTEX_POINT('',#1086);
#1086 = CARTESIAN_POINT('',(210.769562,25.02832,0.));
#1087 = LINE('',#1088,#1089);
#1088 = CARTESIAN_POINT('',(210.769562,39.099403,0.));
#1089 = VECTOR('',#1090,1.);
#1090 = DIRECTION('',(0.,-1.,0.));
#1091 = ORIENTED_EDGE('',*,*,#1092,.T.);
#1092 = EDGE_CURVE('',#1085,#1093,#1095,.T.);
#1093 = VERTEX_POINT('',#1094);
#1094 = CARTESIAN_POINT('',(196.71402,25.02832,0.));
#1095 = LINE('',#1096,#1097);
#1096 = CARTESIAN_POINT('',(210.769562,25.02832,0.));
#1097 = VECTOR('',#1098,1.);
#1098 = DIRECTION('',(-1.,0.,0.));
#1099 = ORIENTED_EDGE('',*,*,#1100,.T.);
#1100 = EDGE_CURVE('',#1093,#1075,#1101,.T.);
#1101 = LINE('',#1102,#1103);
#1102 = CARTESIAN_POINT('',(196.71402,25.02832,0.));
#1103 = VECTOR('',#1104,1.);
#1104 = DIRECTION('',(0.,1.,0.));
#1105 = FACE_BOUND('',#1106,.F.);
#1106 = EDGE_LOOP('',(#1107,#1117,#1125,#1133));
#1107 = ORIENTED_EDGE('',*,*,#1108,.T.);
#1108 = EDGE_CURVE('',#1109,#1111,#1113,.T.);
#1109 = VERTEX_POINT('',#1110);
#1110 = CARTESIAN_POINT('',(215.640472,38.965725,0.));
#1111 = VERTEX_POINT('',#1112);
#1112 = CARTESIAN_POINT('',(229.740692,38.965725,0.));
#1113 = LINE('',#1114,#1115);
#1114 = CARTESIAN_POINT('',(215.640472,38.965725,0.));
#1115 = VECTOR('',#1116,1.);
#1116 = DIRECTION('',(1.,0.,0.));
#1117 = ORIENTED_EDGE('',*,*,#1118,.T.);
#1118 = EDGE_CURVE('',#1111,#1119,#1121,.T.);
#1119 = VERTEX_POINT('',#1120);
#1120 = CARTESIAN_POINT('',(229.740692,24.773357,0.));
#1121 = LINE('',#1122,#1123);
#1122 = CARTESIAN_POINT('',(229.740692,38.965725,0.));
#1123 = VECTOR('',#1124,1.);
#1124 = DIRECTION('',(0.,-1.,0.));
#1125 = ORIENTED_EDGE('',*,*,#1126,.T.);
#1126 = EDGE_CURVE('',#1119,#1127,#1129,.T.);
#1127 = VERTEX_POINT('',#1128);
#1128 = CARTESIAN_POINT('',(215.640472,24.773357,0.));
#1129 = LINE('',#1130,#1131);
#1130 = CARTESIAN_POINT('',(229.740692,24.773357,0.));
#1131 = VECTOR('',#1132,1.);
#1132 = DIRECTION('',(-1.,0.,0.));
#1133 = ORIENTED_EDGE('',*,*,#1134,.T.);
#1134 = EDGE_CURVE('',#1127,#1109,#1135,.T.);
#1135 = LINE('',#1136,#1137);
#1136 = CARTESIAN_POINT('',(215.640472,24.773357,0.));
#1137 = VECTOR('',#1138,1.);
#1138 = DIRECTION('',(0.,1.,0.));
#1139 = FACE_BOUND('',#1140,.F.);
#1140 = EDGE_LOOP('',(#1141,#1151,#1159,#1167));
#1141 = ORIENTED_EDGE('',*,*,#1142,.T.);
#1142 = EDGE_CURVE('',#1143,#1145,#1147,.T.);
#1143 = VERTEX_POINT('',#1144);
#1144 = CARTESIAN_POINT('',(154.082947,58.252357,0.));
#1145 = VERTEX_POINT('',#1146);
#1146 = CARTESIAN_POINT('',(168.078125,58.252357,0.));
#1147 = LINE('',#1148,#1149);
#1148 = CARTESIAN_POINT('',(154.082947,58.252357,0.));
#1149 = VECTOR('',#1150,1.);
#1150 = DIRECTION('',(1.,0.,0.));
#1151 = ORIENTED_EDGE('',*,*,#1152,.T.);
#1152 = EDGE_CURVE('',#1145,#1153,#1155,.T.);
#1153 = VERTEX_POINT('',#1154);
#1154 = CARTESIAN_POINT('',(168.078125,44.038712,0.));
#1155 = LINE('',#1156,#1157);
#1156 = CARTESIAN_POINT('',(168.078125,58.252357,0.));
#1157 = VECTOR('',#1158,1.);
#1158 = DIRECTION('',(0.,-1.,0.));
#1159 = ORIENTED_EDGE('',*,*,#1160,.T.);
#1160 = EDGE_CURVE('',#1153,#1161,#1163,.T.);
#1161 = VERTEX_POINT('',#1162);
#1162 = CARTESIAN_POINT('',(154.082947,44.038712,0.));
#1163 = LINE('',#1164,#1165);
#1164 = CARTESIAN_POINT('',(168.078125,44.038712,0.));
#1165 = VECTOR('',#1166,1.);
#1166 = DIRECTION('',(-1.,0.,0.));
#1167 = ORIENTED_EDGE('',*,*,#1168,.T.);
#1168 = EDGE_CURVE('',#1161,#1143,#1169,.T.);
#1169 = LINE('',#1170,#1171);
#1170 = CARTESIAN_POINT('',(154.082947,44.038712,0.));
#1171 = VECTOR('',#1172,1.);
#1172 = DIRECTION('',(0.,1.,0.));
#1173 = FACE_BOUND('',#1174,.F.);
#1174 = EDGE_LOOP('',(#1175,#1185,#1193,#1201));
#1175 = ORIENTED_EDGE('',*,*,#1176,.T.);
#1176 = EDGE_CURVE('',#1177,#1179,#1181,.T.);
#1177 = VERTEX_POINT('',#1178);
#1178 = CARTESIAN_POINT('',(172.953522,58.128384,0.));
#1179 = VERTEX_POINT('',#1180);
#1180 = CARTESIAN_POINT('',(186.948105,58.128384,0.));
#1181 = LINE('',#1182,#1183);
#1182 = CARTESIAN_POINT('',(172.953522,58.128384,0.));
#1183 = VECTOR('',#1184,1.);
#1184 = DIRECTION('',(1.,0.,0.));
#1185 = ORIENTED_EDGE('',*,*,#1186,.T.);
#1186 = EDGE_CURVE('',#1179,#1187,#1189,.T.);
#1187 = VERTEX_POINT('',#1188);
#1188 = CARTESIAN_POINT('',(186.948105,44.119499,0.));
#1189 = LINE('',#1190,#1191);
#1190 = CARTESIAN_POINT('',(186.948105,58.128384,0.));
#1191 = VECTOR('',#1192,1.);
#1192 = DIRECTION('',(0.,-1.,0.));
#1193 = ORIENTED_EDGE('',*,*,#1194,.T.);
#1194 = EDGE_CURVE('',#1187,#1195,#1197,.T.);
#1195 = VERTEX_POINT('',#1196);
#1196 = CARTESIAN_POINT('',(172.953522,44.119499,0.));
#1197 = LINE('',#1198,#1199);
#1198 = CARTESIAN_POINT('',(186.948105,44.119499,0.));
#1199 = VECTOR('',#1200,1.);
#1200 = DIRECTION('',(-1.,0.,0.));
#1201 = ORIENTED_EDGE('',*,*,#1202,.T.);
#1202 = EDGE_CURVE('',#1195,#1177,#1203,.T.);
#1203 = LINE('',#1204,#1205);
#1204 = CARTESIAN_POINT('',(172.953522,44.119499,0.));
#1205 = VECTOR('',#1206,1.);
#1206 = DIRECTION('',(0.,1.,0.));
#1207 = FACE_BOUND('',#1208,.F.);
#1208 = EDGE_LOOP('',(#1209,#1219,#1227,#1235));
#1209 = ORIENTED_EDGE('',*,*,#1210,.T.);
#1210 = EDGE_CURVE('',#1211,#1213,#1215,.T.);
#1211 = VERTEX_POINT('',#1212);
#1212 = CARTESIAN_POINT('',(191.873184,58.034641,0.));
#1213 = VERTEX_POINT('',#1214);
#1214 = CARTESIAN_POINT('',(205.83255,58.034641,0.));
#1215 = LINE('',#1216,#1217);
#1216 = CARTESIAN_POINT('',(191.873184,58.034641,0.));
#1217 = VECTOR('',#1218,1.);
#1218 = DIRECTION('',(1.,0.,0.));
#1219 = ORIENTED_EDGE('',*,*,#1220,.T.);
#1220 = EDGE_CURVE('',#1213,#1221,#1223,.T.);
#1221 = VERTEX_POINT('',#1222);
#1222 = CARTESIAN_POINT('',(205.83255,44.075291,0.));
#1223 = LINE('',#1224,#1225);
#1224 = CARTESIAN_POINT('',(205.83255,58.034641,0.));
#1225 = VECTOR('',#1226,1.);
#1226 = DIRECTION('',(0.,-1.,0.));
#1227 = ORIENTED_EDGE('',*,*,#1228,.T.);
#1228 = EDGE_CURVE('',#1221,#1229,#1231,.T.);
#1229 = VERTEX_POINT('',#1230);
#1230 = CARTESIAN_POINT('',(191.873184,44.075291,0.));
#1231 = LINE('',#1232,#1233);
#1232 = CARTESIAN_POINT('',(205.83255,44.075291,0.));
#1233 = VECTOR('',#1234,1.);
#1234 = DIRECTION('',(-1.,0.,0.));
#1235 = ORIENTED_EDGE('',*,*,#1236,.T.);
#1236 = EDGE_CURVE('',#1229,#1211,#1237,.T.);
#1237 = LINE('',#1238,#1239);
#1238 = CARTESIAN_POINT('',(191.873184,44.075291,0.));
#1239 = VECTOR('',#1240,1.);
#1240 = DIRECTION('',(0.,1.,0.));
#1241 = FACE_BOUND('',#1242,.F.);
#1242 = EDGE_LOOP('',(#1243,#1253,#1261,#1269));
#1243 = ORIENTED_EDGE('',*,*,#1244,.T.);
#1244 = EDGE_CURVE('',#1245,#1247,#1249,.T.);
#1245 = VERTEX_POINT('',#1246);
#1246 = CARTESIAN_POINT('',(210.786163,58.13707,0.));
#1247 = VERTEX_POINT('',#1248);
#1248 = CARTESIAN_POINT('',(224.895798,58.13707,0.));
#1249 = LINE('',#1250,#1251);
#1250 = CARTESIAN_POINT('',(210.786163,58.13707,0.));
#1251 = VECTOR('',#1252,1.);
#1252 = DIRECTION('',(1.,0.,0.));
#1253 = ORIENTED_EDGE('',*,*,#1254,.T.);
#1254 = EDGE_CURVE('',#1247,#1255,#1257,.T.);
#1255 = VERTEX_POINT('',#1256);
#1256 = CARTESIAN_POINT('',(224.895798,44.102898,0.));
#1257 = LINE('',#1258,#1259);
#1258 = CARTESIAN_POINT('',(224.895798,58.13707,0.));
#1259 = VECTOR('',#1260,1.);
#1260 = DIRECTION('',(0.,-1.,0.));
#1261 = ORIENTED_EDGE('',*,*,#1262,.T.);
#1262 = EDGE_CURVE('',#1255,#1263,#1265,.T.);
#1263 = VERTEX_POINT('',#1264);
#1264 = CARTESIAN_POINT('',(210.786163,44.102898,0.));
#1265 = LINE('',#1266,#1267);
#1266 = CARTESIAN_POINT('',(224.895798,44.102898,0.));
#1267 = VECTOR('',#1268,1.);
#1268 = DIRECTION('',(-1.,0.,0.));
#1269 = ORIENTED_EDGE('',*,*,#1270,.T.);
#1270 = EDGE_CURVE('',#1263,#1245,#1271,.T.);
#1271 = LINE('',#1272,#1273);
#1272 = CARTESIAN_POINT('',(210.786163,44.102898,0.));
#1273 = VECTOR('',#1274,1.);
#1274 = DIRECTION('',(0.,1.,0.));
#1275 = FACE_BOUND('',#1276,.F.);
#1276 = EDGE_LOOP('',(#1277,#1287,#1295,#1303));
#1277 = ORIENTED_EDGE('',*,*,#1278,.T.);
#1278 = EDGE_CURVE('',#1279,#1281,#1283,.T.);
#1279 = VERTEX_POINT('',#1280);
#1280 = CARTESIAN_POINT('',(239.347504,39.166824,0.));
#1281 = VERTEX_POINT('',#1282);
#1282 = CARTESIAN_POINT('',(253.521606,39.166824,0.));
#1283 = LINE('',#1284,#1285);
#1284 = CARTESIAN_POINT('',(239.347504,39.166824,0.));
#1285 = VECTOR('',#1286,1.);
#1286 = DIRECTION('',(1.,0.,0.));
#1287 = ORIENTED_EDGE('',*,*,#1288,.T.);
#1288 = EDGE_CURVE('',#1281,#1289,#1291,.T.);
#1289 = VERTEX_POINT('',#1290);
#1290 = CARTESIAN_POINT('',(253.521606,25.188343,0.));
#1291 = LINE('',#1292,#1293);
#1292 = CARTESIAN_POINT('',(253.521606,39.166824,0.));
#1293 = VECTOR('',#1294,1.);
#1294 = DIRECTION('',(0.,-1.,0.));
#1295 = ORIENTED_EDGE('',*,*,#1296,.T.);
#1296 = EDGE_CURVE('',#1289,#1297,#1299,.T.);
#1297 = VERTEX_POINT('',#1298);
#1298 = CARTESIAN_POINT('',(239.347504,25.188343,0.));
#1299 = LINE('',#1300,#1301);
#1300 = CARTESIAN_POINT('',(253.521606,25.188343,0.));
#1301 = VECTOR('',#1302,1.);
#1302 = DIRECTION('',(-1.,0.,0.));
#1303 = ORIENTED_EDGE('',*,*,#1304,.T.);
#1304 = EDGE_CURVE('',#1297,#1279,#1305,.T.);
#1305 = LINE('',#1306,#1307);
#1306 = CARTESIAN_POINT('',(239.347504,25.188343,0.));
#1307 = VECTOR('',#1308,1.);
#1308 = DIRECTION('',(0.,1.,0.));
#1309 = FACE_BOUND('',#1310,.F.);
#1310 = EDGE_LOOP('',(#1311,#1321,#1329,#1337));
#1311 = ORIENTED_EDGE('',*,*,#1312,.T.);
#1312 = EDGE_CURVE('',#1313,#1315,#1317,.T.);
#1313 = VERTEX_POINT('',#1314);
#1314 = CARTESIAN_POINT('',(265.314789,39.066174,0.));
#1315 = VERTEX_POINT('',#1316);
#1316 = CARTESIAN_POINT('',(279.507111,39.066174,0.));
#1317 = LINE('',#1318,#1319);
#1318 = CARTESIAN_POINT('',(265.314789,39.066174,0.));
#1319 = VECTOR('',#1320,1.);
#1320 = DIRECTION('',(1.,0.,0.));
#1321 = ORIENTED_EDGE('',*,*,#1322,.T.);
#1322 = EDGE_CURVE('',#1315,#1323,#1325,.T.);
#1323 = VERTEX_POINT('',#1324);
#1324 = CARTESIAN_POINT('',(279.507111,25.242496,0.));
#1325 = LINE('',#1326,#1327);
#1326 = CARTESIAN_POINT('',(279.507111,39.066174,0.));
#1327 = VECTOR('',#1328,1.);
#1328 = DIRECTION('',(0.,-1.,0.));
#1329 = ORIENTED_EDGE('',*,*,#1330,.T.);
#1330 = EDGE_CURVE('',#1323,#1331,#1333,.T.);
#1331 = VERTEX_POINT('',#1332);
#1332 = CARTESIAN_POINT('',(265.314789,25.242496,0.));
#1333 = LINE('',#1334,#1335);
#1334 = CARTESIAN_POINT('',(279.507111,25.242496,0.));
#1335 = VECTOR('',#1336,1.);
#1336 = DIRECTION('',(-1.,0.,0.));
#1337 = ORIENTED_EDGE('',*,*,#1338,.T.);
#1338 = EDGE_CURVE('',#1331,#1313,#1339,.T.);
#1339 = LINE('',#1340,#1341);
#1340 = CARTESIAN_POINT('',(265.314789,25.242496,0.));
#1341 = VECTOR('',#1342,1.);
#1342 = DIRECTION('',(0.,1.,0.));
#1343 = FACE_BOUND('',#1344,.F.);
#1344 = EDGE_LOOP('',(#1345,#1355,#1363,#1371));
#1345 = ORIENTED_EDGE('',*,*,#1346,.T.);
#1346 = EDGE_CURVE('',#1347,#1349,#1351,.T.);
#1347 = VERTEX_POINT('',#1348);
#1348 = CARTESIAN_POINT('',(229.800217,58.094742,0.));
#1349 = VERTEX_POINT('',#1350);
#1350 = CARTESIAN_POINT('',(243.806763,58.094742,0.));
#1351 = LINE('',#1352,#1353);
#1352 = CARTESIAN_POINT('',(229.800217,58.094742,0.));
#1353 = VECTOR('',#1354,1.);
#1354 = DIRECTION('',(1.,0.,0.));
#1355 = ORIENTED_EDGE('',*,*,#1356,.T.);
#1356 = EDGE_CURVE('',#1349,#1357,#1359,.T.);
#1357 = VERTEX_POINT('',#1358);
#1358 = CARTESIAN_POINT('',(243.806763,44.10289,0.));
#1359 = LINE('',#1360,#1361);
#1360 = CARTESIAN_POINT('',(243.806763,58.094742,0.));
#1361 = VECTOR('',#1362,1.);
#1362 = DIRECTION('',(0.,-1.,0.));
#1363 = ORIENTED_EDGE('',*,*,#1364,.T.);
#1364 = EDGE_CURVE('',#1357,#1365,#1367,.T.);
#1365 = VERTEX_POINT('',#1366);
#1366 = CARTESIAN_POINT('',(229.800217,44.10289,0.));
#1367 = LINE('',#1368,#1369);
#1368 = CARTESIAN_POINT('',(243.806763,44.10289,0.));
#1369 = VECTOR('',#1370,1.);
#1370 = DIRECTION('',(-1.,0.,0.));
#1371 = ORIENTED_EDGE('',*,*,#1372,.T.);
#1372 = EDGE_CURVE('',#1365,#1347,#1373,.T.);
#1373 = LINE('',#1374,#1375);
#1374 = CARTESIAN_POINT('',(229.800217,44.10289,0.));
#1375 = VECTOR('',#1376,1.);
#1376 = DIRECTION('',(0.,1.,0.));
#1377 = FACE_BOUND('',#1378,.F.);
#1378 = EDGE_LOOP('',(#1379,#1389,#1397,#1405));
#1379 = ORIENTED_EDGE('',*,*,#1380,.T.);
#1380 = EDGE_CURVE('',#1381,#1383,#1385,.T.);
#1381 = VERTEX_POINT('',#1382);
#1382 = CARTESIAN_POINT('',(253.553192,58.055431,0.));
#1383 = VERTEX_POINT('',#1384);
#1384 = CARTESIAN_POINT('',(267.874603,58.055431,0.));
#1385 = LINE('',#1386,#1387);
#1386 = CARTESIAN_POINT('',(253.553192,58.055431,0.));
#1387 = VECTOR('',#1388,1.);
#1388 = DIRECTION('',(1.,0.,0.));
#1389 = ORIENTED_EDGE('',*,*,#1390,.T.);
#1390 = EDGE_CURVE('',#1383,#1391,#1393,.T.);
#1391 = VERTEX_POINT('',#1392);
#1392 = CARTESIAN_POINT('',(267.874603,43.976906,0.));
#1393 = LINE('',#1394,#1395);
#1394 = CARTESIAN_POINT('',(267.874603,58.055431,0.));
#1395 = VECTOR('',#1396,1.);
#1396 = DIRECTION('',(0.,-1.,0.));
#1397 = ORIENTED_EDGE('',*,*,#1398,.T.);
#1398 = EDGE_CURVE('',#1391,#1399,#1401,.T.);
#1399 = VERTEX_POINT('',#1400);
#1400 = CARTESIAN_POINT('',(253.553192,43.976906,0.));
#1401 = LINE('',#1402,#1403);
#1402 = CARTESIAN_POINT('',(267.874603,43.976906,0.));
#1403 = VECTOR('',#1404,1.);
#1404 = DIRECTION('',(-1.,0.,0.));
#1405 = ORIENTED_EDGE('',*,*,#1406,.T.);
#1406 = EDGE_CURVE('',#1399,#1381,#1407,.T.);
#1407 = LINE('',#1408,#1409);
#1408 = CARTESIAN_POINT('',(253.553192,43.976906,0.));
#1409 = VECTOR('',#1410,1.);
#1410 = DIRECTION('',(0.,1.,0.));
#1411 = FACE_BOUND('',#1412,.F.);
#1412 = EDGE_LOOP('',(#1413,#1423,#1431,#1439));
#1413 = ORIENTED_EDGE('',*,*,#1414,.T.);
#1414 = EDGE_CURVE('',#1415,#1417,#1419,.T.);
#1415 = VERTEX_POINT('',#1416);
#1416 = CARTESIAN_POINT('',(281.698273,55.659321,0.));
#1417 = VERTEX_POINT('',#1418);
#1418 = CARTESIAN_POINT('',(295.982758,55.659321,0.));
#1419 = LINE('',#1420,#1421);
#1420 = CARTESIAN_POINT('',(281.698273,55.659321,0.));
#1421 = VECTOR('',#1422,1.);
#1422 = DIRECTION('',(1.,0.,0.));
#1423 = ORIENTED_EDGE('',*,*,#1424,.T.);
#1424 = EDGE_CURVE('',#1417,#1425,#1427,.T.);
#1425 = VERTEX_POINT('',#1426);
#1426 = CARTESIAN_POINT('',(295.982758,41.559174,0.));
#1427 = LINE('',#1428,#1429);
#1428 = CARTESIAN_POINT('',(295.982758,55.659321,0.));
#1429 = VECTOR('',#1430,1.);
#1430 = DIRECTION('',(0.,-1.,0.));
#1431 = ORIENTED_EDGE('',*,*,#1432,.T.);
#1432 = EDGE_CURVE('',#1425,#1433,#1435,.T.);
#1433 = VERTEX_POINT('',#1434);
#1434 = CARTESIAN_POINT('',(281.698273,41.559174,0.));
#1435 = LINE('',#1436,#1437);
#1436 = CARTESIAN_POINT('',(295.982758,41.559174,0.));
#1437 = VECTOR('',#1438,1.);
#1438 = DIRECTION('',(-1.,0.,0.));
#1439 = ORIENTED_EDGE('',*,*,#1440,.T.);
#1440 = EDGE_CURVE('',#1433,#1415,#1441,.T.);
#1441 = LINE('',#1442,#1443);
#1442 = CARTESIAN_POINT('',(281.698273,41.559174,0.));
#1443 = VECTOR('',#1444,1.);
#1444 = DIRECTION('',(0.,1.,0.));
#1445 = FACE_BOUND('',#1446,.F.);
#1446 = EDGE_LOOP('',(#1447,#1457,#1465,#1473));
#1447 = ORIENTED_EDGE('',*,*,#1448,.T.);
#1448 = EDGE_CURVE('',#1449,#1451,#1453,.T.);
#1449 = VERTEX_POINT('',#1450);
#1450 = CARTESIAN_POINT('',(10.578156,77.184532,0.));
#1451 = VERTEX_POINT('',#1452);
#1452 = CARTESIAN_POINT('',(24.601149,77.184532,0.));
#1453 = LINE('',#1454,#1455);
#1454 = CARTESIAN_POINT('',(10.578156,77.184532,0.));
#1455 = VECTOR('',#1456,1.);
#1456 = DIRECTION('',(1.,0.,0.));
#1457 = ORIENTED_EDGE('',*,*,#1458,.T.);
#1458 = EDGE_CURVE('',#1451,#1459,#1461,.T.);
#1459 = VERTEX_POINT('',#1460);
#1460 = CARTESIAN_POINT('',(24.601149,63.22332,0.));
#1461 = LINE('',#1462,#1463);
#1462 = CARTESIAN_POINT('',(24.601149,77.184532,0.));
#1463 = VECTOR('',#1464,1.);
#1464 = DIRECTION('',(0.,-1.,0.));
#1465 = ORIENTED_EDGE('',*,*,#1466,.T.);
#1466 = EDGE_CURVE('',#1459,#1467,#1469,.T.);
#1467 = VERTEX_POINT('',#1468);
#1468 = CARTESIAN_POINT('',(10.578156,63.22332,0.));
#1469 = LINE('',#1470,#1471);
#1470 = CARTESIAN_POINT('',(24.601149,63.22332,0.));
#1471 = VECTOR('',#1472,1.);
#1472 = DIRECTION('',(-1.,0.,0.));
#1473 = ORIENTED_EDGE('',*,*,#1474,.T.);
#1474 = EDGE_CURVE('',#1467,#1449,#1475,.T.);
#1475 = LINE('',#1476,#1477);
#1476 = CARTESIAN_POINT('',(10.578156,63.22332,0.));
#1477 = VECTOR('',#1478,1.);
#1478 = DIRECTION('',(0.,1.,0.));
#1479 = FACE_BOUND('',#1480,.F.);
#1480 = EDGE_LOOP('',(#1481,#1491,#1499,#1507));
#1481 = ORIENTED_EDGE('',*,*,#1482,.T.);
#1482 = EDGE_CURVE('',#1483,#1485,#1487,.T.);
#1483 = VERTEX_POINT('',#1484);
#1484 = CARTESIAN_POINT('',(34.176315,77.308075,0.));
#1485 = VERTEX_POINT('',#1486);
#1486 = CARTESIAN_POINT('',(48.261086,77.308075,0.));
#1487 = LINE('',#1488,#1489);
#1488 = CARTESIAN_POINT('',(34.176315,77.308075,0.));
#1489 = VECTOR('',#1490,1.);
#1490 = DIRECTION('',(1.,0.,0.));
#1491 = ORIENTED_EDGE('',*,*,#1492,.T.);
#1492 = EDGE_CURVE('',#1485,#1493,#1495,.T.);
#1493 = VERTEX_POINT('',#1494);
#1494 = CARTESIAN_POINT('',(48.261086,63.223312,0.));
#1495 = LINE('',#1496,#1497);
#1496 = CARTESIAN_POINT('',(48.261086,77.308075,0.));
#1497 = VECTOR('',#1498,1.);
#1498 = DIRECTION('',(0.,-1.,0.));
#1499 = ORIENTED_EDGE('',*,*,#1500,.T.);
#1500 = EDGE_CURVE('',#1493,#1501,#1503,.T.);
#1501 = VERTEX_POINT('',#1502);
#1502 = CARTESIAN_POINT('',(34.176315,63.223312,0.));
#1503 = LINE('',#1504,#1505);
#1504 = CARTESIAN_POINT('',(48.261086,63.223312,0.));
#1505 = VECTOR('',#1506,1.);
#1506 = DIRECTION('',(-1.,0.,0.));
#1507 = ORIENTED_EDGE('',*,*,#1508,.T.);
#1508 = EDGE_CURVE('',#1501,#1483,#1509,.T.);
#1509 = LINE('',#1510,#1511);
#1510 = CARTESIAN_POINT('',(34.176315,63.223312,0.));
#1511 = VECTOR('',#1512,1.);
#1512 = DIRECTION('',(0.,1.,0.));
#1513 = FACE_BOUND('',#1514,.F.);
#1514 = EDGE_LOOP('',(#1515,#1525,#1533,#1541));
#1515 = ORIENTED_EDGE('',*,*,#1516,.T.);
#1516 = EDGE_CURVE('',#1517,#1519,#1521,.T.);
#1517 = VERTEX_POINT('',#1518);
#1518 = CARTESIAN_POINT('',(53.698143,77.179237,0.));
#1519 = VERTEX_POINT('',#1520);
#1520 = CARTESIAN_POINT('',(67.883217,77.179237,0.));
#1521 = LINE('',#1522,#1523);
#1522 = CARTESIAN_POINT('',(53.698143,77.179237,0.));
#1523 = VECTOR('',#1524,1.);
#1524 = DIRECTION('',(1.,0.,0.));
#1525 = ORIENTED_EDGE('',*,*,#1526,.T.);
#1526 = EDGE_CURVE('',#1519,#1527,#1529,.T.);
#1527 = VERTEX_POINT('',#1528);
#1528 = CARTESIAN_POINT('',(67.883217,63.220528,0.));
#1529 = LINE('',#1530,#1531);
#1530 = CARTESIAN_POINT('',(67.883217,77.179237,0.));
#1531 = VECTOR('',#1532,1.);
#1532 = DIRECTION('',(0.,-1.,0.));
#1533 = ORIENTED_EDGE('',*,*,#1534,.T.);
#1534 = EDGE_CURVE('',#1527,#1535,#1537,.T.);
#1535 = VERTEX_POINT('',#1536);
#1536 = CARTESIAN_POINT('',(53.698143,63.220528,0.));
#1537 = LINE('',#1538,#1539);
#1538 = CARTESIAN_POINT('',(67.883217,63.220528,0.));
#1539 = VECTOR('',#1540,1.);
#1540 = DIRECTION('',(-1.,0.,0.));
#1541 = ORIENTED_EDGE('',*,*,#1542,.T.);
#1542 = EDGE_CURVE('',#1535,#1517,#1543,.T.);
#1543 = LINE('',#1544,#1545);
#1544 = CARTESIAN_POINT('',(53.698143,63.220528,0.));
#1545 = VECTOR('',#1546,1.);
#1546 = DIRECTION('',(0.,1.,0.));
#1547 = FACE_BOUND('',#1548,.F.);
#1548 = EDGE_LOOP('',(#1549,#1559,#1567,#1575));
#1549 = ORIENTED_EDGE('',*,*,#1550,.T.);
#1550 = EDGE_CURVE('',#1551,#1553,#1555,.T.);
#1551 = VERTEX_POINT('',#1552);
#1552 = CARTESIAN_POINT('',(72.969887,77.18502,0.));
#1553 = VERTEX_POINT('',#1554);
#1554 = CARTESIAN_POINT('',(86.928612,77.18502,0.));
#1555 = LINE('',#1556,#1557);
#1556 = CARTESIAN_POINT('',(72.969887,77.18502,0.));
#1557 = VECTOR('',#1558,1.);
#1558 = DIRECTION('',(1.,0.,0.));
#1559 = ORIENTED_EDGE('',*,*,#1560,.T.);
#1560 = EDGE_CURVE('',#1553,#1561,#1563,.T.);
#1561 = VERTEX_POINT('',#1562);
#1562 = CARTESIAN_POINT('',(86.928612,63.15086,0.));
#1563 = LINE('',#1564,#1565);
#1564 = CARTESIAN_POINT('',(86.928612,77.18502,0.));
#1565 = VECTOR('',#1566,1.);
#1566 = DIRECTION('',(0.,-1.,0.));
#1567 = ORIENTED_EDGE('',*,*,#1568,.T.);
#1568 = EDGE_CURVE('',#1561,#1569,#1571,.T.);
#1569 = VERTEX_POINT('',#1570);
#1570 = CARTESIAN_POINT('',(72.969887,63.15086,0.));
#1571 = LINE('',#1572,#1573);
#1572 = CARTESIAN_POINT('',(86.928612,63.15086,0.));
#1573 = VECTOR('',#1574,1.);
#1574 = DIRECTION('',(-1.,0.,0.));
#1575 = ORIENTED_EDGE('',*,*,#1576,.T.);
#1576 = EDGE_CURVE('',#1569,#1551,#1577,.T.);
#1577 = LINE('',#1578,#1579);
#1578 = CARTESIAN_POINT('',(72.969887,63.15086,0.));
#1579 = VECTOR('',#1580,1.);
#1580 = DIRECTION('',(0.,1.,0.));
#1581 = FACE_BOUND('',#1582,.F.);
#1582 = EDGE_LOOP('',(#1583,#1593,#1601,#1609));
#1583 = ORIENTED_EDGE('',*,*,#1584,.T.);
#1584 = EDGE_CURVE('',#1585,#1587,#1589,.T.);
#1585 = VERTEX_POINT('',#1586);
#1586 = CARTESIAN_POINT('',(91.977104,77.140495,0.));
#1587 = VERTEX_POINT('',#1588);
#1588 = CARTESIAN_POINT('',(106.061874,77.140495,0.));
#1589 = LINE('',#1590,#1591);
#1590 = CARTESIAN_POINT('',(91.977104,77.140495,0.));
#1591 = VECTOR('',#1592,1.);
#1592 = DIRECTION('',(1.,0.,0.));
#1593 = ORIENTED_EDGE('',*,*,#1594,.T.);
#1594 = EDGE_CURVE('',#1587,#1595,#1597,.T.);
#1595 = VERTEX_POINT('',#1596);
#1596 = CARTESIAN_POINT('',(106.061874,63.179283,0.));
#1597 = LINE('',#1598,#1599);
#1598 = CARTESIAN_POINT('',(106.061874,77.140495,0.));
#1599 = VECTOR('',#1600,1.);
#1600 = DIRECTION('',(0.,-1.,0.));
#1601 = ORIENTED_EDGE('',*,*,#1602,.T.);
#1602 = EDGE_CURVE('',#1595,#1603,#1605,.T.);
#1603 = VERTEX_POINT('',#1604);
#1604 = CARTESIAN_POINT('',(91.977104,63.179283,0.));
#1605 = LINE('',#1606,#1607);
#1606 = CARTESIAN_POINT('',(106.061874,63.179283,0.));
#1607 = VECTOR('',#1608,1.);
#1608 = DIRECTION('',(-1.,0.,0.));
#1609 = ORIENTED_EDGE('',*,*,#1610,.T.);
#1610 = EDGE_CURVE('',#1603,#1585,#1611,.T.);
#1611 = LINE('',#1612,#1613);
#1612 = CARTESIAN_POINT('',(91.977104,63.179283,0.));
#1613 = VECTOR('',#1614,1.);
#1614 = DIRECTION('',(0.,1.,0.));
#1615 = FACE_BOUND('',#1616,.F.);
#1616 = EDGE_LOOP('',(#1617,#1627,#1635,#1643));
#1617 = ORIENTED_EDGE('',*,*,#1618,.T.);
#1618 = EDGE_CURVE('',#1619,#1621,#1623,.T.);
#1619 = VERTEX_POINT('',#1620);
#1620 = CARTESIAN_POINT('',(111.274422,77.052162,0.));
#1621 = VERTEX_POINT('',#1622);
#1622 = CARTESIAN_POINT('',(125.235641,77.052162,0.));
#1623 = LINE('',#1624,#1625);
#1624 = CARTESIAN_POINT('',(111.274422,77.052162,0.));
#1625 = VECTOR('',#1626,1.);
#1626 = DIRECTION('',(1.,0.,0.));
#1627 = ORIENTED_EDGE('',*,*,#1628,.T.);
#1628 = EDGE_CURVE('',#1621,#1629,#1631,.T.);
#1629 = VERTEX_POINT('',#1630);
#1630 = CARTESIAN_POINT('',(125.235641,63.152721,0.));
#1631 = LINE('',#1632,#1633);
#1632 = CARTESIAN_POINT('',(125.235641,77.052162,0.));
#1633 = VECTOR('',#1634,1.);
#1634 = DIRECTION('',(0.,-1.,0.));
#1635 = ORIENTED_EDGE('',*,*,#1636,.T.);
#1636 = EDGE_CURVE('',#1629,#1637,#1639,.T.);
#1637 = VERTEX_POINT('',#1638);
#1638 = CARTESIAN_POINT('',(111.274422,63.152721,0.));
#1639 = LINE('',#1640,#1641);
#1640 = CARTESIAN_POINT('',(125.235641,63.152721,0.));
#1641 = VECTOR('',#1642,1.);
#1642 = DIRECTION('',(-1.,0.,0.));
#1643 = ORIENTED_EDGE('',*,*,#1644,.T.);
#1644 = EDGE_CURVE('',#1637,#1619,#1645,.T.);
#1645 = LINE('',#1646,#1647);
#1646 = CARTESIAN_POINT('',(111.274422,63.152721,0.));
#1647 = VECTOR('',#1648,1.);
#1648 = DIRECTION('',(0.,1.,0.));
#1649 = FACE_BOUND('',#1650,.F.);
#1650 = EDGE_LOOP('',(#1651,#1661,#1669,#1677));
#1651 = ORIENTED_EDGE('',*,*,#1652,.T.);
#1652 = EDGE_CURVE('',#1653,#1655,#1657,.T.);
#1653 = VERTEX_POINT('',#1654);
#1654 = CARTESIAN_POINT('',(130.239441,77.23748,0.));
#1655 = VERTEX_POINT('',#1656);
#1656 = CARTESIAN_POINT('',(144.447754,77.23748,0.));
#1657 = LINE('',#1658,#1659);
#1658 = CARTESIAN_POINT('',(130.239441,77.23748,0.));
#1659 = VECTOR('',#1660,1.);
#1660 = DIRECTION('',(1.,0.,0.));
#1661 = ORIENTED_EDGE('',*,*,#1662,.T.);
#1662 = EDGE_CURVE('',#1655,#1663,#1665,.T.);
#1663 = VERTEX_POINT('',#1664);
#1664 = CARTESIAN_POINT('',(144.447754,63.214493,0.));
#1665 = LINE('',#1666,#1667);
#1666 = CARTESIAN_POINT('',(144.447754,77.23748,0.));
#1667 = VECTOR('',#1668,1.);
#1668 = DIRECTION('',(0.,-1.,0.));
#1669 = ORIENTED_EDGE('',*,*,#1670,.T.);
#1670 = EDGE_CURVE('',#1663,#1671,#1673,.T.);
#1671 = VERTEX_POINT('',#1672);
#1672 = CARTESIAN_POINT('',(130.239441,63.214493,0.));
#1673 = LINE('',#1674,#1675);
#1674 = CARTESIAN_POINT('',(144.447754,63.214493,0.));
#1675 = VECTOR('',#1676,1.);
#1676 = DIRECTION('',(-1.,0.,0.));
#1677 = ORIENTED_EDGE('',*,*,#1678,.T.);
#1678 = EDGE_CURVE('',#1671,#1653,#1679,.T.);
#1679 = LINE('',#1680,#1681);
#1680 = CARTESIAN_POINT('',(130.239441,63.214493,0.));
#1681 = VECTOR('',#1682,1.);
#1682 = DIRECTION('',(0.,1.,0.));
#1683 = FACE_BOUND('',#1684,.F.);
#1684 = EDGE_LOOP('',(#1685,#1695,#1703,#1711));
#1685 = ORIENTED_EDGE('',*,*,#1686,.T.);
#1686 = EDGE_CURVE('',#1687,#1689,#1691,.T.);
#1687 = VERTEX_POINT('',#1688);
#1688 = CARTESIAN_POINT('',(5.965772,96.749092,0.));
#1689 = VERTEX_POINT('',#1690);
#1690 = CARTESIAN_POINT('',(20.190042,96.749092,0.));
#1691 = LINE('',#1692,#1693);
#1692 = CARTESIAN_POINT('',(5.965772,96.749092,0.));
#1693 = VECTOR('',#1694,1.);
#1694 = DIRECTION('',(1.,0.,0.));
#1695 = ORIENTED_EDGE('',*,*,#1696,.T.);
#1696 = EDGE_CURVE('',#1689,#1697,#1699,.T.);
#1697 = VERTEX_POINT('',#1698);
#1698 = CARTESIAN_POINT('',(20.190042,82.700844,0.));
#1699 = LINE('',#1700,#1701);
#1700 = CARTESIAN_POINT('',(20.190042,96.749092,0.));
#1701 = VECTOR('',#1702,1.);
#1702 = DIRECTION('',(0.,-1.,0.));
#1703 = ORIENTED_EDGE('',*,*,#1704,.T.);
#1704 = EDGE_CURVE('',#1697,#1705,#1707,.T.);
#1705 = VERTEX_POINT('',#1706);
#1706 = CARTESIAN_POINT('',(5.965772,82.700844,0.));
#1707 = LINE('',#1708,#1709);
#1708 = CARTESIAN_POINT('',(20.190042,82.700844,0.));
#1709 = VECTOR('',#1710,1.);
#1710 = DIRECTION('',(-1.,0.,0.));
#1711 = ORIENTED_EDGE('',*,*,#1712,.T.);
#1712 = EDGE_CURVE('',#1705,#1687,#1713,.T.);
#1713 = LINE('',#1714,#1715);
#1714 = CARTESIAN_POINT('',(5.965772,82.700844,0.));
#1715 = VECTOR('',#1716,1.);
#1716 = DIRECTION('',(0.,1.,0.));
#1717 = FACE_BOUND('',#1718,.F.);
#1718 = EDGE_LOOP('',(#1719,#1729,#1737,#1745));
#1719 = ORIENTED_EDGE('',*,*,#1720,.T.);
#1720 = EDGE_CURVE('',#1721,#1723,#1725,.T.);
#1721 = VERTEX_POINT('',#1722);
#1722 = CARTESIAN_POINT('',(24.717196,96.749084,0.));
#1723 = VERTEX_POINT('',#1724);
#1724 = CARTESIAN_POINT('',(38.977734,96.749084,0.));
#1725 = LINE('',#1726,#1727);
#1726 = CARTESIAN_POINT('',(24.717196,96.749084,0.));
#1727 = VECTOR('',#1728,1.);
#1728 = DIRECTION('',(1.,0.,0.));
#1729 = ORIENTED_EDGE('',*,*,#1730,.T.);
#1730 = EDGE_CURVE('',#1723,#1731,#1733,.T.);
#1731 = VERTEX_POINT('',#1732);
#1732 = CARTESIAN_POINT('',(38.977734,82.488556,0.));
#1733 = LINE('',#1734,#1735);
#1734 = CARTESIAN_POINT('',(38.977734,96.749084,0.));
#1735 = VECTOR('',#1736,1.);
#1736 = DIRECTION('',(0.,-1.,0.));
#1737 = ORIENTED_EDGE('',*,*,#1738,.T.);
#1738 = EDGE_CURVE('',#1731,#1739,#1741,.T.);
#1739 = VERTEX_POINT('',#1740);
#1740 = CARTESIAN_POINT('',(24.717196,82.488556,0.));
#1741 = LINE('',#1742,#1743);
#1742 = CARTESIAN_POINT('',(38.977734,82.488556,0.));
#1743 = VECTOR('',#1744,1.);
#1744 = DIRECTION('',(-1.,0.,0.));
#1745 = ORIENTED_EDGE('',*,*,#1746,.T.);
#1746 = EDGE_CURVE('',#1739,#1721,#1747,.T.);
#1747 = LINE('',#1748,#1749);
#1748 = CARTESIAN_POINT('',(24.717196,82.488556,0.));
#1749 = VECTOR('',#1750,1.);
#1750 = DIRECTION('',(0.,1.,0.));
#1751 = FACE_BOUND('',#1752,.F.);
#1752 = EDGE_LOOP('',(#1753,#1763,#1771,#1779));
#1753 = ORIENTED_EDGE('',*,*,#1754,.T.);
#1754 = EDGE_CURVE('',#1755,#1757,#1759,.T.);
#1755 = VERTEX_POINT('',#1756);
#1756 = CARTESIAN_POINT('',(43.74028,96.578804,0.));
#1757 = VERTEX_POINT('',#1758);
#1758 = CARTESIAN_POINT('',(57.849911,96.578804,0.));
#1759 = LINE('',#1760,#1761);
#1760 = CARTESIAN_POINT('',(43.74028,96.578804,0.));
#1761 = VECTOR('',#1762,1.);
#1762 = DIRECTION('',(1.,0.,0.));
#1763 = ORIENTED_EDGE('',*,*,#1764,.T.);
#1764 = EDGE_CURVE('',#1757,#1765,#1767,.T.);
#1765 = VERTEX_POINT('',#1766);
#1766 = CARTESIAN_POINT('',(57.849911,82.393723,0.));
#1767 = LINE('',#1768,#1769);
#1768 = CARTESIAN_POINT('',(57.849911,96.578804,0.));
#1769 = VECTOR('',#1770,1.);
#1770 = DIRECTION('',(0.,-1.,0.));
#1771 = ORIENTED_EDGE('',*,*,#1772,.T.);
#1772 = EDGE_CURVE('',#1765,#1773,#1775,.T.);
#1773 = VERTEX_POINT('',#1774);
#1774 = CARTESIAN_POINT('',(43.74028,82.393723,0.));
#1775 = LINE('',#1776,#1777);
#1776 = CARTESIAN_POINT('',(57.849911,82.393723,0.));
#1777 = VECTOR('',#1778,1.);
#1778 = DIRECTION('',(-1.,0.,0.));
#1779 = ORIENTED_EDGE('',*,*,#1780,.T.);
#1780 = EDGE_CURVE('',#1773,#1755,#1781,.T.);
#1781 = LINE('',#1782,#1783);
#1782 = CARTESIAN_POINT('',(43.74028,82.393723,0.));
#1783 = VECTOR('',#1784,1.);
#1784 = DIRECTION('',(0.,1.,0.));
#1785 = FACE_BOUND('',#1786,.F.);
#1786 = EDGE_LOOP('',(#1787,#1797,#1805,#1813));
#1787 = ORIENTED_EDGE('',*,*,#1788,.T.);
#1788 = EDGE_CURVE('',#1789,#1791,#1793,.T.);
#1789 = VERTEX_POINT('',#1790);
#1790 = CARTESIAN_POINT('',(62.989738,96.652122,0.));
#1791 = VERTEX_POINT('',#1792);
#1792 = CARTESIAN_POINT('',(77.366386,96.652122,0.));
#1793 = LINE('',#1794,#1795);
#1794 = CARTESIAN_POINT('',(62.989738,96.652122,0.));
#1795 = VECTOR('',#1796,1.);
#1796 = DIRECTION('',(1.,0.,0.));
#1797 = ORIENTED_EDGE('',*,*,#1798,.T.);
#1798 = EDGE_CURVE('',#1791,#1799,#1801,.T.);
#1799 = VERTEX_POINT('',#1800);
#1800 = CARTESIAN_POINT('',(77.366386,82.459801,0.));
#1801 = LINE('',#1802,#1803);
#1802 = CARTESIAN_POINT('',(77.366386,96.652122,0.));
#1803 = VECTOR('',#1804,1.);
#1804 = DIRECTION('',(0.,-1.,0.));
#1805 = ORIENTED_EDGE('',*,*,#1806,.T.);
#1806 = EDGE_CURVE('',#1799,#1807,#1809,.T.);
#1807 = VERTEX_POINT('',#1808);
#1808 = CARTESIAN_POINT('',(62.989738,82.459801,0.));
#1809 = LINE('',#1810,#1811);
#1810 = CARTESIAN_POINT('',(77.366386,82.459801,0.));
#1811 = VECTOR('',#1812,1.);
#1812 = DIRECTION('',(-1.,0.,0.));
#1813 = ORIENTED_EDGE('',*,*,#1814,.T.);
#1814 = EDGE_CURVE('',#1807,#1789,#1815,.T.);
#1815 = LINE('',#1816,#1817);
#1816 = CARTESIAN_POINT('',(62.989738,82.459801,0.));
#1817 = VECTOR('',#1818,1.);
#1818 = DIRECTION('',(0.,1.,0.));
#1819 = FACE_BOUND('',#1820,.F.);
#1820 = EDGE_LOOP('',(#1821,#1831,#1839,#1847));
#1821 = ORIENTED_EDGE('',*,*,#1822,.T.);
#1822 = EDGE_CURVE('',#1823,#1825,#1827,.T.);
#1823 = VERTEX_POINT('',#1824);
#1824 = CARTESIAN_POINT('',(82.527229,96.559959,0.));
#1825 = VERTEX_POINT('',#1826);
#1826 = CARTESIAN_POINT('',(96.627403,96.559959,0.));
#1827 = LINE('',#1828,#1829);
#1828 = CARTESIAN_POINT('',(82.527229,96.559959,0.));
#1829 = VECTOR('',#1830,1.);
#1830 = DIRECTION('',(1.,0.,0.));
#1831 = ORIENTED_EDGE('',*,*,#1832,.T.);
#1832 = EDGE_CURVE('',#1825,#1833,#1835,.T.);
#1833 = VERTEX_POINT('',#1834);
#1834 = CARTESIAN_POINT('',(96.627403,82.551956,0.));
#1835 = LINE('',#1836,#1837);
#1836 = CARTESIAN_POINT('',(96.627403,96.559959,0.));
#1837 = VECTOR('',#1838,1.);
#1838 = DIRECTION('',(0.,-1.,0.));
#1839 = ORIENTED_EDGE('',*,*,#1840,.T.);
#1840 = EDGE_CURVE('',#1833,#1841,#1843,.T.);
#1841 = VERTEX_POINT('',#1842);
#1842 = CARTESIAN_POINT('',(82.527229,82.551956,0.));
#1843 = LINE('',#1844,#1845);
#1844 = CARTESIAN_POINT('',(96.627403,82.551956,0.));
#1845 = VECTOR('',#1846,1.);
#1846 = DIRECTION('',(-1.,0.,0.));
#1847 = ORIENTED_EDGE('',*,*,#1848,.T.);
#1848 = EDGE_CURVE('',#1841,#1823,#1849,.T.);
#1849 = LINE('',#1850,#1851);
#1850 = CARTESIAN_POINT('',(82.527229,82.551956,0.));
#1851 = VECTOR('',#1852,1.);
#1852 = DIRECTION('',(0.,1.,0.));
#1853 = FACE_BOUND('',#1854,.F.);
#1854 = EDGE_LOOP('',(#1855,#1865,#1873,#1881));
#1855 = ORIENTED_EDGE('',*,*,#1856,.T.);
#1856 = EDGE_CURVE('',#1857,#1859,#1861,.T.);
#1857 = VERTEX_POINT('',#1858);
#1858 = CARTESIAN_POINT('',(101.333855,96.588234,0.));
#1859 = VERTEX_POINT('',#1860);
#1860 = CARTESIAN_POINT('',(115.519264,96.588234,0.));
#1861 = LINE('',#1862,#1863);
#1862 = CARTESIAN_POINT('',(101.333855,96.588234,0.));
#1863 = VECTOR('',#1864,1.);
#1864 = DIRECTION('',(1.,0.,0.));
#1865 = ORIENTED_EDGE('',*,*,#1866,.T.);
#1866 = EDGE_CURVE('',#1859,#1867,#1869,.T.);
#1867 = VERTEX_POINT('',#1868);
#1868 = CARTESIAN_POINT('',(115.519264,82.6064,0.));
#1869 = LINE('',#1870,#1871);
#1870 = CARTESIAN_POINT('',(115.519264,96.588234,0.));
#1871 = VECTOR('',#1872,1.);
#1872 = DIRECTION('',(0.,-1.,0.));
#1873 = ORIENTED_EDGE('',*,*,#1874,.T.);
#1874 = EDGE_CURVE('',#1867,#1875,#1877,.T.);
#1875 = VERTEX_POINT('',#1876);
#1876 = CARTESIAN_POINT('',(101.333855,82.6064,0.));
#1877 = LINE('',#1878,#1879);
#1878 = CARTESIAN_POINT('',(115.519264,82.6064,0.));
#1879 = VECTOR('',#1880,1.);
#1880 = DIRECTION('',(-1.,0.,0.));
#1881 = ORIENTED_EDGE('',*,*,#1882,.T.);
#1882 = EDGE_CURVE('',#1875,#1857,#1883,.T.);
#1883 = LINE('',#1884,#1885);
#1884 = CARTESIAN_POINT('',(101.333855,82.6064,0.));
#1885 = VECTOR('',#1886,1.);
#1886 = DIRECTION('',(0.,1.,0.));
#1887 = FACE_BOUND('',#1888,.F.);
#1888 = EDGE_LOOP('',(#1889,#1899,#1907,#1915));
#1889 = ORIENTED_EDGE('',*,*,#1890,.T.);
#1890 = EDGE_CURVE('',#1891,#1893,#1895,.T.);
#1891 = VERTEX_POINT('',#1892);
#1892 = CARTESIAN_POINT('',(120.523056,96.526459,0.));
#1893 = VERTEX_POINT('',#1894);
#1894 = CARTESIAN_POINT('',(134.669617,96.526459,0.));
#1895 = LINE('',#1896,#1897);
#1896 = CARTESIAN_POINT('',(120.523056,96.526459,0.));
#1897 = VECTOR('',#1898,1.);
#1898 = DIRECTION('',(1.,0.,0.));
#1899 = ORIENTED_EDGE('',*,*,#1900,.T.);
#1900 = EDGE_CURVE('',#1893,#1901,#1903,.T.);
#1901 = VERTEX_POINT('',#1902);
#1902 = CARTESIAN_POINT('',(134.669617,82.503464,0.));
#1903 = LINE('',#1904,#1905);
#1904 = CARTESIAN_POINT('',(134.669617,96.526459,0.));
#1905 = VECTOR('',#1906,1.);
#1906 = DIRECTION('',(0.,-1.,0.));
#1907 = ORIENTED_EDGE('',*,*,#1908,.T.);
#1908 = EDGE_CURVE('',#1901,#1909,#1911,.T.);
#1909 = VERTEX_POINT('',#1910);
#1910 = CARTESIAN_POINT('',(120.523056,82.503464,0.));
#1911 = LINE('',#1912,#1913);
#1912 = CARTESIAN_POINT('',(134.669617,82.503464,0.));
#1913 = VECTOR('',#1914,1.);
#1914 = DIRECTION('',(-1.,0.,0.));
#1915 = ORIENTED_EDGE('',*,*,#1916,.T.);
#1916 = EDGE_CURVE('',#1909,#1891,#1917,.T.);
#1917 = LINE('',#1918,#1919);
#1918 = CARTESIAN_POINT('',(120.523056,82.503464,0.));
#1919 = VECTOR('',#1920,1.);
#1920 = DIRECTION('',(0.,1.,0.));
#1921 = FACE_BOUND('',#1922,.F.);
#1922 = EDGE_LOOP('',(#1923,#1933,#1941,#1949));
#1923 = ORIENTED_EDGE('',*,*,#1924,.T.);
#1924 = EDGE_CURVE('',#1925,#1927,#1929,.T.);
#1925 = VERTEX_POINT('',#1926);
#1926 = CARTESIAN_POINT('',(139.910248,96.681137,0.));
#1927 = VERTEX_POINT('',#1928);
#1928 = CARTESIAN_POINT('',(154.019882,96.681137,0.));
#1929 = LINE('',#1930,#1931);
#1930 = CARTESIAN_POINT('',(139.910248,96.681137,0.));
#1931 = VECTOR('',#1932,1.);
#1932 = DIRECTION('',(1.,0.,0.));
#1933 = ORIENTED_EDGE('',*,*,#1934,.T.);
#1934 = EDGE_CURVE('',#1927,#1935,#1937,.T.);
#1935 = VERTEX_POINT('',#1936);
#1936 = CARTESIAN_POINT('',(154.019882,82.646973,0.));
#1937 = LINE('',#1938,#1939);
#1938 = CARTESIAN_POINT('',(154.019882,96.681137,0.));
#1939 = VECTOR('',#1940,1.);
#1940 = DIRECTION('',(0.,-1.,0.));
#1941 = ORIENTED_EDGE('',*,*,#1942,.T.);
#1942 = EDGE_CURVE('',#1935,#1943,#1945,.T.);
#1943 = VERTEX_POINT('',#1944);
#1944 = CARTESIAN_POINT('',(139.910248,82.646973,0.));
#1945 = LINE('',#1946,#1947);
#1946 = CARTESIAN_POINT('',(154.019882,82.646973,0.));
#1947 = VECTOR('',#1948,1.);
#1948 = DIRECTION('',(-1.,0.,0.));
#1949 = ORIENTED_EDGE('',*,*,#1950,.T.);
#1950 = EDGE_CURVE('',#1943,#1925,#1951,.T.);
#1951 = LINE('',#1952,#1953);
#1952 = CARTESIAN_POINT('',(139.910248,82.646973,0.));
#1953 = VECTOR('',#1954,1.);
#1954 = DIRECTION('',(0.,1.,0.));
#1955 = FACE_BOUND('',#1956,.F.);
#1956 = EDGE_LOOP('',(#1957,#1967,#1975,#1983));
#1957 = ORIENTED_EDGE('',*,*,#1958,.T.);
#1958 = EDGE_CURVE('',#1959,#1961,#1963,.T.);
#1959 = VERTEX_POINT('',#1960);
#1960 = CARTESIAN_POINT('',(149.269333,77.132454,0.));
#1961 = VERTEX_POINT('',#1962);
#1962 = CARTESIAN_POINT('',(163.281311,77.132454,0.));
#1963 = LINE('',#1964,#1965);
#1964 = CARTESIAN_POINT('',(149.269333,77.132454,0.));
#1965 = VECTOR('',#1966,1.);
#1966 = DIRECTION('',(1.,0.,0.));
#1967 = ORIENTED_EDGE('',*,*,#1968,.T.);
#1968 = EDGE_CURVE('',#1961,#1969,#1971,.T.);
#1969 = VERTEX_POINT('',#1970);
#1970 = CARTESIAN_POINT('',(163.281311,63.09465,0.));
#1971 = LINE('',#1972,#1973);
#1972 = CARTESIAN_POINT('',(163.281311,77.132454,0.));
#1973 = VECTOR('',#1974,1.);
#1974 = DIRECTION('',(0.,-1.,0.));
#1975 = ORIENTED_EDGE('',*,*,#1976,.T.);
#1976 = EDGE_CURVE('',#1969,#1977,#1979,.T.);
#1977 = VERTEX_POINT('',#1978);
#1978 = CARTESIAN_POINT('',(149.269333,63.09465,0.));
#1979 = LINE('',#1980,#1981);
#1980 = CARTESIAN_POINT('',(163.281311,63.09465,0.));
#1981 = VECTOR('',#1982,1.);
#1982 = DIRECTION('',(-1.,0.,0.));
#1983 = ORIENTED_EDGE('',*,*,#1984,.T.);
#1984 = EDGE_CURVE('',#1977,#1959,#1985,.T.);
#1985 = LINE('',#1986,#1987);
#1986 = CARTESIAN_POINT('',(149.269333,63.09465,0.));
#1987 = VECTOR('',#1988,1.);
#1988 = DIRECTION('',(0.,1.,0.));
#1989 = FACE_BOUND('',#1990,.F.);
#1990 = EDGE_LOOP('',(#1991,#2001,#2009,#2017));
#1991 = ORIENTED_EDGE('',*,*,#1992,.T.);
#1992 = EDGE_CURVE('',#1993,#1995,#1997,.T.);
#1993 = VERTEX_POINT('',#1994);
#1994 = CARTESIAN_POINT('',(168.082657,77.114143,0.));
#1995 = VERTEX_POINT('',#1996);
#1996 = CARTESIAN_POINT('',(182.192291,77.114143,0.));
#1997 = LINE('',#1998,#1999);
#1998 = CARTESIAN_POINT('',(168.082657,77.114143,0.));
#1999 = VECTOR('',#2000,1.);
#2000 = DIRECTION('',(1.,0.,0.));
#2001 = ORIENTED_EDGE('',*,*,#2002,.T.);
#2002 = EDGE_CURVE('',#1995,#2003,#2005,.T.);
#2003 = VERTEX_POINT('',#2004);
#2004 = CARTESIAN_POINT('',(182.192291,63.155422,0.));
#2005 = LINE('',#2006,#2007);
#2006 = CARTESIAN_POINT('',(182.192291,77.114143,0.));
#2007 = VECTOR('',#2008,1.);
#2008 = DIRECTION('',(0.,-1.,0.));
#2009 = ORIENTED_EDGE('',*,*,#2010,.T.);
#2010 = EDGE_CURVE('',#2003,#2011,#2013,.T.);
#2011 = VERTEX_POINT('',#2012);
#2012 = CARTESIAN_POINT('',(168.082657,63.155422,0.));
#2013 = LINE('',#2014,#2015);
#2014 = CARTESIAN_POINT('',(182.192291,63.155422,0.));
#2015 = VECTOR('',#2016,1.);
#2016 = DIRECTION('',(-1.,0.,0.));
#2017 = ORIENTED_EDGE('',*,*,#2018,.T.);
#2018 = EDGE_CURVE('',#2011,#1993,#2019,.T.);
#2019 = LINE('',#2020,#2021);
#2020 = CARTESIAN_POINT('',(168.082657,63.155422,0.));
#2021 = VECTOR('',#2022,1.);
#2022 = DIRECTION('',(0.,1.,0.));
#2023 = FACE_BOUND('',#2024,.F.);
#2024 = EDGE_LOOP('',(#2025,#2035,#2043,#2051));
#2025 = ORIENTED_EDGE('',*,*,#2026,.T.);
#2026 = EDGE_CURVE('',#2027,#2029,#2031,.T.);
#2027 = VERTEX_POINT('',#2028);
#2028 = CARTESIAN_POINT('',(186.945801,77.265038,0.));
#2029 = VERTEX_POINT('',#2030);
#2030 = CARTESIAN_POINT('',(201.130875,77.265038,0.));
#2031 = LINE('',#2032,#2033);
#2032 = CARTESIAN_POINT('',(186.945801,77.265038,0.));
#2033 = VECTOR('',#2034,1.);
#2034 = DIRECTION('',(1.,0.,0.));
#2035 = ORIENTED_EDGE('',*,*,#2036,.T.);
#2036 = EDGE_CURVE('',#2029,#2037,#2039,.T.);
#2037 = VERTEX_POINT('',#2038);
#2038 = CARTESIAN_POINT('',(201.130875,63.155415,0.));
#2039 = LINE('',#2040,#2041);
#2040 = CARTESIAN_POINT('',(201.130875,77.265038,0.));
#2041 = VECTOR('',#2042,1.);
#2042 = DIRECTION('',(0.,-1.,0.));
#2043 = ORIENTED_EDGE('',*,*,#2044,.T.);
#2044 = EDGE_CURVE('',#2037,#2045,#2047,.T.);
#2045 = VERTEX_POINT('',#2046);
#2046 = CARTESIAN_POINT('',(186.945801,63.155415,0.));
#2047 = LINE('',#2048,#2049);
#2048 = CARTESIAN_POINT('',(201.130875,63.155415,0.));
#2049 = VECTOR('',#2050,1.);
#2050 = DIRECTION('',(-1.,0.,0.));
#2051 = ORIENTED_EDGE('',*,*,#2052,.T.);
#2052 = EDGE_CURVE('',#2045,#2027,#2053,.T.);
#2053 = LINE('',#2054,#2055);
#2054 = CARTESIAN_POINT('',(186.945801,63.155415,0.));
#2055 = VECTOR('',#2056,1.);
#2056 = DIRECTION('',(0.,1.,0.));
#2057 = FACE_BOUND('',#2058,.F.);
#2058 = EDGE_LOOP('',(#2059,#2069,#2077,#2085));
#2059 = ORIENTED_EDGE('',*,*,#2060,.T.);
#2060 = EDGE_CURVE('',#2061,#2063,#2065,.T.);
#2061 = VERTEX_POINT('',#2062);
#2062 = CARTESIAN_POINT('',(205.940933,77.345016,0.));
#2063 = VERTEX_POINT('',#2064);
#2064 = CARTESIAN_POINT('',(220.025711,77.345016,0.));
#2065 = LINE('',#2066,#2067);
#2066 = CARTESIAN_POINT('',(205.940933,77.345016,0.));
#2067 = VECTOR('',#2068,1.);
#2068 = DIRECTION('',(1.,0.,0.));
#2069 = ORIENTED_EDGE('',*,*,#2070,.T.);
#2070 = EDGE_CURVE('',#2063,#2071,#2073,.T.);
#2071 = VERTEX_POINT('',#2072);
#2072 = CARTESIAN_POINT('',(220.025711,63.198467,0.));
#2073 = LINE('',#2074,#2075);
#2074 = CARTESIAN_POINT('',(220.025711,77.345016,0.));
#2075 = VECTOR('',#2076,1.);
#2076 = DIRECTION('',(0.,-1.,0.));
#2077 = ORIENTED_EDGE('',*,*,#2078,.T.);
#2078 = EDGE_CURVE('',#2071,#2079,#2081,.T.);
#2079 = VERTEX_POINT('',#2080);
#2080 = CARTESIAN_POINT('',(205.940933,63.198467,0.));
#2081 = LINE('',#2082,#2083);
#2082 = CARTESIAN_POINT('',(220.025711,63.198467,0.));
#2083 = VECTOR('',#2084,1.);
#2084 = DIRECTION('',(-1.,0.,0.));
#2085 = ORIENTED_EDGE('',*,*,#2086,.T.);
#2086 = EDGE_CURVE('',#2079,#2061,#2087,.T.);
#2087 = LINE('',#2088,#2089);
#2088 = CARTESIAN_POINT('',(205.940933,63.198467,0.));
#2089 = VECTOR('',#2090,1.);
#2090 = DIRECTION('',(0.,1.,0.));
#2091 = FACE_BOUND('',#2092,.F.);
#2092 = EDGE_LOOP('',(#2093,#2103,#2111,#2119));
#2093 = ORIENTED_EDGE('',*,*,#2094,.T.);
#2094 = EDGE_CURVE('',#2095,#2097,#2099,.T.);
#2095 = VERTEX_POINT('',#2096);
#2096 = CARTESIAN_POINT('',(224.895493,77.09742,0.));
#2097 = VERTEX_POINT('',#2098);
#2098 = CARTESIAN_POINT('',(239.227371,77.09742,0.));
#2099 = LINE('',#2100,#2101);
#2100 = CARTESIAN_POINT('',(224.895493,77.09742,0.));
#2101 = VECTOR('',#2102,1.);
#2102 = DIRECTION('',(1.,0.,0.));
#2103 = ORIENTED_EDGE('',*,*,#2104,.T.);
#2104 = EDGE_CURVE('',#2097,#2105,#2107,.T.);
#2105 = VERTEX_POINT('',#2106);
#2106 = CARTESIAN_POINT('',(239.227371,63.1362,0.));
#2107 = LINE('',#2108,#2109);
#2108 = CARTESIAN_POINT('',(239.227371,77.09742,0.));
#2109 = VECTOR('',#2110,1.);
#2110 = DIRECTION('',(0.,-1.,0.));
#2111 = ORIENTED_EDGE('',*,*,#2112,.T.);
#2112 = EDGE_CURVE('',#2105,#2113,#2115,.T.);
#2113 = VERTEX_POINT('',#2114);
#2114 = CARTESIAN_POINT('',(224.895493,63.1362,0.));
#2115 = LINE('',#2116,#2117);
#2116 = CARTESIAN_POINT('',(239.227371,63.1362,0.));
#2117 = VECTOR('',#2118,1.);
#2118 = DIRECTION('',(-1.,0.,0.));
#2119 = ORIENTED_EDGE('',*,*,#2120,.T.);
#2120 = EDGE_CURVE('',#2113,#2095,#2121,.T.);
#2121 = LINE('',#2122,#2123);
#2122 = CARTESIAN_POINT('',(224.895493,63.1362,0.));
#2123 = VECTOR('',#2124,1.);
#2124 = DIRECTION('',(0.,1.,0.));
#2125 = FACE_BOUND('',#2126,.F.);
#2126 = EDGE_LOOP('',(#2127,#2137,#2145,#2153));
#2127 = ORIENTED_EDGE('',*,*,#2128,.T.);
#2128 = EDGE_CURVE('',#2129,#2131,#2133,.T.);
#2129 = VERTEX_POINT('',#2130);
#2130 = CARTESIAN_POINT('',(243.887711,77.245056,0.));
#2131 = VERTEX_POINT('',#2132);
#2132 = CARTESIAN_POINT('',(258.183075,77.245056,0.));
#2133 = LINE('',#2134,#2135);
#2134 = CARTESIAN_POINT('',(243.887711,77.245056,0.));
#2135 = VECTOR('',#2136,1.);
#2136 = DIRECTION('',(1.,0.,0.));
#2137 = ORIENTED_EDGE('',*,*,#2138,.T.);
#2138 = EDGE_CURVE('',#2131,#2139,#2141,.T.);
#2139 = VERTEX_POINT('',#2140);
#2140 = CARTESIAN_POINT('',(258.183075,62.949707,0.));
#2141 = LINE('',#2142,#2143);
#2142 = CARTESIAN_POINT('',(258.183075,77.245056,0.));
#2143 = VECTOR('',#2144,1.);
#2144 = DIRECTION('',(0.,-1.,0.));
#2145 = ORIENTED_EDGE('',*,*,#2146,.T.);
#2146 = EDGE_CURVE('',#2139,#2147,#2149,.T.);
#2147 = VERTEX_POINT('',#2148);
#2148 = CARTESIAN_POINT('',(243.887711,62.949707,0.));
#2149 = LINE('',#2150,#2151);
#2150 = CARTESIAN_POINT('',(258.183075,62.949707,0.));
#2151 = VECTOR('',#2152,1.);
#2152 = DIRECTION('',(-1.,0.,0.));
#2153 = ORIENTED_EDGE('',*,*,#2154,.T.);
#2154 = EDGE_CURVE('',#2147,#2129,#2155,.T.);
#2155 = LINE('',#2156,#2157);
#2156 = CARTESIAN_POINT('',(243.887711,62.949707,0.));
#2157 = VECTOR('',#2158,1.);
#2158 = DIRECTION('',(0.,1.,0.));
#2159 = FACE_BOUND('',#2160,.F.);
#2160 = EDGE_LOOP('',(#2161,#2171,#2179,#2187));
#2161 = ORIENTED_EDGE('',*,*,#2162,.T.);
#2162 = EDGE_CURVE('',#2163,#2165,#2167,.T.);
#2163 = VERTEX_POINT('',#2164);
#2164 = CARTESIAN_POINT('',(289.700378,71.504395,0.));
#2165 = VERTEX_POINT('',#2166);
#2166 = CARTESIAN_POINT('',(303.658051,71.504395,0.));
#2167 = LINE('',#2168,#2169);
#2168 = CARTESIAN_POINT('',(289.700378,71.504395,0.));
#2169 = VECTOR('',#2170,1.);
#2170 = DIRECTION('',(1.,0.,0.));
#2171 = ORIENTED_EDGE('',*,*,#2172,.T.);
#2172 = EDGE_CURVE('',#2165,#2173,#2175,.T.);
#2173 = VERTEX_POINT('',#2174);
#2174 = CARTESIAN_POINT('',(303.658051,57.434166,0.));
#2175 = LINE('',#2176,#2177);
#2176 = CARTESIAN_POINT('',(303.658051,71.504395,0.));
#2177 = VECTOR('',#2178,1.);
#2178 = DIRECTION('',(0.,-1.,0.));
#2179 = ORIENTED_EDGE('',*,*,#2180,.T.);
#2180 = EDGE_CURVE('',#2173,#2181,#2183,.T.);
#2181 = VERTEX_POINT('',#2182);
#2182 = CARTESIAN_POINT('',(289.700378,57.434166,0.));
#2183 = LINE('',#2184,#2185);
#2184 = CARTESIAN_POINT('',(303.658051,57.434166,0.));
#2185 = VECTOR('',#2186,1.);
#2186 = DIRECTION('',(-1.,0.,0.));
#2187 = ORIENTED_EDGE('',*,*,#2188,.T.);
#2188 = EDGE_CURVE('',#2181,#2163,#2189,.T.);
#2189 = LINE('',#2190,#2191);
#2190 = CARTESIAN_POINT('',(289.700378,57.434166,0.));
#2191 = VECTOR('',#2192,1.);
#2192 = DIRECTION('',(0.,1.,0.));
#2193 = FACE_BOUND('',#2194,.F.);
#2194 = EDGE_LOOP('',(#2195,#2205,#2213,#2221));
#2195 = ORIENTED_EDGE('',*,*,#2196,.T.);
#2196 = EDGE_CURVE('',#2197,#2199,#2201,.T.);
#2197 = VERTEX_POINT('',#2198);
#2198 = CARTESIAN_POINT('',(263.023224,77.245056,0.));
#2199 = VERTEX_POINT('',#2200);
#2200 = CARTESIAN_POINT('',(277.431122,77.245056,0.));
#2201 = LINE('',#2202,#2203);
#2202 = CARTESIAN_POINT('',(263.023224,77.245056,0.));
#2203 = VECTOR('',#2204,1.);
#2204 = DIRECTION('',(1.,0.,0.));
#2205 = ORIENTED_EDGE('',*,*,#2206,.T.);
#2206 = EDGE_CURVE('',#2199,#2207,#2209,.T.);
#2207 = VERTEX_POINT('',#2208);
#2208 = CARTESIAN_POINT('',(277.431122,63.174828,0.));
#2209 = LINE('',#2210,#2211);
#2210 = CARTESIAN_POINT('',(277.431122,77.245056,0.));
#2211 = VECTOR('',#2212,1.);
#2212 = DIRECTION('',(0.,-1.,0.));
#2213 = ORIENTED_EDGE('',*,*,#2214,.T.);
#2214 = EDGE_CURVE('',#2207,#2215,#2217,.T.);
#2215 = VERTEX_POINT('',#2216);
#2216 = CARTESIAN_POINT('',(263.023224,63.174828,0.));
#2217 = LINE('',#2218,#2219);
#2218 = CARTESIAN_POINT('',(277.431122,63.174828,0.));
#2219 = VECTOR('',#2220,1.);
#2220 = DIRECTION('',(-1.,0.,0.));
#2221 = ORIENTED_EDGE('',*,*,#2222,.T.);
#2222 = EDGE_CURVE('',#2215,#2197,#2223,.T.);
#2223 = LINE('',#2224,#2225);
#2224 = CARTESIAN_POINT('',(263.023224,63.174828,0.));
#2225 = VECTOR('',#2226,1.);
#2226 = DIRECTION('',(0.,1.,0.));
#2227 = FACE_BOUND('',#2228,.F.);
#2228 = EDGE_LOOP('',(#2229,#2239,#2247,#2255));
#2229 = ORIENTED_EDGE('',*,*,#2230,.T.);
#2230 = EDGE_CURVE('',#2231,#2233,#2235,.T.);
#2231 = VERTEX_POINT('',#2232);
#2232 = CARTESIAN_POINT('',(158.848846,96.605682,0.));
#2233 = VERTEX_POINT('',#2234);
#2234 = CARTESIAN_POINT('',(172.958481,96.605682,0.));
#2235 = LINE('',#2236,#2237);
#2236 = CARTESIAN_POINT('',(158.848846,96.605682,0.));
#2237 = VECTOR('',#2238,1.);
#2238 = DIRECTION('',(1.,0.,0.));
#2239 = ORIENTED_EDGE('',*,*,#2240,.T.);
#2240 = EDGE_CURVE('',#2233,#2241,#2243,.T.);
#2241 = VERTEX_POINT('',#2242);
#2242 = CARTESIAN_POINT('',(172.958481,82.57151,0.));
#2243 = LINE('',#2244,#2245);
#2244 = CARTESIAN_POINT('',(172.958481,96.605682,0.));
#2245 = VECTOR('',#2246,1.);
#2246 = DIRECTION('',(0.,-1.,0.));
#2247 = ORIENTED_EDGE('',*,*,#2248,.T.);
#2248 = EDGE_CURVE('',#2241,#2249,#2251,.T.);
#2249 = VERTEX_POINT('',#2250);
#2250 = CARTESIAN_POINT('',(158.848846,82.57151,0.));
#2251 = LINE('',#2252,#2253);
#2252 = CARTESIAN_POINT('',(172.958481,82.57151,0.));
#2253 = VECTOR('',#2254,1.);
#2254 = DIRECTION('',(-1.,0.,0.));
#2255 = ORIENTED_EDGE('',*,*,#2256,.T.);
#2256 = EDGE_CURVE('',#2249,#2231,#2257,.T.);
#2257 = LINE('',#2258,#2259);
#2258 = CARTESIAN_POINT('',(158.848846,82.57151,0.));
#2259 = VECTOR('',#2260,1.);
#2260 = DIRECTION('',(0.,1.,0.));
#2261 = FACE_BOUND('',#2262,.F.);
#2262 = EDGE_LOOP('',(#2263,#2273,#2281,#2289));
#2263 = ORIENTED_EDGE('',*,*,#2264,.T.);
#2264 = EDGE_CURVE('',#2265,#2267,#2269,.T.);
#2265 = VERTEX_POINT('',#2266);
#2266 = CARTESIAN_POINT('',(177.668518,96.590424,0.));
#2267 = VERTEX_POINT('',#2268);
#2268 = CARTESIAN_POINT('',(191.769424,96.590424,0.));
#2269 = LINE('',#2270,#2271);
#2270 = CARTESIAN_POINT('',(177.668518,96.590424,0.));
#2271 = VECTOR('',#2272,1.);
#2272 = DIRECTION('',(1.,0.,0.));
#2273 = ORIENTED_EDGE('',*,*,#2274,.T.);
#2274 = EDGE_CURVE('',#2267,#2275,#2277,.T.);
#2275 = VERTEX_POINT('',#2276);
#2276 = CARTESIAN_POINT('',(191.769424,82.544876,0.));
#2277 = LINE('',#2278,#2279);
#2278 = CARTESIAN_POINT('',(191.769424,96.590424,0.));
#2279 = VECTOR('',#2280,1.);
#2280 = DIRECTION('',(0.,-1.,0.));
#2281 = ORIENTED_EDGE('',*,*,#2282,.T.);
#2282 = EDGE_CURVE('',#2275,#2283,#2285,.T.);
#2283 = VERTEX_POINT('',#2284);
#2284 = CARTESIAN_POINT('',(177.668518,82.544876,0.));
#2285 = LINE('',#2286,#2287);
#2286 = CARTESIAN_POINT('',(191.769424,82.544876,0.));
#2287 = VECTOR('',#2288,1.);
#2288 = DIRECTION('',(-1.,0.,0.));
#2289 = ORIENTED_EDGE('',*,*,#2290,.T.);
#2290 = EDGE_CURVE('',#2283,#2265,#2291,.T.);
#2291 = LINE('',#2292,#2293);
#2292 = CARTESIAN_POINT('',(177.668518,82.544876,0.));
#2293 = VECTOR('',#2294,1.);
#2294 = DIRECTION('',(0.,1.,0.));
#2295 = FACE_BOUND('',#2296,.F.);
#2296 = EDGE_LOOP('',(#2297,#2307,#2315,#2323));
#2297 = ORIENTED_EDGE('',*,*,#2298,.T.);
#2298 = EDGE_CURVE('',#2299,#2301,#2303,.T.);
#2299 = VERTEX_POINT('',#2300);
#2300 = CARTESIAN_POINT('',(196.574265,96.525505,0.));
#2301 = VERTEX_POINT('',#2302);
#2302 = CARTESIAN_POINT('',(210.60025,96.525505,0.));
#2303 = LINE('',#2304,#2305);
#2304 = CARTESIAN_POINT('',(196.574265,96.525505,0.));
#2305 = VECTOR('',#2306,1.);
#2306 = DIRECTION('',(1.,0.,0.));
#2307 = ORIENTED_EDGE('',*,*,#2308,.T.);
#2308 = EDGE_CURVE('',#2301,#2309,#2311,.T.);
#2309 = VERTEX_POINT('',#2310);
#2310 = CARTESIAN_POINT('',(210.60025,82.428772,0.));
#2311 = LINE('',#2312,#2313);
#2312 = CARTESIAN_POINT('',(210.60025,96.525505,0.));
#2313 = VECTOR('',#2314,1.);
#2314 = DIRECTION('',(0.,-1.,0.));
#2315 = ORIENTED_EDGE('',*,*,#2316,.T.);
#2316 = EDGE_CURVE('',#2309,#2317,#2319,.T.);
#2317 = VERTEX_POINT('',#2318);
#2318 = CARTESIAN_POINT('',(196.574265,82.428772,0.));
#2319 = LINE('',#2320,#2321);
#2320 = CARTESIAN_POINT('',(210.60025,82.428772,0.));
#2321 = VECTOR('',#2322,1.);
#2322 = DIRECTION('',(-1.,0.,0.));
#2323 = ORIENTED_EDGE('',*,*,#2324,.T.);
#2324 = EDGE_CURVE('',#2317,#2299,#2325,.T.);
#2325 = LINE('',#2326,#2327);
#2326 = CARTESIAN_POINT('',(196.574265,82.428772,0.));
#2327 = VECTOR('',#2328,1.);
#2328 = DIRECTION('',(0.,1.,0.));
#2329 = FACE_BOUND('',#2330,.F.);
#2330 = EDGE_LOOP('',(#2331,#2341,#2349,#2357));
#2331 = ORIENTED_EDGE('',*,*,#2332,.T.);
#2332 = EDGE_CURVE('',#2333,#2335,#2337,.T.);
#2333 = VERTEX_POINT('',#2334);
#2334 = CARTESIAN_POINT('',(215.526947,96.709267,0.));
#2335 = VERTEX_POINT('',#2336);
#2336 = CARTESIAN_POINT('',(229.606094,96.709267,0.));
#2337 = LINE('',#2338,#2339);
#2338 = CARTESIAN_POINT('',(215.526947,96.709267,0.));
#2339 = VECTOR('',#2340,1.);
#2340 = DIRECTION('',(1.,0.,0.));
#2341 = ORIENTED_EDGE('',*,*,#2342,.T.);
#2342 = EDGE_CURVE('',#2335,#2343,#2345,.T.);
#2343 = VERTEX_POINT('',#2344);
#2344 = CARTESIAN_POINT('',(229.606094,82.547318,0.));
#2345 = LINE('',#2346,#2347);
#2346 = CARTESIAN_POINT('',(229.606094,96.709267,0.));
#2347 = VECTOR('',#2348,1.);
#2348 = DIRECTION('',(0.,-1.,0.));
#2349 = ORIENTED_EDGE('',*,*,#2350,.T.);
#2350 = EDGE_CURVE('',#2343,#2351,#2353,.T.);
#2351 = VERTEX_POINT('',#2352);
#2352 = CARTESIAN_POINT('',(215.526947,82.547318,0.));
#2353 = LINE('',#2354,#2355);
#2354 = CARTESIAN_POINT('',(229.606094,82.547318,0.));
#2355 = VECTOR('',#2356,1.);
#2356 = DIRECTION('',(-1.,0.,0.));
#2357 = ORIENTED_EDGE('',*,*,#2358,.T.);
#2358 = EDGE_CURVE('',#2351,#2333,#2359,.T.);
#2359 = LINE('',#2360,#2361);
#2360 = CARTESIAN_POINT('',(215.526947,82.547318,0.));
#2361 = VECTOR('',#2362,1.);
#2362 = DIRECTION('',(0.,1.,0.));
#2363 = FACE_BOUND('',#2364,.F.);
#2364 = EDGE_LOOP('',(#2365,#2375,#2383,#2391));
#2365 = ORIENTED_EDGE('',*,*,#2366,.T.);
#2366 = EDGE_CURVE('',#2367,#2369,#2371,.T.);
#2367 = VERTEX_POINT('',#2368);
#2368 = CARTESIAN_POINT('',(234.556747,96.56398,0.));
#2369 = VERTEX_POINT('',#2370);
#2370 = CARTESIAN_POINT('',(248.532379,96.56398,0.));
#2371 = LINE('',#2372,#2373);
#2372 = CARTESIAN_POINT('',(234.556747,96.56398,0.));
#2373 = VECTOR('',#2374,1.);
#2374 = DIRECTION('',(1.,0.,0.));
#2375 = ORIENTED_EDGE('',*,*,#2376,.T.);
#2376 = EDGE_CURVE('',#2369,#2377,#2379,.T.);
#2377 = VERTEX_POINT('',#2378);
#2378 = CARTESIAN_POINT('',(248.532379,82.617279,0.));
#2379 = LINE('',#2380,#2381);
#2380 = CARTESIAN_POINT('',(248.532379,96.56398,0.));
#2381 = VECTOR('',#2382,1.);
#2382 = DIRECTION('',(0.,-1.,0.));
#2383 = ORIENTED_EDGE('',*,*,#2384,.T.);
#2384 = EDGE_CURVE('',#2377,#2385,#2387,.T.);
#2385 = VERTEX_POINT('',#2386);
#2386 = CARTESIAN_POINT('',(234.556747,82.617279,0.));
#2387 = LINE('',#2388,#2389);
#2388 = CARTESIAN_POINT('',(248.532379,82.617279,0.));
#2389 = VECTOR('',#2390,1.);
#2390 = DIRECTION('',(-1.,0.,0.));
#2391 = ORIENTED_EDGE('',*,*,#2392,.T.);
#2392 = EDGE_CURVE('',#2385,#2367,#2393,.T.);
#2393 = LINE('',#2394,#2395);
#2394 = CARTESIAN_POINT('',(234.556747,82.617279,0.));
#2395 = VECTOR('',#2396,1.);
#2396 = DIRECTION('',(0.,1.,0.));
#2397 = FACE_BOUND('',#2398,.F.);
#2398 = EDGE_LOOP('',(#2399,#2409,#2417,#2425));
#2399 = ORIENTED_EDGE('',*,*,#2400,.T.);
#2400 = EDGE_CURVE('',#2401,#2403,#2405,.T.);
#2401 = VERTEX_POINT('',#2402);
#2402 = CARTESIAN_POINT('',(253.729095,96.601868,0.));
#2403 = VERTEX_POINT('',#2404);
#2404 = CARTESIAN_POINT('',(267.612366,96.601868,0.));
#2405 = LINE('',#2406,#2407);
#2406 = CARTESIAN_POINT('',(253.729095,96.601868,0.));
#2407 = VECTOR('',#2408,1.);
#2408 = DIRECTION('',(1.,0.,0.));
#2409 = ORIENTED_EDGE('',*,*,#2410,.T.);
#2410 = EDGE_CURVE('',#2403,#2411,#2413,.T.);
#2411 = VERTEX_POINT('',#2412);
#2412 = CARTESIAN_POINT('',(267.612366,82.492256,0.));
#2413 = LINE('',#2414,#2415);
#2414 = CARTESIAN_POINT('',(267.612366,96.601868,0.));
#2415 = VECTOR('',#2416,1.);
#2416 = DIRECTION('',(0.,-1.,0.));
#2417 = ORIENTED_EDGE('',*,*,#2418,.T.);
#2418 = EDGE_CURVE('',#2411,#2419,#2421,.T.);
#2419 = VERTEX_POINT('',#2420);
#2420 = CARTESIAN_POINT('',(253.729095,82.492256,0.));
#2421 = LINE('',#2422,#2423);
#2422 = CARTESIAN_POINT('',(267.612366,82.492256,0.));
#2423 = VECTOR('',#2424,1.);
#2424 = DIRECTION('',(-1.,0.,0.));
#2425 = ORIENTED_EDGE('',*,*,#2426,.T.);
#2426 = EDGE_CURVE('',#2419,#2401,#2427,.T.);
#2427 = LINE('',#2428,#2429);
#2428 = CARTESIAN_POINT('',(253.729095,82.492256,0.));
#2429 = VECTOR('',#2430,1.);
#2430 = DIRECTION('',(0.,1.,0.));
#2431 = FACE_BOUND('',#2432,.F.);
#2432 = EDGE_LOOP('',(#2433,#2443,#2451,#2459));
#2433 = ORIENTED_EDGE('',*,*,#2434,.T.);
#2434 = EDGE_CURVE('',#2435,#2437,#2439,.T.);
#2435 = VERTEX_POINT('',#2436);
#2436 = CARTESIAN_POINT('',(277.409515,96.628792,0.));
#2437 = VERTEX_POINT('',#2438);
#2438 = CARTESIAN_POINT('',(291.556061,96.628792,0.));
#2439 = LINE('',#2440,#2441);
#2440 = CARTESIAN_POINT('',(277.409515,96.628792,0.));
#2441 = VECTOR('',#2442,1.);
#2442 = DIRECTION('',(1.,0.,0.));
#2443 = ORIENTED_EDGE('',*,*,#2444,.T.);
#2444 = EDGE_CURVE('',#2437,#2445,#2447,.T.);
#2445 = VERTEX_POINT('',#2446);
#2446 = CARTESIAN_POINT('',(291.556061,82.605812,0.));
#2447 = LINE('',#2448,#2449);
#2448 = CARTESIAN_POINT('',(291.556061,96.628792,0.));
#2449 = VECTOR('',#2450,1.);
#2450 = DIRECTION('',(0.,-1.,0.));
#2451 = ORIENTED_EDGE('',*,*,#2452,.T.);
#2452 = EDGE_CURVE('',#2445,#2453,#2455,.T.);
#2453 = VERTEX_POINT('',#2454);
#2454 = CARTESIAN_POINT('',(277.409515,82.605812,0.));
#2455 = LINE('',#2456,#2457);
#2456 = CARTESIAN_POINT('',(291.556061,82.605812,0.));
#2457 = VECTOR('',#2458,1.);
#2458 = DIRECTION('',(-1.,0.,0.));
#2459 = ORIENTED_EDGE('',*,*,#2460,.T.);
#2460 = EDGE_CURVE('',#2453,#2435,#2461,.T.);
#2461 = LINE('',#2462,#2463);
#2462 = CARTESIAN_POINT('',(277.409515,82.605812,0.));
#2463 = VECTOR('',#2464,1.);
#2464 = DIRECTION('',(0.,1.,0.));
#2465 = PLANE('',#2466);
#2466 = AXIS2_PLACEMENT_3D('',#2467,#2468,#2469);
#2467 = CARTESIAN_POINT('',(154.410343,51.5089065,0.));
#2468 = DIRECTION('',(0.,0.,1.));
#2469 = DIRECTION('',(1.,0.,0.));
#2470 = ADVANCED_FACE('',(#2471,#2482,#2516,#2550,#2584,#2618,#2652,
    #2686,#2720,#2754,#2788,#2822,#2856,#2890,#2924,#2958,#2992,#3026,
    #3060,#3094,#3128,#3162,#3196,#3230,#3264,#3298,#3332,#3366,#3400,
    #3434,#3468,#3502,#3536,#3570,#3604,#3638,#3672,#3706,#3740,#3774,
    #3808,#3842,#3876,#3910,#3944,#3978,#4012,#4046,#4080,#4114,#4148,
    #4182,#4216,#4250,#4284,#4318,#4352,#4386,#4420,#4454,#4488,#4522,
    #4556,#4590,#4624,#4658,#4692,#4726,#4760),#4794,.T.);
#2471 = FACE_BOUND('',#2472,.T.);
#2472 = EDGE_LOOP('',(#2473,#2474,#2475,#2481));
#2473 = ORIENTED_EDGE('',*,*,#53,.T.);
#2474 = ORIENTED_EDGE('',*,*,#115,.T.);
#2475 = ORIENTED_EDGE('',*,*,#2476,.T.);
#2476 = EDGE_CURVE('',#116,#86,#2477,.T.);
#2477 = LINE('',#2478,#2479);
#2478 = CARTESIAN_POINT('',(310.449707,-0.680383,1.499));
#2479 = VECTOR('',#2480,1.);
#2480 = DIRECTION('',(0.,1.,0.));
#2481 = ORIENTED_EDGE('',*,*,#93,.T.);
#2482 = FACE_BOUND('',#2483,.T.);
#2483 = EDGE_LOOP('',(#2484,#2494,#2502,#2510));
#2484 = ORIENTED_EDGE('',*,*,#2485,.F.);
#2485 = EDGE_CURVE('',#2486,#2488,#2490,.T.);
#2486 = VERTEX_POINT('',#2487);
#2487 = CARTESIAN_POINT('',(20.231478,5.885919,1.499));
#2488 = VERTEX_POINT('',#2489);
#2489 = CARTESIAN_POINT('',(20.231478,20.071014,1.499));
#2490 = LINE('',#2491,#2492);
#2491 = CARTESIAN_POINT('',(20.231478,35.78996025,1.499));
#2492 = VECTOR('',#2493,1.);
#2493 = DIRECTION('',(0.,1.,0.));
#2494 = ORIENTED_EDGE('',*,*,#2495,.F.);
#2495 = EDGE_CURVE('',#2496,#2486,#2498,.T.);
#2496 = VERTEX_POINT('',#2497);
#2497 = CARTESIAN_POINT('',(5.895474,5.885919,1.499));
#2498 = LINE('',#2499,#2500);
#2499 = CARTESIAN_POINT('',(87.3209105,5.885919,1.499));
#2500 = VECTOR('',#2501,1.);
#2501 = DIRECTION('',(1.,0.,0.));
#2502 = ORIENTED_EDGE('',*,*,#2503,.F.);
#2503 = EDGE_CURVE('',#2504,#2496,#2506,.T.);
#2504 = VERTEX_POINT('',#2505);
#2505 = CARTESIAN_POINT('',(5.895474,20.071014,1.499));
#2506 = LINE('',#2507,#2508);
#2507 = CARTESIAN_POINT('',(5.895474,28.69741275,1.499));
#2508 = VECTOR('',#2509,1.);
#2509 = DIRECTION('',(0.,-1.,0.));
#2510 = ORIENTED_EDGE('',*,*,#2511,.F.);
#2511 = EDGE_CURVE('',#2488,#2504,#2512,.T.);
#2512 = LINE('',#2513,#2514);
#2513 = CARTESIAN_POINT('',(80.1529085,20.071014,1.499));
#2514 = VECTOR('',#2515,1.);
#2515 = DIRECTION('',(-1.,0.,0.));
#2516 = FACE_BOUND('',#2517,.T.);
#2517 = EDGE_LOOP('',(#2518,#2528,#2536,#2544));
#2518 = ORIENTED_EDGE('',*,*,#2519,.F.);
#2519 = EDGE_CURVE('',#2520,#2522,#2524,.T.);
#2520 = VERTEX_POINT('',#2521);
#2521 = CARTESIAN_POINT('',(38.491024,5.961366,1.499));
#2522 = VERTEX_POINT('',#2523);
#2523 = CARTESIAN_POINT('',(38.491024,20.071009,1.499));
#2524 = LINE('',#2525,#2526);
#2525 = CARTESIAN_POINT('',(38.491024,35.78995775,1.499));
#2526 = VECTOR('',#2527,1.);
#2527 = DIRECTION('',(0.,1.,0.));
#2528 = ORIENTED_EDGE('',*,*,#2529,.F.);
#2529 = EDGE_CURVE('',#2530,#2520,#2532,.T.);
#2530 = VERTEX_POINT('',#2531);
#2531 = CARTESIAN_POINT('',(24.607731,5.961366,1.499));
#2532 = LINE('',#2533,#2534);
#2533 = CARTESIAN_POINT('',(96.4506835,5.961366,1.499));
#2534 = VECTOR('',#2535,1.);
#2535 = DIRECTION('',(1.,0.,0.));
#2536 = ORIENTED_EDGE('',*,*,#2537,.F.);
#2537 = EDGE_CURVE('',#2538,#2530,#2540,.T.);
#2538 = VERTEX_POINT('',#2539);
#2539 = CARTESIAN_POINT('',(24.607731,20.071009,1.499));
#2540 = LINE('',#2541,#2542);
#2541 = CARTESIAN_POINT('',(24.607731,28.73513625,1.499));
#2542 = VECTOR('',#2543,1.);
#2543 = DIRECTION('',(0.,-1.,0.));
#2544 = ORIENTED_EDGE('',*,*,#2545,.F.);
#2545 = EDGE_CURVE('',#2522,#2538,#2546,.T.);
#2546 = LINE('',#2547,#2548);
#2547 = CARTESIAN_POINT('',(89.509037,20.071009,1.499));
#2548 = VECTOR('',#2549,1.);
#2549 = DIRECTION('',(-1.,0.,0.));
#2550 = FACE_BOUND('',#2551,.T.);
#2551 = EDGE_LOOP('',(#2552,#2562,#2570,#2578));
#2552 = ORIENTED_EDGE('',*,*,#2553,.F.);
#2553 = EDGE_CURVE('',#2554,#2556,#2558,.T.);
#2554 = VERTEX_POINT('',#2555);
#2555 = CARTESIAN_POINT('',(57.567905,6.119246,1.499));
#2556 = VERTEX_POINT('',#2557);
#2557 = CARTESIAN_POINT('',(57.567905,20.179764,1.499));
#2558 = LINE('',#2559,#2560);
#2559 = CARTESIAN_POINT('',(57.567905,35.84433525,1.499));
#2560 = VECTOR('',#2561,1.);
#2561 = DIRECTION('',(0.,1.,0.));
#2562 = ORIENTED_EDGE('',*,*,#2563,.F.);
#2563 = EDGE_CURVE('',#2564,#2554,#2566,.T.);
#2564 = VERTEX_POINT('',#2565);
#2565 = CARTESIAN_POINT('',(43.608532,6.119246,1.499));
#2566 = LINE('',#2567,#2568);
#2567 = CARTESIAN_POINT('',(105.989124,6.119246,1.499));
#2568 = VECTOR('',#2569,1.);
#2569 = DIRECTION('',(1.,0.,0.));
#2570 = ORIENTED_EDGE('',*,*,#2571,.F.);
#2571 = EDGE_CURVE('',#2572,#2564,#2574,.T.);
#2572 = VERTEX_POINT('',#2573);
#2573 = CARTESIAN_POINT('',(43.608532,20.179764,1.499));
#2574 = LINE('',#2575,#2576);
#2575 = CARTESIAN_POINT('',(43.608532,28.81407625,1.499));
#2576 = VECTOR('',#2577,1.);
#2577 = DIRECTION('',(0.,-1.,0.));
#2578 = ORIENTED_EDGE('',*,*,#2579,.F.);
#2579 = EDGE_CURVE('',#2556,#2572,#2580,.T.);
#2580 = LINE('',#2581,#2582);
#2581 = CARTESIAN_POINT('',(99.0094375,20.179764,1.499));
#2582 = VECTOR('',#2583,1.);
#2583 = DIRECTION('',(-1.,0.,0.));
#2584 = FACE_BOUND('',#2585,.T.);
#2585 = EDGE_LOOP('',(#2586,#2596,#2604,#2612));
#2586 = ORIENTED_EDGE('',*,*,#2587,.F.);
#2587 = EDGE_CURVE('',#2588,#2590,#2592,.T.);
#2588 = VERTEX_POINT('',#2589);
#2589 = CARTESIAN_POINT('',(76.373543,6.11924,1.499));
#2590 = VERTEX_POINT('',#2591);
#2591 = CARTESIAN_POINT('',(76.373543,20.063152,1.499));
#2592 = LINE('',#2593,#2594);
#2593 = CARTESIAN_POINT('',(76.373543,35.78602925,1.499));
#2594 = VECTOR('',#2595,1.);
#2595 = DIRECTION('',(0.,1.,0.));
#2596 = ORIENTED_EDGE('',*,*,#2597,.F.);
#2597 = EDGE_CURVE('',#2598,#2588,#2600,.T.);
#2598 = VERTEX_POINT('',#2599);
#2599 = CARTESIAN_POINT('',(62.271603,6.11924,1.499));
#2600 = LINE('',#2601,#2602);
#2601 = CARTESIAN_POINT('',(115.391943,6.11924,1.499));
#2602 = VECTOR('',#2603,1.);
#2603 = DIRECTION('',(1.,0.,0.));
#2604 = ORIENTED_EDGE('',*,*,#2605,.F.);
#2605 = EDGE_CURVE('',#2606,#2598,#2608,.T.);
#2606 = VERTEX_POINT('',#2607);
#2607 = CARTESIAN_POINT('',(62.271603,20.063152,1.499));
#2608 = LINE('',#2609,#2610);
#2609 = CARTESIAN_POINT('',(62.271603,28.81407325,1.499));
#2610 = VECTOR('',#2611,1.);
#2611 = DIRECTION('',(0.,-1.,0.));
#2612 = ORIENTED_EDGE('',*,*,#2613,.F.);
#2613 = EDGE_CURVE('',#2590,#2606,#2614,.T.);
#2614 = LINE('',#2615,#2616);
#2615 = CARTESIAN_POINT('',(108.340973,20.063152,1.499));
#2616 = VECTOR('',#2617,1.);
#2617 = DIRECTION('',(-1.,0.,0.));
#2618 = FACE_BOUND('',#2619,.T.);
#2619 = EDGE_LOOP('',(#2620,#2630,#2638,#2646));
#2620 = ORIENTED_EDGE('',*,*,#2621,.F.);
#2621 = EDGE_CURVE('',#2622,#2624,#2626,.T.);
#2622 = VERTEX_POINT('',#2623);
#2623 = CARTESIAN_POINT('',(138.757004,6.009524,1.499));
#2624 = VERTEX_POINT('',#2625);
#2625 = CARTESIAN_POINT('',(138.757004,20.104465,1.499));
#2626 = LINE('',#2627,#2628);
#2627 = CARTESIAN_POINT('',(138.757004,35.80668575,1.499));
#2628 = VECTOR('',#2629,1.);
#2629 = DIRECTION('',(0.,1.,0.));
#2630 = ORIENTED_EDGE('',*,*,#2631,.F.);
#2631 = EDGE_CURVE('',#2632,#2622,#2634,.T.);
#2632 = VERTEX_POINT('',#2633);
#2633 = CARTESIAN_POINT('',(124.805145,6.009524,1.499));
#2634 = LINE('',#2635,#2636);
#2635 = CARTESIAN_POINT('',(146.5836735,6.009524,1.499));
#2636 = VECTOR('',#2637,1.);
#2637 = DIRECTION('',(1.,0.,0.));
#2638 = ORIENTED_EDGE('',*,*,#2639,.F.);
#2639 = EDGE_CURVE('',#2640,#2632,#2642,.T.);
#2640 = VERTEX_POINT('',#2641);
#2641 = CARTESIAN_POINT('',(124.805145,20.104465,1.499));
#2642 = LINE('',#2643,#2644);
#2643 = CARTESIAN_POINT('',(124.805145,28.75921525,1.499));
#2644 = VECTOR('',#2645,1.);
#2645 = DIRECTION('',(0.,-1.,0.));
#2646 = ORIENTED_EDGE('',*,*,#2647,.F.);
#2647 = EDGE_CURVE('',#2624,#2640,#2648,.T.);
#2648 = LINE('',#2649,#2650);
#2649 = CARTESIAN_POINT('',(139.607744,20.104465,1.499));
#2650 = VECTOR('',#2651,1.);
#2651 = DIRECTION('',(-1.,0.,0.));
#2652 = FACE_BOUND('',#2653,.T.);
#2653 = EDGE_LOOP('',(#2654,#2664,#2672,#2680));
#2654 = ORIENTED_EDGE('',*,*,#2655,.F.);
#2655 = EDGE_CURVE('',#2656,#2658,#2660,.T.);
#2656 = VERTEX_POINT('',#2657);
#2657 = CARTESIAN_POINT('',(29.622561,25.19887,1.499));
#2658 = VERTEX_POINT('',#2659);
#2659 = CARTESIAN_POINT('',(29.622561,39.082203,1.499));
#2660 = LINE('',#2661,#2662);
#2661 = CARTESIAN_POINT('',(29.622561,45.29555475,1.499));
#2662 = VECTOR('',#2663,1.);
#2663 = DIRECTION('',(0.,1.,0.));
#2664 = ORIENTED_EDGE('',*,*,#2665,.F.);
#2665 = EDGE_CURVE('',#2666,#2656,#2668,.T.);
#2666 = VERTEX_POINT('',#2667);
#2667 = CARTESIAN_POINT('',(15.286504,25.19887,1.499));
#2668 = LINE('',#2669,#2670);
#2669 = CARTESIAN_POINT('',(92.016452,25.19887,1.499));
#2670 = VECTOR('',#2671,1.);
#2671 = DIRECTION('',(1.,0.,0.));
#2672 = ORIENTED_EDGE('',*,*,#2673,.F.);
#2673 = EDGE_CURVE('',#2674,#2666,#2676,.T.);
#2674 = VERTEX_POINT('',#2675);
#2675 = CARTESIAN_POINT('',(15.286504,39.082203,1.499));
#2676 = LINE('',#2677,#2678);
#2677 = CARTESIAN_POINT('',(15.286504,38.35388825,1.499));
#2678 = VECTOR('',#2679,1.);
#2679 = DIRECTION('',(0.,-1.,0.));
#2680 = ORIENTED_EDGE('',*,*,#2681,.F.);
#2681 = EDGE_CURVE('',#2658,#2674,#2682,.T.);
#2682 = LINE('',#2683,#2684);
#2683 = CARTESIAN_POINT('',(84.8484235,39.082203,1.499));
#2684 = VECTOR('',#2685,1.);
#2685 = DIRECTION('',(-1.,0.,0.));
#2686 = FACE_BOUND('',#2687,.T.);
#2687 = EDGE_LOOP('',(#2688,#2698,#2706,#2714));
#2688 = ORIENTED_EDGE('',*,*,#2689,.F.);
#2689 = EDGE_CURVE('',#2690,#2692,#2694,.T.);
#2690 = VERTEX_POINT('',#2691);
#2691 = CARTESIAN_POINT('',(57.905342,25.00873,1.499));
#2692 = VERTEX_POINT('',#2693);
#2693 = CARTESIAN_POINT('',(57.905342,39.146011,1.499));
#2694 = LINE('',#2695,#2696);
#2695 = CARTESIAN_POINT('',(57.905342,45.32745875,1.499));
#2696 = VECTOR('',#2697,1.);
#2697 = DIRECTION('',(0.,1.,0.));
#2698 = ORIENTED_EDGE('',*,*,#2699,.F.);
#2699 = EDGE_CURVE('',#2700,#2690,#2702,.T.);
#2700 = VERTEX_POINT('',#2701);
#2701 = CARTESIAN_POINT('',(43.757137,25.00873,1.499));
#2702 = LINE('',#2703,#2704);
#2703 = CARTESIAN_POINT('',(106.1578425,25.00873,1.499));
#2704 = VECTOR('',#2705,1.);
#2705 = DIRECTION('',(1.,0.,0.));
#2706 = ORIENTED_EDGE('',*,*,#2707,.F.);
#2707 = EDGE_CURVE('',#2708,#2700,#2710,.T.);
#2708 = VERTEX_POINT('',#2709);
#2709 = CARTESIAN_POINT('',(43.757137,39.146011,1.499));
#2710 = LINE('',#2711,#2712);
#2711 = CARTESIAN_POINT('',(43.757137,38.25881825,1.499));
#2712 = VECTOR('',#2713,1.);
#2713 = DIRECTION('',(0.,-1.,0.));
#2714 = ORIENTED_EDGE('',*,*,#2715,.F.);
#2715 = EDGE_CURVE('',#2692,#2708,#2716,.T.);
#2716 = LINE('',#2717,#2718);
#2717 = CARTESIAN_POINT('',(99.08374,39.146011,1.499));
#2718 = VECTOR('',#2719,1.);
#2719 = DIRECTION('',(-1.,0.,0.));
#2720 = FACE_BOUND('',#2721,.T.);
#2721 = EDGE_LOOP('',(#2722,#2732,#2740,#2748));
#2722 = ORIENTED_EDGE('',*,*,#2723,.F.);
#2723 = EDGE_CURVE('',#2724,#2726,#2728,.T.);
#2724 = VERTEX_POINT('',#2725);
#2725 = CARTESIAN_POINT('',(77.034012,25.122835,1.499));
#2726 = VERTEX_POINT('',#2727);
#2727 = CARTESIAN_POINT('',(77.034012,39.246429,1.499));
#2728 = LINE('',#2729,#2730);
#2729 = CARTESIAN_POINT('',(77.034012,45.37766775,1.499));
#2730 = VECTOR('',#2731,1.);
#2731 = DIRECTION('',(0.,1.,0.));
#2732 = ORIENTED_EDGE('',*,*,#2733,.F.);
#2733 = EDGE_CURVE('',#2734,#2724,#2736,.T.);
#2734 = VERTEX_POINT('',#2735);
#2735 = CARTESIAN_POINT('',(62.790981,25.122835,1.499));
#2736 = LINE('',#2737,#2738);
#2737 = CARTESIAN_POINT('',(115.7221775,25.122835,1.499));
#2738 = VECTOR('',#2739,1.);
#2739 = DIRECTION('',(1.,0.,0.));
#2740 = ORIENTED_EDGE('',*,*,#2741,.F.);
#2741 = EDGE_CURVE('',#2742,#2734,#2744,.T.);
#2742 = VERTEX_POINT('',#2743);
#2743 = CARTESIAN_POINT('',(62.790981,39.246429,1.499));
#2744 = LINE('',#2745,#2746);
#2745 = CARTESIAN_POINT('',(62.790981,38.31587075,1.499));
#2746 = VECTOR('',#2747,1.);
#2747 = DIRECTION('',(0.,-1.,0.));
#2748 = ORIENTED_EDGE('',*,*,#2749,.F.);
#2749 = EDGE_CURVE('',#2726,#2742,#2750,.T.);
#2750 = LINE('',#2751,#2752);
#2751 = CARTESIAN_POINT('',(108.600662,39.246429,1.499));
#2752 = VECTOR('',#2753,1.);
#2753 = DIRECTION('',(-1.,0.,0.));
#2754 = FACE_BOUND('',#2755,.T.);
#2755 = EDGE_LOOP('',(#2756,#2766,#2774,#2782));
#2756 = ORIENTED_EDGE('',*,*,#2757,.F.);
#2757 = EDGE_CURVE('',#2758,#2760,#2762,.T.);
#2758 = VERTEX_POINT('',#2759);
#2759 = CARTESIAN_POINT('',(29.41094,44.000935,1.499));
#2760 = VERTEX_POINT('',#2761);
#2761 = CARTESIAN_POINT('',(29.41094,58.186047,1.499));
#2762 = LINE('',#2763,#2764);
#2763 = CARTESIAN_POINT('',(29.41094,54.84747675,1.499));
#2764 = VECTOR('',#2765,1.);
#2765 = DIRECTION('',(0.,1.,0.));
#2766 = ORIENTED_EDGE('',*,*,#2767,.F.);
#2767 = EDGE_CURVE('',#2768,#2758,#2770,.T.);
#2768 = VERTEX_POINT('',#2769);
#2769 = CARTESIAN_POINT('',(15.225821,44.000935,1.499));
#2770 = LINE('',#2771,#2772);
#2771 = CARTESIAN_POINT('',(91.9106415,44.000935,1.499));
#2772 = VECTOR('',#2773,1.);
#2773 = DIRECTION('',(1.,0.,0.));
#2774 = ORIENTED_EDGE('',*,*,#2775,.F.);
#2775 = EDGE_CURVE('',#2776,#2768,#2778,.T.);
#2776 = VERTEX_POINT('',#2777);
#2777 = CARTESIAN_POINT('',(15.225821,58.186047,1.499));
#2778 = LINE('',#2779,#2780);
#2779 = CARTESIAN_POINT('',(15.225821,47.75492075,1.499));
#2780 = VECTOR('',#2781,1.);
#2781 = DIRECTION('',(0.,-1.,0.));
#2782 = ORIENTED_EDGE('',*,*,#2783,.F.);
#2783 = EDGE_CURVE('',#2760,#2776,#2784,.T.);
#2784 = LINE('',#2785,#2786);
#2785 = CARTESIAN_POINT('',(84.818082,58.186047,1.499));
#2786 = VECTOR('',#2787,1.);
#2787 = DIRECTION('',(-1.,0.,0.));
#2788 = FACE_BOUND('',#2789,.T.);
#2789 = EDGE_LOOP('',(#2790,#2800,#2808,#2816));
#2790 = ORIENTED_EDGE('',*,*,#2791,.F.);
#2791 = EDGE_CURVE('',#2792,#2794,#2796,.T.);
#2792 = VERTEX_POINT('',#2793);
#2793 = CARTESIAN_POINT('',(53.148266,44.089088,1.499));
#2794 = VERTEX_POINT('',#2795);
#2795 = CARTESIAN_POINT('',(53.148266,58.19875,1.499));
#2796 = LINE('',#2797,#2798);
#2797 = CARTESIAN_POINT('',(53.148266,54.85382825,1.499));
#2798 = VECTOR('',#2799,1.);
#2799 = DIRECTION('',(0.,1.,0.));
#2800 = ORIENTED_EDGE('',*,*,#2801,.F.);
#2801 = EDGE_CURVE('',#2802,#2792,#2804,.T.);
#2802 = VERTEX_POINT('',#2803);
#2803 = CARTESIAN_POINT('',(38.963142,44.089088,1.499));
#2804 = LINE('',#2805,#2806);
#2805 = CARTESIAN_POINT('',(103.7793045,44.089088,1.499));
#2806 = VECTOR('',#2807,1.);
#2807 = DIRECTION('',(1.,0.,0.));
#2808 = ORIENTED_EDGE('',*,*,#2809,.F.);
#2809 = EDGE_CURVE('',#2810,#2802,#2812,.T.);
#2810 = VERTEX_POINT('',#2811);
#2811 = CARTESIAN_POINT('',(38.963142,58.19875,1.499));
#2812 = LINE('',#2813,#2814);
#2813 = CARTESIAN_POINT('',(38.963142,47.79899725,1.499));
#2814 = VECTOR('',#2815,1.);
#2815 = DIRECTION('',(0.,-1.,0.));
#2816 = ORIENTED_EDGE('',*,*,#2817,.F.);
#2817 = EDGE_CURVE('',#2794,#2810,#2818,.T.);
#2818 = LINE('',#2819,#2820);
#2819 = CARTESIAN_POINT('',(96.6867425,58.19875,1.499));
#2820 = VECTOR('',#2821,1.);
#2821 = DIRECTION('',(-1.,0.,0.));
#2822 = FACE_BOUND('',#2823,.T.);
#2823 = EDGE_LOOP('',(#2824,#2834,#2842,#2850));
#2824 = ORIENTED_EDGE('',*,*,#2825,.F.);
#2825 = EDGE_CURVE('',#2826,#2828,#2830,.T.);
#2826 = VERTEX_POINT('',#2827);
#2827 = CARTESIAN_POINT('',(72.602005,44.174217,1.499));
#2828 = VERTEX_POINT('',#2829);
#2829 = CARTESIAN_POINT('',(72.602005,58.182247,1.499));
#2830 = LINE('',#2831,#2832);
#2831 = CARTESIAN_POINT('',(72.602005,54.84557675,1.499));
#2832 = VECTOR('',#2833,1.);
#2833 = DIRECTION('',(0.,1.,0.));
#2834 = ORIENTED_EDGE('',*,*,#2835,.F.);
#2835 = EDGE_CURVE('',#2836,#2826,#2838,.T.);
#2836 = VERTEX_POINT('',#2837);
#2837 = CARTESIAN_POINT('',(58.22533,44.174217,1.499));
#2838 = LINE('',#2839,#2840);
#2839 = CARTESIAN_POINT('',(113.506174,44.174217,1.499));
#2840 = VECTOR('',#2841,1.);
#2841 = DIRECTION('',(1.,0.,0.));
#2842 = ORIENTED_EDGE('',*,*,#2843,.F.);
#2843 = EDGE_CURVE('',#2844,#2836,#2846,.T.);
#2844 = VERTEX_POINT('',#2845);
#2845 = CARTESIAN_POINT('',(58.22533,58.182247,1.499));
#2846 = LINE('',#2847,#2848);
#2847 = CARTESIAN_POINT('',(58.22533,47.84156175,1.499));
#2848 = VECTOR('',#2849,1.);
#2849 = DIRECTION('',(0.,-1.,0.));
#2850 = ORIENTED_EDGE('',*,*,#2851,.F.);
#2851 = EDGE_CURVE('',#2828,#2844,#2852,.T.);
#2852 = LINE('',#2853,#2854);
#2853 = CARTESIAN_POINT('',(106.3178365,58.182247,1.499));
#2854 = VECTOR('',#2855,1.);
#2855 = DIRECTION('',(-1.,0.,0.));
#2856 = FACE_BOUND('',#2857,.T.);
#2857 = EDGE_LOOP('',(#2858,#2868,#2876,#2884));
#2858 = ORIENTED_EDGE('',*,*,#2859,.F.);
#2859 = EDGE_CURVE('',#2860,#2862,#2864,.T.);
#2860 = VERTEX_POINT('',#2861);
#2861 = CARTESIAN_POINT('',(96.353477,24.985832,1.499));
#2862 = VERTEX_POINT('',#2863);
#2863 = CARTESIAN_POINT('',(96.353477,39.18528,1.499));
#2864 = LINE('',#2865,#2866);
#2865 = CARTESIAN_POINT('',(96.353477,45.34709325,1.499));
#2866 = VECTOR('',#2867,1.);
#2867 = DIRECTION('',(0.,1.,0.));
#2868 = ORIENTED_EDGE('',*,*,#2869,.F.);
#2869 = EDGE_CURVE('',#2870,#2860,#2872,.T.);
#2870 = VERTEX_POINT('',#2871);
#2871 = CARTESIAN_POINT('',(82.089348,24.985832,1.499));
#2872 = LINE('',#2873,#2874);
#2873 = CARTESIAN_POINT('',(125.38191,24.985832,1.499));
#2874 = VECTOR('',#2875,1.);
#2875 = DIRECTION('',(1.,0.,0.));
#2876 = ORIENTED_EDGE('',*,*,#2877,.F.);
#2877 = EDGE_CURVE('',#2878,#2870,#2880,.T.);
#2878 = VERTEX_POINT('',#2879);
#2879 = CARTESIAN_POINT('',(82.089348,39.18528,1.499));
#2880 = LINE('',#2881,#2882);
#2881 = CARTESIAN_POINT('',(82.089348,38.24736925,1.499));
#2882 = VECTOR('',#2883,1.);
#2883 = DIRECTION('',(0.,-1.,0.));
#2884 = ORIENTED_EDGE('',*,*,#2885,.F.);
#2885 = EDGE_CURVE('',#2862,#2878,#2886,.T.);
#2886 = LINE('',#2887,#2888);
#2887 = CARTESIAN_POINT('',(118.2498455,39.18528,1.499));
#2888 = VECTOR('',#2889,1.);
#2889 = DIRECTION('',(-1.,0.,0.));
#2890 = FACE_BOUND('',#2891,.T.);
#2891 = EDGE_LOOP('',(#2892,#2902,#2910,#2918));
#2892 = ORIENTED_EDGE('',*,*,#2893,.F.);
#2893 = EDGE_CURVE('',#2894,#2896,#2898,.T.);
#2894 = VERTEX_POINT('',#2895);
#2895 = CARTESIAN_POINT('',(115.669418,25.301949,1.499));
#2896 = VERTEX_POINT('',#2897);
#2897 = CARTESIAN_POINT('',(115.669418,39.185276,1.499));
#2898 = LINE('',#2899,#2900);
#2899 = CARTESIAN_POINT('',(115.669418,45.34709125,1.499));
#2900 = VECTOR('',#2901,1.);
#2901 = DIRECTION('',(0.,1.,0.));
#2902 = ORIENTED_EDGE('',*,*,#2903,.F.);
#2903 = EDGE_CURVE('',#2904,#2894,#2906,.T.);
#2904 = VERTEX_POINT('',#2905);
#2905 = CARTESIAN_POINT('',(101.484276,25.301949,1.499));
#2906 = LINE('',#2907,#2908);
#2907 = CARTESIAN_POINT('',(135.0398805,25.301949,1.499));
#2908 = VECTOR('',#2909,1.);
#2909 = DIRECTION('',(1.,0.,0.));
#2910 = ORIENTED_EDGE('',*,*,#2911,.F.);
#2911 = EDGE_CURVE('',#2912,#2904,#2914,.T.);
#2912 = VERTEX_POINT('',#2913);
#2913 = CARTESIAN_POINT('',(101.484276,39.185276,1.499));
#2914 = LINE('',#2915,#2916);
#2915 = CARTESIAN_POINT('',(101.484276,38.40542775,1.499));
#2916 = VECTOR('',#2917,1.);
#2917 = DIRECTION('',(0.,-1.,0.));
#2918 = ORIENTED_EDGE('',*,*,#2919,.F.);
#2919 = EDGE_CURVE('',#2896,#2912,#2920,.T.);
#2920 = LINE('',#2921,#2922);
#2921 = CARTESIAN_POINT('',(127.9473095,39.185276,1.499));
#2922 = VECTOR('',#2923,1.);
#2923 = DIRECTION('',(-1.,0.,0.));
#2924 = FACE_BOUND('',#2925,.T.);
#2925 = EDGE_LOOP('',(#2926,#2936,#2944,#2952));
#2926 = ORIENTED_EDGE('',*,*,#2927,.F.);
#2927 = EDGE_CURVE('',#2928,#2930,#2932,.T.);
#2928 = VERTEX_POINT('',#2929);
#2929 = CARTESIAN_POINT('',(134.667175,24.961611,1.499));
#2930 = VERTEX_POINT('',#2931);
#2931 = CARTESIAN_POINT('',(134.667175,39.04644,1.499));
#2932 = LINE('',#2933,#2934);
#2933 = CARTESIAN_POINT('',(134.667175,45.27767325,1.499));
#2934 = VECTOR('',#2935,1.);
#2935 = DIRECTION('',(0.,1.,0.));
#2936 = ORIENTED_EDGE('',*,*,#2937,.F.);
#2937 = EDGE_CURVE('',#2938,#2928,#2940,.T.);
#2938 = VERTEX_POINT('',#2939);
#2939 = CARTESIAN_POINT('',(120.582336,24.961611,1.499));
#2940 = LINE('',#2941,#2942);
#2941 = CARTESIAN_POINT('',(144.538759,24.961611,1.499));
#2942 = VECTOR('',#2943,1.);
#2943 = DIRECTION('',(1.,0.,0.));
#2944 = ORIENTED_EDGE('',*,*,#2945,.F.);
#2945 = EDGE_CURVE('',#2946,#2938,#2948,.T.);
#2946 = VERTEX_POINT('',#2947);
#2947 = CARTESIAN_POINT('',(120.582336,39.04644,1.499));
#2948 = LINE('',#2949,#2950);
#2949 = CARTESIAN_POINT('',(120.582336,38.23525875,1.499));
#2950 = VECTOR('',#2951,1.);
#2951 = DIRECTION('',(0.,-1.,0.));
#2952 = ORIENTED_EDGE('',*,*,#2953,.F.);
#2953 = EDGE_CURVE('',#2930,#2946,#2954,.T.);
#2954 = LINE('',#2955,#2956);
#2955 = CARTESIAN_POINT('',(137.4963395,39.04644,1.499));
#2956 = VECTOR('',#2957,1.);
#2957 = DIRECTION('',(-1.,0.,0.));
#2958 = FACE_BOUND('',#2959,.T.);
#2959 = EDGE_LOOP('',(#2960,#2970,#2978,#2986));
#2960 = ORIENTED_EDGE('',*,*,#2961,.F.);
#2961 = EDGE_CURVE('',#2962,#2964,#2966,.T.);
#2962 = VERTEX_POINT('',#2963);
#2963 = CARTESIAN_POINT('',(153.960907,24.956562,1.499));
#2964 = VERTEX_POINT('',#2965);
#2965 = CARTESIAN_POINT('',(153.960907,39.067699,1.499));
#2966 = LINE('',#2967,#2968);
#2967 = CARTESIAN_POINT('',(153.960907,45.28830275,1.499));
#2968 = VECTOR('',#2969,1.);
#2969 = DIRECTION('',(0.,1.,0.));
#2970 = ORIENTED_EDGE('',*,*,#2971,.F.);
#2971 = EDGE_CURVE('',#2972,#2962,#2974,.T.);
#2972 = VERTEX_POINT('',#2973);
#2973 = CARTESIAN_POINT('',(139.90033,24.956562,1.499));
#2974 = LINE('',#2975,#2976);
#2975 = CARTESIAN_POINT('',(154.185625,24.956562,1.499));
#2976 = VECTOR('',#2977,1.);
#2977 = DIRECTION('',(1.,0.,0.));
#2978 = ORIENTED_EDGE('',*,*,#2979,.F.);
#2979 = EDGE_CURVE('',#2980,#2972,#2982,.T.);
#2980 = VERTEX_POINT('',#2981);
#2981 = CARTESIAN_POINT('',(139.90033,39.067699,1.499));
#2982 = LINE('',#2983,#2984);
#2983 = CARTESIAN_POINT('',(139.90033,38.23273425,1.499));
#2984 = VECTOR('',#2985,1.);
#2985 = DIRECTION('',(0.,-1.,0.));
#2986 = ORIENTED_EDGE('',*,*,#2987,.F.);
#2987 = EDGE_CURVE('',#2964,#2980,#2988,.T.);
#2988 = LINE('',#2989,#2990);
#2989 = CARTESIAN_POINT('',(147.1553365,39.067699,1.499));
#2990 = VECTOR('',#2991,1.);
#2991 = DIRECTION('',(-1.,0.,0.));
#2992 = FACE_BOUND('',#2993,.T.);
#2993 = EDGE_LOOP('',(#2994,#3004,#3012,#3020));
#2994 = ORIENTED_EDGE('',*,*,#2995,.F.);
#2995 = EDGE_CURVE('',#2996,#2998,#3000,.T.);
#2996 = VERTEX_POINT('',#2997);
#2997 = CARTESIAN_POINT('',(91.832344,44.147072,1.499));
#2998 = VERTEX_POINT('',#2999);
#2999 = CARTESIAN_POINT('',(91.832344,58.046543,1.499));
#3000 = LINE('',#3001,#3002);
#3001 = CARTESIAN_POINT('',(91.832344,54.77772475,1.499));
#3002 = VECTOR('',#3003,1.);
#3003 = DIRECTION('',(0.,1.,0.));
#3004 = ORIENTED_EDGE('',*,*,#3005,.F.);
#3005 = EDGE_CURVE('',#3006,#2996,#3008,.T.);
#3006 = VERTEX_POINT('',#3007);
#3007 = CARTESIAN_POINT('',(77.747551,44.147072,1.499));
#3008 = LINE('',#3009,#3010);
#3009 = CARTESIAN_POINT('',(123.1213435,44.147072,1.499));
#3010 = VECTOR('',#3011,1.);
#3011 = DIRECTION('',(1.,0.,0.));
#3012 = ORIENTED_EDGE('',*,*,#3013,.F.);
#3013 = EDGE_CURVE('',#3014,#3006,#3016,.T.);
#3014 = VERTEX_POINT('',#3015);
#3015 = CARTESIAN_POINT('',(77.747551,58.046543,1.499));
#3016 = LINE('',#3017,#3018);
#3017 = CARTESIAN_POINT('',(77.747551,47.82798925,1.499));
#3018 = VECTOR('',#3019,1.);
#3019 = DIRECTION('',(0.,-1.,0.));
#3020 = ORIENTED_EDGE('',*,*,#3021,.F.);
#3021 = EDGE_CURVE('',#2998,#3014,#3022,.T.);
#3022 = LINE('',#3023,#3024);
#3023 = CARTESIAN_POINT('',(116.078947,58.046543,1.499));
#3024 = VECTOR('',#3025,1.);
#3025 = DIRECTION('',(-1.,0.,0.));
#3026 = FACE_BOUND('',#3027,.T.);
#3027 = EDGE_LOOP('',(#3028,#3038,#3046,#3054));
#3028 = ORIENTED_EDGE('',*,*,#3029,.F.);
#3029 = EDGE_CURVE('',#3030,#3032,#3034,.T.);
#3030 = VERTEX_POINT('',#3031);
#3031 = CARTESIAN_POINT('',(110.707718,44.066204,1.499));
#3032 = VERTEX_POINT('',#3033);
#3033 = CARTESIAN_POINT('',(110.707718,58.186771,1.499));
#3034 = LINE('',#3035,#3036);
#3035 = CARTESIAN_POINT('',(110.707718,54.84783875,1.499));
#3036 = VECTOR('',#3037,1.);
#3037 = DIRECTION('',(0.,1.,0.));
#3038 = ORIENTED_EDGE('',*,*,#3039,.F.);
#3039 = EDGE_CURVE('',#3040,#3030,#3042,.T.);
#3040 = VERTEX_POINT('',#3041);
#3041 = CARTESIAN_POINT('',(96.628548,44.066204,1.499));
#3042 = LINE('',#3043,#3044);
#3043 = CARTESIAN_POINT('',(132.5590305,44.066204,1.499));
#3044 = VECTOR('',#3045,1.);
#3045 = DIRECTION('',(1.,0.,0.));
#3046 = ORIENTED_EDGE('',*,*,#3047,.F.);
#3047 = EDGE_CURVE('',#3048,#3040,#3050,.T.);
#3048 = VERTEX_POINT('',#3049);
#3049 = CARTESIAN_POINT('',(96.628548,58.186771,1.499));
#3050 = LINE('',#3051,#3052);
#3051 = CARTESIAN_POINT('',(96.628548,47.78755525,1.499));
#3052 = VECTOR('',#3053,1.);
#3053 = DIRECTION('',(0.,-1.,0.));
#3054 = ORIENTED_EDGE('',*,*,#3055,.F.);
#3055 = EDGE_CURVE('',#3032,#3048,#3056,.T.);
#3056 = LINE('',#3057,#3058);
#3057 = CARTESIAN_POINT('',(125.5194455,58.186771,1.499));
#3058 = VECTOR('',#3059,1.);
#3059 = DIRECTION('',(-1.,0.,0.));
#3060 = FACE_BOUND('',#3061,.T.);
#3061 = EDGE_LOOP('',(#3062,#3072,#3080,#3088));
#3062 = ORIENTED_EDGE('',*,*,#3063,.F.);
#3063 = EDGE_CURVE('',#3064,#3066,#3068,.T.);
#3064 = VERTEX_POINT('',#3065);
#3065 = CARTESIAN_POINT('',(130.088486,44.066196,1.499));
#3066 = VERTEX_POINT('',#3067);
#3067 = CARTESIAN_POINT('',(130.088486,58.15155,1.499));
#3068 = LINE('',#3069,#3070);
#3069 = CARTESIAN_POINT('',(130.088486,54.83022825,1.499));
#3070 = VECTOR('',#3071,1.);
#3071 = DIRECTION('',(0.,1.,0.));
#3072 = ORIENTED_EDGE('',*,*,#3073,.F.);
#3073 = EDGE_CURVE('',#3074,#3064,#3076,.T.);
#3074 = VERTEX_POINT('',#3075);
#3075 = CARTESIAN_POINT('',(116.049515,44.066196,1.499));
#3076 = LINE('',#3077,#3078);
#3077 = CARTESIAN_POINT('',(142.2494145,44.066196,1.499));
#3078 = VECTOR('',#3079,1.);
#3079 = DIRECTION('',(1.,0.,0.));
#3080 = ORIENTED_EDGE('',*,*,#3081,.F.);
#3081 = EDGE_CURVE('',#3082,#3074,#3084,.T.);
#3082 = VERTEX_POINT('',#3083);
#3083 = CARTESIAN_POINT('',(116.049515,58.15155,1.499));
#3084 = LINE('',#3085,#3086);
#3085 = CARTESIAN_POINT('',(116.049515,47.78755125,1.499));
#3086 = VECTOR('',#3087,1.);
#3087 = DIRECTION('',(0.,-1.,0.));
#3088 = ORIENTED_EDGE('',*,*,#3089,.F.);
#3089 = EDGE_CURVE('',#3066,#3082,#3090,.T.);
#3090 = LINE('',#3091,#3092);
#3091 = CARTESIAN_POINT('',(135.229929,58.15155,1.499));
#3092 = VECTOR('',#3093,1.);
#3093 = DIRECTION('',(-1.,0.,0.));
#3094 = FACE_BOUND('',#3095,.T.);
#3095 = EDGE_LOOP('',(#3096,#3106,#3114,#3122));
#3096 = ORIENTED_EDGE('',*,*,#3097,.F.);
#3097 = EDGE_CURVE('',#3098,#3100,#3102,.T.);
#3098 = VERTEX_POINT('',#3099);
#3099 = CARTESIAN_POINT('',(149.221603,44.083916,1.499));
#3100 = VERTEX_POINT('',#3101);
#3101 = CARTESIAN_POINT('',(149.221603,58.213406,1.499));
#3102 = LINE('',#3103,#3104);
#3103 = CARTESIAN_POINT('',(149.221603,54.86115625,1.499));
#3104 = VECTOR('',#3105,1.);
#3105 = DIRECTION('',(0.,1.,0.));
#3106 = ORIENTED_EDGE('',*,*,#3107,.F.);
#3107 = EDGE_CURVE('',#3108,#3098,#3110,.T.);
#3108 = VERTEX_POINT('',#3109);
#3109 = CARTESIAN_POINT('',(135.1539,44.083916,1.499));
#3110 = LINE('',#3111,#3112);
#3111 = CARTESIAN_POINT('',(151.815973,44.083916,1.499));
#3112 = VECTOR('',#3113,1.);
#3113 = DIRECTION('',(1.,0.,0.));
#3114 = ORIENTED_EDGE('',*,*,#3115,.F.);
#3115 = EDGE_CURVE('',#3116,#3108,#3118,.T.);
#3116 = VERTEX_POINT('',#3117);
#3117 = CARTESIAN_POINT('',(135.1539,58.213406,1.499));
#3118 = LINE('',#3119,#3120);
#3119 = CARTESIAN_POINT('',(135.1539,47.79641125,1.499));
#3120 = VECTOR('',#3121,1.);
#3121 = DIRECTION('',(0.,-1.,0.));
#3122 = ORIENTED_EDGE('',*,*,#3123,.F.);
#3123 = EDGE_CURVE('',#3100,#3116,#3124,.T.);
#3124 = LINE('',#3125,#3126);
#3125 = CARTESIAN_POINT('',(144.7821215,58.213406,1.499));
#3126 = VECTOR('',#3127,1.);
#3127 = DIRECTION('',(-1.,0.,0.));
#3128 = FACE_BOUND('',#3129,.T.);
#3129 = EDGE_LOOP('',(#3130,#3140,#3148,#3156));
#3130 = ORIENTED_EDGE('',*,*,#3131,.F.);
#3131 = EDGE_CURVE('',#3132,#3134,#3136,.T.);
#3132 = VERTEX_POINT('',#3133);
#3133 = CARTESIAN_POINT('',(202.590454,5.966896,1.499));
#3134 = VERTEX_POINT('',#3135);
#3135 = CARTESIAN_POINT('',(202.590454,20.004648,1.499));
#3136 = LINE('',#3137,#3138);
#3137 = CARTESIAN_POINT('',(202.590454,35.75677725,1.499));
#3138 = VECTOR('',#3139,1.);
#3139 = DIRECTION('',(0.,1.,0.));
#3140 = ORIENTED_EDGE('',*,*,#3141,.F.);
#3141 = EDGE_CURVE('',#3142,#3132,#3144,.T.);
#3142 = VERTEX_POINT('',#3143);
#3143 = CARTESIAN_POINT('',(188.469879,5.966896,1.499));
#3144 = LINE('',#3145,#3146);
#3145 = CARTESIAN_POINT('',(178.5003985,5.966896,1.499));
#3146 = VECTOR('',#3147,1.);
#3147 = DIRECTION('',(1.,0.,0.));
#3148 = ORIENTED_EDGE('',*,*,#3149,.F.);
#3149 = EDGE_CURVE('',#3150,#3142,#3152,.T.);
#3150 = VERTEX_POINT('',#3151);
#3151 = CARTESIAN_POINT('',(188.469879,20.004648,1.499));
#3152 = LINE('',#3153,#3154);
#3153 = CARTESIAN_POINT('',(188.469879,28.73790125,1.499));
#3154 = VECTOR('',#3155,1.);
#3155 = DIRECTION('',(0.,-1.,0.));
#3156 = ORIENTED_EDGE('',*,*,#3157,.F.);
#3157 = EDGE_CURVE('',#3134,#3150,#3158,.T.);
#3158 = LINE('',#3159,#3160);
#3159 = CARTESIAN_POINT('',(171.440111,20.004648,1.499));
#3160 = VECTOR('',#3161,1.);
#3161 = DIRECTION('',(-1.,0.,0.));
#3162 = FACE_BOUND('',#3163,.T.);
#3163 = EDGE_LOOP('',(#3164,#3174,#3182,#3190));
#3164 = ORIENTED_EDGE('',*,*,#3165,.F.);
#3165 = EDGE_CURVE('',#3166,#3168,#3170,.T.);
#3166 = VERTEX_POINT('',#3167);
#3167 = CARTESIAN_POINT('',(221.936401,5.717991,1.499));
#3168 = VERTEX_POINT('',#3169);
#3169 = CARTESIAN_POINT('',(221.936401,20.031256,1.499));
#3170 = LINE('',#3171,#3172);
#3171 = CARTESIAN_POINT('',(221.936401,35.77008125,1.499));
#3172 = VECTOR('',#3173,1.);
#3173 = DIRECTION('',(0.,1.,0.));
#3174 = ORIENTED_EDGE('',*,*,#3175,.F.);
#3175 = EDGE_CURVE('',#3176,#3166,#3178,.T.);
#3176 = VERTEX_POINT('',#3177);
#3177 = CARTESIAN_POINT('',(207.953156,5.717991,1.499));
#3178 = LINE('',#3179,#3180);
#3179 = CARTESIAN_POINT('',(188.173372,5.717991,1.499));
#3180 = VECTOR('',#3181,1.);
#3181 = DIRECTION('',(1.,0.,0.));
#3182 = ORIENTED_EDGE('',*,*,#3183,.F.);
#3183 = EDGE_CURVE('',#3184,#3176,#3186,.T.);
#3184 = VERTEX_POINT('',#3185);
#3185 = CARTESIAN_POINT('',(207.953156,20.031256,1.499));
#3186 = LINE('',#3187,#3188);
#3187 = CARTESIAN_POINT('',(207.953156,28.61344875,1.499));
#3188 = VECTOR('',#3189,1.);
#3189 = DIRECTION('',(0.,-1.,0.));
#3190 = ORIENTED_EDGE('',*,*,#3191,.F.);
#3191 = EDGE_CURVE('',#3168,#3184,#3192,.T.);
#3192 = LINE('',#3193,#3194);
#3193 = CARTESIAN_POINT('',(181.1817495,20.031256,1.499));
#3194 = VECTOR('',#3195,1.);
#3195 = DIRECTION('',(-1.,0.,0.));
#3196 = FACE_BOUND('',#3197,.T.);
#3197 = EDGE_LOOP('',(#3198,#3208,#3216,#3224));
#3198 = ORIENTED_EDGE('',*,*,#3199,.F.);
#3199 = EDGE_CURVE('',#3200,#3202,#3204,.T.);
#3200 = VERTEX_POINT('',#3201);
#3201 = CARTESIAN_POINT('',(240.921722,5.953822,1.499));
#3202 = VERTEX_POINT('',#3203);
#3203 = CARTESIAN_POINT('',(240.921722,20.05772,1.499));
#3204 = LINE('',#3205,#3206);
#3205 = CARTESIAN_POINT('',(240.921722,35.78331325,1.499));
#3206 = VECTOR('',#3207,1.);
#3207 = DIRECTION('',(0.,1.,0.));
#3208 = ORIENTED_EDGE('',*,*,#3209,.F.);
#3209 = EDGE_CURVE('',#3210,#3200,#3212,.T.);
#3210 = VERTEX_POINT('',#3211);
#3211 = CARTESIAN_POINT('',(226.715897,5.953822,1.499));
#3212 = LINE('',#3213,#3214);
#3213 = CARTESIAN_POINT('',(197.6660325,5.953822,1.499));
#3214 = VECTOR('',#3215,1.);
#3215 = DIRECTION('',(1.,0.,0.));
#3216 = ORIENTED_EDGE('',*,*,#3217,.F.);
#3217 = EDGE_CURVE('',#3218,#3210,#3220,.T.);
#3218 = VERTEX_POINT('',#3219);
#3219 = CARTESIAN_POINT('',(226.715897,20.05772,1.499));
#3220 = LINE('',#3221,#3222);
#3221 = CARTESIAN_POINT('',(226.715897,28.73136425,1.499));
#3222 = VECTOR('',#3223,1.);
#3223 = DIRECTION('',(0.,-1.,0.));
#3224 = ORIENTED_EDGE('',*,*,#3225,.F.);
#3225 = EDGE_CURVE('',#3202,#3218,#3226,.T.);
#3226 = LINE('',#3227,#3228);
#3227 = CARTESIAN_POINT('',(190.56312,20.05772,1.499));
#3228 = VECTOR('',#3229,1.);
#3229 = DIRECTION('',(-1.,0.,0.));
#3230 = FACE_BOUND('',#3231,.T.);
#3231 = EDGE_LOOP('',(#3232,#3242,#3250,#3258));
#3232 = ORIENTED_EDGE('',*,*,#3233,.F.);
#3233 = EDGE_CURVE('',#3234,#3236,#3238,.T.);
#3234 = VERTEX_POINT('',#3235);
#3235 = CARTESIAN_POINT('',(260.264191,6.00758,1.499));
#3236 = VERTEX_POINT('',#3237);
#3237 = CARTESIAN_POINT('',(260.264191,20.068117,1.499));
#3238 = LINE('',#3239,#3240);
#3239 = CARTESIAN_POINT('',(260.264191,35.78851175,1.499));
#3240 = VECTOR('',#3241,1.);
#3241 = DIRECTION('',(0.,1.,0.));
#3242 = ORIENTED_EDGE('',*,*,#3243,.F.);
#3243 = EDGE_CURVE('',#3244,#3234,#3246,.T.);
#3244 = VERTEX_POINT('',#3245);
#3245 = CARTESIAN_POINT('',(246.153061,6.00758,1.499));
#3246 = LINE('',#3247,#3248);
#3247 = CARTESIAN_POINT('',(207.337267,6.00758,1.499));
#3248 = VECTOR('',#3249,1.);
#3249 = DIRECTION('',(1.,0.,0.));
#3250 = ORIENTED_EDGE('',*,*,#3251,.F.);
#3251 = EDGE_CURVE('',#3252,#3244,#3254,.T.);
#3252 = VERTEX_POINT('',#3253);
#3253 = CARTESIAN_POINT('',(246.153061,20.068117,1.499));
#3254 = LINE('',#3255,#3256);
#3255 = CARTESIAN_POINT('',(246.153061,28.75824325,1.499));
#3256 = VECTOR('',#3257,1.);
#3257 = DIRECTION('',(0.,-1.,0.));
#3258 = ORIENTED_EDGE('',*,*,#3259,.F.);
#3259 = EDGE_CURVE('',#3236,#3252,#3260,.T.);
#3260 = LINE('',#3261,#3262);
#3261 = CARTESIAN_POINT('',(200.281702,20.068117,1.499));
#3262 = VECTOR('',#3263,1.);
#3263 = DIRECTION('',(-1.,0.,0.));
#3264 = FACE_BOUND('',#3265,.T.);
#3265 = EDGE_LOOP('',(#3266,#3276,#3284,#3292));
#3266 = ORIENTED_EDGE('',*,*,#3267,.F.);
#3267 = EDGE_CURVE('',#3268,#3270,#3272,.T.);
#3268 = VERTEX_POINT('',#3269);
#3269 = CARTESIAN_POINT('',(279.284332,5.995669,1.499));
#3270 = VERTEX_POINT('',#3271);
#3271 = CARTESIAN_POINT('',(279.284332,20.080431,1.499));
#3272 = LINE('',#3273,#3274);
#3273 = CARTESIAN_POINT('',(279.284332,35.79466875,1.499));
#3274 = VECTOR('',#3275,1.);
#3275 = DIRECTION('',(0.,1.,0.));
#3276 = ORIENTED_EDGE('',*,*,#3277,.F.);
#3277 = EDGE_CURVE('',#3278,#3268,#3280,.T.);
#3278 = VERTEX_POINT('',#3279);
#3279 = CARTESIAN_POINT('',(265.261353,5.995669,1.499));
#3280 = LINE('',#3281,#3282);
#3281 = CARTESIAN_POINT('',(216.8473375,5.995669,1.499));
#3282 = VECTOR('',#3283,1.);
#3283 = DIRECTION('',(1.,0.,0.));
#3284 = ORIENTED_EDGE('',*,*,#3285,.F.);
#3285 = EDGE_CURVE('',#3286,#3278,#3288,.T.);
#3286 = VERTEX_POINT('',#3287);
#3287 = CARTESIAN_POINT('',(265.261353,20.080431,1.499));
#3288 = LINE('',#3289,#3290);
#3289 = CARTESIAN_POINT('',(265.261353,28.75228775,1.499));
#3290 = VECTOR('',#3291,1.);
#3291 = DIRECTION('',(0.,-1.,0.));
#3292 = ORIENTED_EDGE('',*,*,#3293,.F.);
#3293 = EDGE_CURVE('',#3270,#3286,#3294,.T.);
#3294 = LINE('',#3295,#3296);
#3295 = CARTESIAN_POINT('',(209.835848,20.080431,1.499));
#3296 = VECTOR('',#3297,1.);
#3297 = DIRECTION('',(-1.,0.,0.));
#3298 = FACE_BOUND('',#3299,.T.);
#3299 = EDGE_LOOP('',(#3300,#3310,#3318,#3326));
#3300 = ORIENTED_EDGE('',*,*,#3301,.F.);
#3301 = EDGE_CURVE('',#3302,#3304,#3306,.T.);
#3302 = VERTEX_POINT('',#3303);
#3303 = CARTESIAN_POINT('',(298.190155,6.050962,1.499));
#3304 = VERTEX_POINT('',#3305);
#3305 = CARTESIAN_POINT('',(298.190155,20.088682,1.499));
#3306 = LINE('',#3307,#3308);
#3307 = CARTESIAN_POINT('',(298.190155,35.79879425,1.499));
#3308 = VECTOR('',#3309,1.);
#3309 = DIRECTION('',(0.,1.,0.));
#3310 = ORIENTED_EDGE('',*,*,#3311,.F.);
#3311 = EDGE_CURVE('',#3312,#3302,#3314,.T.);
#3312 = VERTEX_POINT('',#3313);
#3313 = CARTESIAN_POINT('',(284.111023,6.050962,1.499));
#3314 = LINE('',#3315,#3316);
#3315 = CARTESIAN_POINT('',(226.300249,6.050962,1.499));
#3316 = VECTOR('',#3317,1.);
#3317 = DIRECTION('',(1.,0.,0.));
#3318 = ORIENTED_EDGE('',*,*,#3319,.F.);
#3319 = EDGE_CURVE('',#3320,#3312,#3322,.T.);
#3320 = VERTEX_POINT('',#3321);
#3321 = CARTESIAN_POINT('',(284.111023,20.088682,1.499));
#3322 = LINE('',#3323,#3324);
#3323 = CARTESIAN_POINT('',(284.111023,28.77993425,1.499));
#3324 = VECTOR('',#3325,1.);
#3325 = DIRECTION('',(0.,-1.,0.));
#3326 = ORIENTED_EDGE('',*,*,#3327,.F.);
#3327 = EDGE_CURVE('',#3304,#3320,#3328,.T.);
#3328 = LINE('',#3329,#3330);
#3329 = CARTESIAN_POINT('',(219.260683,20.088682,1.499));
#3330 = VECTOR('',#3331,1.);
#3331 = DIRECTION('',(-1.,0.,0.));
#3332 = FACE_BOUND('',#3333,.T.);
#3333 = EDGE_LOOP('',(#3334,#3344,#3352,#3360));
#3334 = ORIENTED_EDGE('',*,*,#3335,.F.);
#3335 = EDGE_CURVE('',#3336,#3338,#3340,.T.);
#3336 = VERTEX_POINT('',#3337);
#3337 = CARTESIAN_POINT('',(172.970444,25.015224,1.499));
#3338 = VERTEX_POINT('',#3339);
#3339 = CARTESIAN_POINT('',(172.970444,39.104065,1.499));
#3340 = LINE('',#3341,#3342);
#3341 = CARTESIAN_POINT('',(172.970444,45.30648575,1.499));
#3342 = VECTOR('',#3343,1.);
#3343 = DIRECTION('',(0.,1.,0.));
#3344 = ORIENTED_EDGE('',*,*,#3345,.F.);
#3345 = EDGE_CURVE('',#3346,#3336,#3348,.T.);
#3346 = VERTEX_POINT('',#3347);
#3347 = CARTESIAN_POINT('',(158.923035,25.015224,1.499));
#3348 = LINE('',#3349,#3350);
#3349 = CARTESIAN_POINT('',(163.6903935,25.015224,1.499));
#3350 = VECTOR('',#3351,1.);
#3351 = DIRECTION('',(1.,0.,0.));
#3352 = ORIENTED_EDGE('',*,*,#3353,.F.);
#3353 = EDGE_CURVE('',#3354,#3346,#3356,.T.);
#3354 = VERTEX_POINT('',#3355);
#3355 = CARTESIAN_POINT('',(158.923035,39.104065,1.499));
#3356 = LINE('',#3357,#3358);
#3357 = CARTESIAN_POINT('',(158.923035,38.26206525,1.499));
#3358 = VECTOR('',#3359,1.);
#3359 = DIRECTION('',(0.,-1.,0.));
#3360 = ORIENTED_EDGE('',*,*,#3361,.F.);
#3361 = EDGE_CURVE('',#3338,#3354,#3362,.T.);
#3362 = LINE('',#3363,#3364);
#3363 = CARTESIAN_POINT('',(156.666689,39.104065,1.499));
#3364 = VECTOR('',#3365,1.);
#3365 = DIRECTION('',(-1.,0.,0.));
#3366 = FACE_BOUND('',#3367,.T.);
#3367 = EDGE_LOOP('',(#3368,#3378,#3386,#3394));
#3368 = ORIENTED_EDGE('',*,*,#3369,.F.);
#3369 = EDGE_CURVE('',#3370,#3372,#3374,.T.);
#3370 = VERTEX_POINT('',#3371);
#3371 = CARTESIAN_POINT('',(191.838501,25.138704,1.499));
#3372 = VERTEX_POINT('',#3373);
#3373 = CARTESIAN_POINT('',(191.838501,39.12664,1.499));
#3374 = LINE('',#3375,#3376);
#3375 = CARTESIAN_POINT('',(191.838501,45.31777325,1.499));
#3376 = VECTOR('',#3377,1.);
#3377 = DIRECTION('',(0.,1.,0.));
#3378 = ORIENTED_EDGE('',*,*,#3379,.F.);
#3379 = EDGE_CURVE('',#3380,#3370,#3382,.T.);
#3380 = VERTEX_POINT('',#3381);
#3381 = CARTESIAN_POINT('',(177.774673,25.138704,1.499));
#3382 = LINE('',#3383,#3384);
#3383 = CARTESIAN_POINT('',(173.124422,25.138704,1.499));
#3384 = VECTOR('',#3385,1.);
#3385 = DIRECTION('',(1.,0.,0.));
#3386 = ORIENTED_EDGE('',*,*,#3387,.F.);
#3387 = EDGE_CURVE('',#3388,#3380,#3390,.T.);
#3388 = VERTEX_POINT('',#3389);
#3389 = CARTESIAN_POINT('',(177.774673,39.12664,1.499));
#3390 = LINE('',#3391,#3392);
#3391 = CARTESIAN_POINT('',(177.774673,38.32380525,1.499));
#3392 = VECTOR('',#3393,1.);
#3393 = DIRECTION('',(0.,-1.,0.));
#3394 = ORIENTED_EDGE('',*,*,#3395,.F.);
#3395 = EDGE_CURVE('',#3372,#3388,#3396,.T.);
#3396 = LINE('',#3397,#3398);
#3397 = CARTESIAN_POINT('',(166.092508,39.12664,1.499));
#3398 = VECTOR('',#3399,1.);
#3399 = DIRECTION('',(-1.,0.,0.));
#3400 = FACE_BOUND('',#3401,.T.);
#3401 = EDGE_LOOP('',(#3402,#3412,#3420,#3428));
#3402 = ORIENTED_EDGE('',*,*,#3403,.F.);
#3403 = EDGE_CURVE('',#3404,#3406,#3408,.T.);
#3404 = VERTEX_POINT('',#3405);
#3405 = CARTESIAN_POINT('',(210.769562,25.02832,1.499));
#3406 = VERTEX_POINT('',#3407);
#3407 = CARTESIAN_POINT('',(210.769562,39.099403,1.499));
#3408 = LINE('',#3409,#3410);
#3409 = CARTESIAN_POINT('',(210.769562,45.30415475,1.499));
#3410 = VECTOR('',#3411,1.);
#3411 = DIRECTION('',(0.,1.,0.));
#3412 = ORIENTED_EDGE('',*,*,#3413,.F.);
#3413 = EDGE_CURVE('',#3414,#3404,#3416,.T.);
#3414 = VERTEX_POINT('',#3415);
#3415 = CARTESIAN_POINT('',(196.71402,25.02832,1.499));
#3416 = LINE('',#3417,#3418);
#3417 = CARTESIAN_POINT('',(182.5899525,25.02832,1.499));
#3418 = VECTOR('',#3419,1.);
#3419 = DIRECTION('',(1.,0.,0.));
#3420 = ORIENTED_EDGE('',*,*,#3421,.F.);
#3421 = EDGE_CURVE('',#3422,#3414,#3424,.T.);
#3422 = VERTEX_POINT('',#3423);
#3423 = CARTESIAN_POINT('',(196.71402,39.099403,1.499));
#3424 = LINE('',#3425,#3426);
#3425 = CARTESIAN_POINT('',(196.71402,38.26861325,1.499));
#3426 = VECTOR('',#3427,1.);
#3427 = DIRECTION('',(0.,-1.,0.));
#3428 = ORIENTED_EDGE('',*,*,#3429,.F.);
#3429 = EDGE_CURVE('',#3406,#3422,#3430,.T.);
#3430 = LINE('',#3431,#3432);
#3431 = CARTESIAN_POINT('',(175.5621815,39.099403,1.499));
#3432 = VECTOR('',#3433,1.);
#3433 = DIRECTION('',(-1.,0.,0.));
#3434 = FACE_BOUND('',#3435,.T.);
#3435 = EDGE_LOOP('',(#3436,#3446,#3454,#3462));
#3436 = ORIENTED_EDGE('',*,*,#3437,.F.);
#3437 = EDGE_CURVE('',#3438,#3440,#3442,.T.);
#3438 = VERTEX_POINT('',#3439);
#3439 = CARTESIAN_POINT('',(229.740692,24.773357,1.499));
#3440 = VERTEX_POINT('',#3441);
#3441 = CARTESIAN_POINT('',(229.740692,38.965725,1.499));
#3442 = LINE('',#3443,#3444);
#3443 = CARTESIAN_POINT('',(229.740692,45.23731575,1.499));
#3444 = VECTOR('',#3445,1.);
#3445 = DIRECTION('',(0.,1.,0.));
#3446 = ORIENTED_EDGE('',*,*,#3447,.F.);
#3447 = EDGE_CURVE('',#3448,#3438,#3450,.T.);
#3448 = VERTEX_POINT('',#3449);
#3449 = CARTESIAN_POINT('',(215.640472,24.773357,1.499));
#3450 = LINE('',#3451,#3452);
#3451 = CARTESIAN_POINT('',(192.0755175,24.773357,1.499));
#3452 = VECTOR('',#3453,1.);
#3453 = DIRECTION('',(1.,0.,0.));
#3454 = ORIENTED_EDGE('',*,*,#3455,.F.);
#3455 = EDGE_CURVE('',#3456,#3448,#3458,.T.);
#3456 = VERTEX_POINT('',#3457);
#3457 = CARTESIAN_POINT('',(215.640472,38.965725,1.499));
#3458 = LINE('',#3459,#3460);
#3459 = CARTESIAN_POINT('',(215.640472,38.14113175,1.499));
#3460 = VECTOR('',#3461,1.);
#3461 = DIRECTION('',(0.,-1.,0.));
#3462 = ORIENTED_EDGE('',*,*,#3463,.F.);
#3463 = EDGE_CURVE('',#3440,#3456,#3464,.T.);
#3464 = LINE('',#3465,#3466);
#3465 = CARTESIAN_POINT('',(185.0254075,38.965725,1.499));
#3466 = VECTOR('',#3467,1.);
#3467 = DIRECTION('',(-1.,0.,0.));
#3468 = FACE_BOUND('',#3469,.T.);
#3469 = EDGE_LOOP('',(#3470,#3480,#3488,#3496));
#3470 = ORIENTED_EDGE('',*,*,#3471,.F.);
#3471 = EDGE_CURVE('',#3472,#3474,#3476,.T.);
#3472 = VERTEX_POINT('',#3473);
#3473 = CARTESIAN_POINT('',(168.078125,44.038712,1.499));
#3474 = VERTEX_POINT('',#3475);
#3475 = CARTESIAN_POINT('',(168.078125,58.252357,1.499));
#3476 = LINE('',#3477,#3478);
#3477 = CARTESIAN_POINT('',(168.078125,54.88063175,1.499));
#3478 = VECTOR('',#3479,1.);
#3479 = DIRECTION('',(0.,1.,0.));
#3480 = ORIENTED_EDGE('',*,*,#3481,.F.);
#3481 = EDGE_CURVE('',#3482,#3472,#3484,.T.);
#3482 = VERTEX_POINT('',#3483);
#3483 = CARTESIAN_POINT('',(154.082947,44.038712,1.499));
#3484 = LINE('',#3485,#3486);
#3485 = CARTESIAN_POINT('',(161.244234,44.038712,1.499));
#3486 = VECTOR('',#3487,1.);
#3487 = DIRECTION('',(1.,0.,0.));
#3488 = ORIENTED_EDGE('',*,*,#3489,.F.);
#3489 = EDGE_CURVE('',#3490,#3482,#3492,.T.);
#3490 = VERTEX_POINT('',#3491);
#3491 = CARTESIAN_POINT('',(154.082947,58.252357,1.499));
#3492 = LINE('',#3493,#3494);
#3493 = CARTESIAN_POINT('',(154.082947,47.77380925,1.499));
#3494 = VECTOR('',#3495,1.);
#3495 = DIRECTION('',(0.,-1.,0.));
#3496 = ORIENTED_EDGE('',*,*,#3497,.F.);
#3497 = EDGE_CURVE('',#3474,#3490,#3498,.T.);
#3498 = LINE('',#3499,#3500);
#3499 = CARTESIAN_POINT('',(154.246645,58.252357,1.499));
#3500 = VECTOR('',#3501,1.);
#3501 = DIRECTION('',(-1.,0.,0.));
#3502 = FACE_BOUND('',#3503,.T.);
#3503 = EDGE_LOOP('',(#3504,#3514,#3522,#3530));
#3504 = ORIENTED_EDGE('',*,*,#3505,.F.);
#3505 = EDGE_CURVE('',#3506,#3508,#3510,.T.);
#3506 = VERTEX_POINT('',#3507);
#3507 = CARTESIAN_POINT('',(186.948105,44.119499,1.499));
#3508 = VERTEX_POINT('',#3509);
#3509 = CARTESIAN_POINT('',(186.948105,58.128384,1.499));
#3510 = LINE('',#3511,#3512);
#3511 = CARTESIAN_POINT('',(186.948105,54.81864525,1.499));
#3512 = VECTOR('',#3513,1.);
#3513 = DIRECTION('',(0.,1.,0.));
#3514 = ORIENTED_EDGE('',*,*,#3515,.F.);
#3515 = EDGE_CURVE('',#3516,#3506,#3518,.T.);
#3516 = VERTEX_POINT('',#3517);
#3517 = CARTESIAN_POINT('',(172.953522,44.119499,1.499));
#3518 = LINE('',#3519,#3520);
#3519 = CARTESIAN_POINT('',(170.679224,44.119499,1.499));
#3520 = VECTOR('',#3521,1.);
#3521 = DIRECTION('',(1.,0.,0.));
#3522 = ORIENTED_EDGE('',*,*,#3523,.F.);
#3523 = EDGE_CURVE('',#3524,#3516,#3526,.T.);
#3524 = VERTEX_POINT('',#3525);
#3525 = CARTESIAN_POINT('',(172.953522,58.128384,1.499));
#3526 = LINE('',#3527,#3528);
#3527 = CARTESIAN_POINT('',(172.953522,47.81420275,1.499));
#3528 = VECTOR('',#3529,1.);
#3529 = DIRECTION('',(0.,-1.,0.));
#3530 = ORIENTED_EDGE('',*,*,#3531,.F.);
#3531 = EDGE_CURVE('',#3508,#3524,#3532,.T.);
#3532 = LINE('',#3533,#3534);
#3533 = CARTESIAN_POINT('',(163.6819325,58.128384,1.499));
#3534 = VECTOR('',#3535,1.);
#3535 = DIRECTION('',(-1.,0.,0.));
#3536 = FACE_BOUND('',#3537,.T.);
#3537 = EDGE_LOOP('',(#3538,#3548,#3556,#3564));
#3538 = ORIENTED_EDGE('',*,*,#3539,.F.);
#3539 = EDGE_CURVE('',#3540,#3542,#3544,.T.);
#3540 = VERTEX_POINT('',#3541);
#3541 = CARTESIAN_POINT('',(205.83255,44.075291,1.499));
#3542 = VERTEX_POINT('',#3543);
#3543 = CARTESIAN_POINT('',(205.83255,58.034641,1.499));
#3544 = LINE('',#3545,#3546);
#3545 = CARTESIAN_POINT('',(205.83255,54.77177375,1.499));
#3546 = VECTOR('',#3547,1.);
#3547 = DIRECTION('',(0.,1.,0.));
#3548 = ORIENTED_EDGE('',*,*,#3549,.F.);
#3549 = EDGE_CURVE('',#3550,#3540,#3552,.T.);
#3550 = VERTEX_POINT('',#3551);
#3551 = CARTESIAN_POINT('',(191.873184,44.075291,1.499));
#3552 = LINE('',#3553,#3554);
#3553 = CARTESIAN_POINT('',(180.1214465,44.075291,1.499));
#3554 = VECTOR('',#3555,1.);
#3555 = DIRECTION('',(1.,0.,0.));
#3556 = ORIENTED_EDGE('',*,*,#3557,.F.);
#3557 = EDGE_CURVE('',#3558,#3550,#3560,.T.);
#3558 = VERTEX_POINT('',#3559);
#3559 = CARTESIAN_POINT('',(191.873184,58.034641,1.499));
#3560 = LINE('',#3561,#3562);
#3561 = CARTESIAN_POINT('',(191.873184,47.79209875,1.499));
#3562 = VECTOR('',#3563,1.);
#3563 = DIRECTION('',(0.,-1.,0.));
#3564 = ORIENTED_EDGE('',*,*,#3565,.F.);
#3565 = EDGE_CURVE('',#3542,#3558,#3566,.T.);
#3566 = LINE('',#3567,#3568);
#3567 = CARTESIAN_POINT('',(173.1417635,58.034641,1.499));
#3568 = VECTOR('',#3569,1.);
#3569 = DIRECTION('',(-1.,0.,0.));
#3570 = FACE_BOUND('',#3571,.T.);
#3571 = EDGE_LOOP('',(#3572,#3582,#3590,#3598));
#3572 = ORIENTED_EDGE('',*,*,#3573,.F.);
#3573 = EDGE_CURVE('',#3574,#3576,#3578,.T.);
#3574 = VERTEX_POINT('',#3575);
#3575 = CARTESIAN_POINT('',(224.895798,44.102898,1.499));
#3576 = VERTEX_POINT('',#3577);
#3577 = CARTESIAN_POINT('',(224.895798,58.13707,1.499));
#3578 = LINE('',#3579,#3580);
#3579 = CARTESIAN_POINT('',(224.895798,54.82298825,1.499));
#3580 = VECTOR('',#3581,1.);
#3581 = DIRECTION('',(0.,1.,0.));
#3582 = ORIENTED_EDGE('',*,*,#3583,.F.);
#3583 = EDGE_CURVE('',#3584,#3574,#3586,.T.);
#3584 = VERTEX_POINT('',#3585);
#3585 = CARTESIAN_POINT('',(210.786163,44.102898,1.499));
#3586 = LINE('',#3587,#3588);
#3587 = CARTESIAN_POINT('',(189.6530705,44.102898,1.499));
#3588 = VECTOR('',#3589,1.);
#3589 = DIRECTION('',(1.,0.,0.));
#3590 = ORIENTED_EDGE('',*,*,#3591,.F.);
#3591 = EDGE_CURVE('',#3592,#3584,#3594,.T.);
#3592 = VERTEX_POINT('',#3593);
#3593 = CARTESIAN_POINT('',(210.786163,58.13707,1.499));
#3594 = LINE('',#3595,#3596);
#3595 = CARTESIAN_POINT('',(210.786163,47.80590225,1.499));
#3596 = VECTOR('',#3597,1.);
#3597 = DIRECTION('',(0.,-1.,0.));
#3598 = ORIENTED_EDGE('',*,*,#3599,.F.);
#3599 = EDGE_CURVE('',#3576,#3592,#3600,.T.);
#3600 = LINE('',#3601,#3602);
#3601 = CARTESIAN_POINT('',(182.598253,58.13707,1.499));
#3602 = VECTOR('',#3603,1.);
#3603 = DIRECTION('',(-1.,0.,0.));
#3604 = FACE_BOUND('',#3605,.T.);
#3605 = EDGE_LOOP('',(#3606,#3616,#3624,#3632));
#3606 = ORIENTED_EDGE('',*,*,#3607,.F.);
#3607 = EDGE_CURVE('',#3608,#3610,#3612,.T.);
#3608 = VERTEX_POINT('',#3609);
#3609 = CARTESIAN_POINT('',(253.521606,25.188343,1.499));
#3610 = VERTEX_POINT('',#3611);
#3611 = CARTESIAN_POINT('',(253.521606,39.166824,1.499));
#3612 = LINE('',#3613,#3614);
#3613 = CARTESIAN_POINT('',(253.521606,45.33786525,1.499));
#3614 = VECTOR('',#3615,1.);
#3615 = DIRECTION('',(0.,1.,0.));
#3616 = ORIENTED_EDGE('',*,*,#3617,.F.);
#3617 = EDGE_CURVE('',#3618,#3608,#3620,.T.);
#3618 = VERTEX_POINT('',#3619);
#3619 = CARTESIAN_POINT('',(239.347504,25.188343,1.499));
#3620 = LINE('',#3621,#3622);
#3621 = CARTESIAN_POINT('',(203.9659745,25.188343,1.499));
#3622 = VECTOR('',#3623,1.);
#3623 = DIRECTION('',(1.,0.,0.));
#3624 = ORIENTED_EDGE('',*,*,#3625,.F.);
#3625 = EDGE_CURVE('',#3626,#3618,#3628,.T.);
#3626 = VERTEX_POINT('',#3627);
#3627 = CARTESIAN_POINT('',(239.347504,39.166824,1.499));
#3628 = LINE('',#3629,#3630);
#3629 = CARTESIAN_POINT('',(239.347504,38.34862475,1.499));
#3630 = VECTOR('',#3631,1.);
#3631 = DIRECTION('',(0.,-1.,0.));
#3632 = ORIENTED_EDGE('',*,*,#3633,.F.);
#3633 = EDGE_CURVE('',#3610,#3626,#3634,.T.);
#3634 = LINE('',#3635,#3636);
#3635 = CARTESIAN_POINT('',(196.8789235,39.166824,1.499));
#3636 = VECTOR('',#3637,1.);
#3637 = DIRECTION('',(-1.,0.,0.));
#3638 = FACE_BOUND('',#3639,.T.);
#3639 = EDGE_LOOP('',(#3640,#3650,#3658,#3666));
#3640 = ORIENTED_EDGE('',*,*,#3641,.F.);
#3641 = EDGE_CURVE('',#3642,#3644,#3646,.T.);
#3642 = VERTEX_POINT('',#3643);
#3643 = CARTESIAN_POINT('',(279.507111,25.242496,1.499));
#3644 = VERTEX_POINT('',#3645);
#3645 = CARTESIAN_POINT('',(279.507111,39.066174,1.499));
#3646 = LINE('',#3647,#3648);
#3647 = CARTESIAN_POINT('',(279.507111,45.28754025,1.499));
#3648 = VECTOR('',#3649,1.);
#3649 = DIRECTION('',(0.,1.,0.));
#3650 = ORIENTED_EDGE('',*,*,#3651,.F.);
#3651 = EDGE_CURVE('',#3652,#3642,#3654,.T.);
#3652 = VERTEX_POINT('',#3653);
#3653 = CARTESIAN_POINT('',(265.314789,25.242496,1.499));
#3654 = LINE('',#3655,#3656);
#3655 = CARTESIAN_POINT('',(216.958727,25.242496,1.499));
#3656 = VECTOR('',#3657,1.);
#3657 = DIRECTION('',(1.,0.,0.));
#3658 = ORIENTED_EDGE('',*,*,#3659,.F.);
#3659 = EDGE_CURVE('',#3660,#3652,#3662,.T.);
#3660 = VERTEX_POINT('',#3661);
#3661 = CARTESIAN_POINT('',(265.314789,39.066174,1.499));
#3662 = LINE('',#3663,#3664);
#3663 = CARTESIAN_POINT('',(265.314789,38.37570125,1.499));
#3664 = VECTOR('',#3665,1.);
#3665 = DIRECTION('',(0.,-1.,0.));
#3666 = ORIENTED_EDGE('',*,*,#3667,.F.);
#3667 = EDGE_CURVE('',#3644,#3660,#3668,.T.);
#3668 = LINE('',#3669,#3670);
#3669 = CARTESIAN_POINT('',(209.862566,39.066174,1.499));
#3670 = VECTOR('',#3671,1.);
#3671 = DIRECTION('',(-1.,0.,0.));
#3672 = FACE_BOUND('',#3673,.T.);
#3673 = EDGE_LOOP('',(#3674,#3684,#3692,#3700));
#3674 = ORIENTED_EDGE('',*,*,#3675,.F.);
#3675 = EDGE_CURVE('',#3676,#3678,#3680,.T.);
#3676 = VERTEX_POINT('',#3677);
#3677 = CARTESIAN_POINT('',(243.806763,44.10289,1.499));
#3678 = VERTEX_POINT('',#3679);
#3679 = CARTESIAN_POINT('',(243.806763,58.094742,1.499));
#3680 = LINE('',#3681,#3682);
#3681 = CARTESIAN_POINT('',(243.806763,54.80182425,1.499));
#3682 = VECTOR('',#3683,1.);
#3683 = DIRECTION('',(0.,1.,0.));
#3684 = ORIENTED_EDGE('',*,*,#3685,.F.);
#3685 = EDGE_CURVE('',#3686,#3676,#3688,.T.);
#3686 = VERTEX_POINT('',#3687);
#3687 = CARTESIAN_POINT('',(229.800217,44.10289,1.499));
#3688 = LINE('',#3689,#3690);
#3689 = CARTESIAN_POINT('',(199.108553,44.10289,1.499));
#3690 = VECTOR('',#3691,1.);
#3691 = DIRECTION('',(1.,0.,0.));
#3692 = ORIENTED_EDGE('',*,*,#3693,.F.);
#3693 = EDGE_CURVE('',#3694,#3686,#3696,.T.);
#3694 = VERTEX_POINT('',#3695);
#3695 = CARTESIAN_POINT('',(229.800217,58.094742,1.499));
#3696 = LINE('',#3697,#3698);
#3697 = CARTESIAN_POINT('',(229.800217,47.80589825,1.499));
#3698 = VECTOR('',#3699,1.);
#3699 = DIRECTION('',(0.,-1.,0.));
#3700 = ORIENTED_EDGE('',*,*,#3701,.F.);
#3701 = EDGE_CURVE('',#3678,#3694,#3702,.T.);
#3702 = LINE('',#3703,#3704);
#3703 = CARTESIAN_POINT('',(192.10528,58.094742,1.499));
#3704 = VECTOR('',#3705,1.);
#3705 = DIRECTION('',(-1.,0.,0.));
#3706 = FACE_BOUND('',#3707,.T.);
#3707 = EDGE_LOOP('',(#3708,#3718,#3726,#3734));
#3708 = ORIENTED_EDGE('',*,*,#3709,.F.);
#3709 = EDGE_CURVE('',#3710,#3712,#3714,.T.);
#3710 = VERTEX_POINT('',#3711);
#3711 = CARTESIAN_POINT('',(267.874603,43.976906,1.499));
#3712 = VERTEX_POINT('',#3713);
#3713 = CARTESIAN_POINT('',(267.874603,58.055431,1.499));
#3714 = LINE('',#3715,#3716);
#3715 = CARTESIAN_POINT('',(267.874603,54.78216875,1.499));
#3716 = VECTOR('',#3717,1.);
#3717 = DIRECTION('',(0.,1.,0.));
#3718 = ORIENTED_EDGE('',*,*,#3719,.F.);
#3719 = EDGE_CURVE('',#3720,#3710,#3722,.T.);
#3720 = VERTEX_POINT('',#3721);
#3721 = CARTESIAN_POINT('',(253.553192,43.976906,1.499));
#3722 = LINE('',#3723,#3724);
#3723 = CARTESIAN_POINT('',(211.142473,43.976906,1.499));
#3724 = VECTOR('',#3725,1.);
#3725 = DIRECTION('',(1.,0.,0.));
#3726 = ORIENTED_EDGE('',*,*,#3727,.F.);
#3727 = EDGE_CURVE('',#3728,#3720,#3730,.T.);
#3728 = VERTEX_POINT('',#3729);
#3729 = CARTESIAN_POINT('',(253.553192,58.055431,1.499));
#3730 = LINE('',#3731,#3732);
#3731 = CARTESIAN_POINT('',(253.553192,47.74290625,1.499));
#3732 = VECTOR('',#3733,1.);
#3733 = DIRECTION('',(0.,-1.,0.));
#3734 = ORIENTED_EDGE('',*,*,#3735,.F.);
#3735 = EDGE_CURVE('',#3712,#3728,#3736,.T.);
#3736 = LINE('',#3737,#3738);
#3737 = CARTESIAN_POINT('',(203.9817675,58.055431,1.499));
#3738 = VECTOR('',#3739,1.);
#3739 = DIRECTION('',(-1.,0.,0.));
#3740 = FACE_BOUND('',#3741,.T.);
#3741 = EDGE_LOOP('',(#3742,#3752,#3760,#3768));
#3742 = ORIENTED_EDGE('',*,*,#3743,.F.);
#3743 = EDGE_CURVE('',#3744,#3746,#3748,.T.);
#3744 = VERTEX_POINT('',#3745);
#3745 = CARTESIAN_POINT('',(295.982758,41.559174,1.499));
#3746 = VERTEX_POINT('',#3747);
#3747 = CARTESIAN_POINT('',(295.982758,55.659321,1.499));
#3748 = LINE('',#3749,#3750);
#3749 = CARTESIAN_POINT('',(295.982758,53.58411375,1.499));
#3750 = VECTOR('',#3751,1.);
#3751 = DIRECTION('',(0.,1.,0.));
#3752 = ORIENTED_EDGE('',*,*,#3753,.F.);
#3753 = EDGE_CURVE('',#3754,#3744,#3756,.T.);
#3754 = VERTEX_POINT('',#3755);
#3755 = CARTESIAN_POINT('',(281.698273,41.559174,1.499));
#3756 = LINE('',#3757,#3758);
#3757 = CARTESIAN_POINT('',(225.1965505,41.559174,1.499));
#3758 = VECTOR('',#3759,1.);
#3759 = DIRECTION('',(1.,0.,0.));
#3760 = ORIENTED_EDGE('',*,*,#3761,.F.);
#3761 = EDGE_CURVE('',#3762,#3754,#3764,.T.);
#3762 = VERTEX_POINT('',#3763);
#3763 = CARTESIAN_POINT('',(281.698273,55.659321,1.499));
#3764 = LINE('',#3765,#3766);
#3765 = CARTESIAN_POINT('',(281.698273,46.53404025,1.499));
#3766 = VECTOR('',#3767,1.);
#3767 = DIRECTION('',(0.,-1.,0.));
#3768 = ORIENTED_EDGE('',*,*,#3769,.F.);
#3769 = EDGE_CURVE('',#3746,#3762,#3770,.T.);
#3770 = LINE('',#3771,#3772);
#3771 = CARTESIAN_POINT('',(218.054308,55.659321,1.499));
#3772 = VECTOR('',#3773,1.);
#3773 = DIRECTION('',(-1.,0.,0.));
#3774 = FACE_BOUND('',#3775,.T.);
#3775 = EDGE_LOOP('',(#3776,#3786,#3794,#3802));
#3776 = ORIENTED_EDGE('',*,*,#3777,.F.);
#3777 = EDGE_CURVE('',#3778,#3780,#3782,.T.);
#3778 = VERTEX_POINT('',#3779);
#3779 = CARTESIAN_POINT('',(24.601149,63.22332,1.499));
#3780 = VERTEX_POINT('',#3781);
#3781 = CARTESIAN_POINT('',(24.601149,77.184532,1.499));
#3782 = LINE('',#3783,#3784);
#3783 = CARTESIAN_POINT('',(24.601149,64.34671925,1.499));
#3784 = VECTOR('',#3785,1.);
#3785 = DIRECTION('',(0.,1.,0.));
#3786 = ORIENTED_EDGE('',*,*,#3787,.F.);
#3787 = EDGE_CURVE('',#3788,#3778,#3790,.T.);
#3788 = VERTEX_POINT('',#3789);
#3789 = CARTESIAN_POINT('',(10.578156,63.22332,1.499));
#3790 = LINE('',#3791,#3792);
#3791 = CARTESIAN_POINT('',(89.505746,63.22332,1.499));
#3792 = VECTOR('',#3793,1.);
#3793 = DIRECTION('',(1.,0.,0.));
#3794 = ORIENTED_EDGE('',*,*,#3795,.F.);
#3795 = EDGE_CURVE('',#3796,#3788,#3798,.T.);
#3796 = VERTEX_POINT('',#3797);
#3797 = CARTESIAN_POINT('',(10.578156,77.184532,1.499));
#3798 = LINE('',#3799,#3800);
#3799 = CARTESIAN_POINT('',(10.578156,57.36611325,1.499));
#3800 = VECTOR('',#3801,1.);
#3801 = DIRECTION('',(0.,-1.,0.));
#3802 = ORIENTED_EDGE('',*,*,#3803,.F.);
#3803 = EDGE_CURVE('',#3780,#3796,#3804,.T.);
#3804 = LINE('',#3805,#3806);
#3805 = CARTESIAN_POINT('',(82.4942495,77.184532,1.499));
#3806 = VECTOR('',#3807,1.);
#3807 = DIRECTION('',(-1.,0.,0.));
#3808 = FACE_BOUND('',#3809,.T.);
#3809 = EDGE_LOOP('',(#3810,#3820,#3828,#3836));
#3810 = ORIENTED_EDGE('',*,*,#3811,.F.);
#3811 = EDGE_CURVE('',#3812,#3814,#3816,.T.);
#3812 = VERTEX_POINT('',#3813);
#3813 = CARTESIAN_POINT('',(48.261086,63.223312,1.499));
#3814 = VERTEX_POINT('',#3815);
#3815 = CARTESIAN_POINT('',(48.261086,77.308075,1.499));
#3816 = LINE('',#3817,#3818);
#3817 = CARTESIAN_POINT('',(48.261086,64.40849075,1.499));
#3818 = VECTOR('',#3819,1.);
#3819 = DIRECTION('',(0.,1.,0.));
#3820 = ORIENTED_EDGE('',*,*,#3821,.F.);
#3821 = EDGE_CURVE('',#3822,#3812,#3824,.T.);
#3822 = VERTEX_POINT('',#3823);
#3823 = CARTESIAN_POINT('',(34.176315,63.223312,1.499));
#3824 = LINE('',#3825,#3826);
#3825 = CARTESIAN_POINT('',(101.3357145,63.223312,1.499));
#3826 = VECTOR('',#3827,1.);
#3827 = DIRECTION('',(1.,0.,0.));
#3828 = ORIENTED_EDGE('',*,*,#3829,.F.);
#3829 = EDGE_CURVE('',#3830,#3822,#3832,.T.);
#3830 = VERTEX_POINT('',#3831);
#3831 = CARTESIAN_POINT('',(34.176315,77.308075,1.499));
#3832 = LINE('',#3833,#3834);
#3833 = CARTESIAN_POINT('',(34.176315,57.36610925,1.499));
#3834 = VECTOR('',#3835,1.);
#3835 = DIRECTION('',(0.,-1.,0.));
#3836 = ORIENTED_EDGE('',*,*,#3837,.F.);
#3837 = EDGE_CURVE('',#3814,#3830,#3838,.T.);
#3838 = LINE('',#3839,#3840);
#3839 = CARTESIAN_POINT('',(94.293329,77.308075,1.499));
#3840 = VECTOR('',#3841,1.);
#3841 = DIRECTION('',(-1.,0.,0.));
#3842 = FACE_BOUND('',#3843,.T.);
#3843 = EDGE_LOOP('',(#3844,#3854,#3862,#3870));
#3844 = ORIENTED_EDGE('',*,*,#3845,.F.);
#3845 = EDGE_CURVE('',#3846,#3848,#3850,.T.);
#3846 = VERTEX_POINT('',#3847);
#3847 = CARTESIAN_POINT('',(67.883217,63.220528,1.499));
#3848 = VERTEX_POINT('',#3849);
#3849 = CARTESIAN_POINT('',(67.883217,77.179237,1.499));
#3850 = LINE('',#3851,#3852);
#3851 = CARTESIAN_POINT('',(67.883217,64.34407175,1.499));
#3852 = VECTOR('',#3853,1.);
#3853 = DIRECTION('',(0.,1.,0.));
#3854 = ORIENTED_EDGE('',*,*,#3855,.F.);
#3855 = EDGE_CURVE('',#3856,#3846,#3858,.T.);
#3856 = VERTEX_POINT('',#3857);
#3857 = CARTESIAN_POINT('',(53.698143,63.220528,1.499));
#3858 = LINE('',#3859,#3860);
#3859 = CARTESIAN_POINT('',(111.14678,63.220528,1.499));
#3860 = VECTOR('',#3861,1.);
#3861 = DIRECTION('',(1.,0.,0.));
#3862 = ORIENTED_EDGE('',*,*,#3863,.F.);
#3863 = EDGE_CURVE('',#3864,#3856,#3866,.T.);
#3864 = VERTEX_POINT('',#3865);
#3865 = CARTESIAN_POINT('',(53.698143,77.179237,1.499));
#3866 = LINE('',#3867,#3868);
#3867 = CARTESIAN_POINT('',(53.698143,57.36471725,1.499));
#3868 = VECTOR('',#3869,1.);
#3869 = DIRECTION('',(0.,-1.,0.));
#3870 = ORIENTED_EDGE('',*,*,#3871,.F.);
#3871 = EDGE_CURVE('',#3848,#3864,#3872,.T.);
#3872 = LINE('',#3873,#3874);
#3873 = CARTESIAN_POINT('',(104.054243,77.179237,1.499));
#3874 = VECTOR('',#3875,1.);
#3875 = DIRECTION('',(-1.,0.,0.));
#3876 = FACE_BOUND('',#3877,.T.);
#3877 = EDGE_LOOP('',(#3878,#3888,#3896,#3904));
#3878 = ORIENTED_EDGE('',*,*,#3879,.F.);
#3879 = EDGE_CURVE('',#3880,#3882,#3884,.T.);
#3880 = VERTEX_POINT('',#3881);
#3881 = CARTESIAN_POINT('',(86.928612,63.15086,1.499));
#3882 = VERTEX_POINT('',#3883);
#3883 = CARTESIAN_POINT('',(86.928612,77.18502,1.499));
#3884 = LINE('',#3885,#3886);
#3885 = CARTESIAN_POINT('',(86.928612,64.34696325,1.499));
#3886 = VECTOR('',#3887,1.);
#3887 = DIRECTION('',(0.,1.,0.));
#3888 = ORIENTED_EDGE('',*,*,#3889,.F.);
#3889 = EDGE_CURVE('',#3890,#3880,#3892,.T.);
#3890 = VERTEX_POINT('',#3891);
#3891 = CARTESIAN_POINT('',(72.969887,63.15086,1.499));
#3892 = LINE('',#3893,#3894);
#3893 = CARTESIAN_POINT('',(120.6694775,63.15086,1.499));
#3894 = VECTOR('',#3895,1.);
#3895 = DIRECTION('',(1.,0.,0.));
#3896 = ORIENTED_EDGE('',*,*,#3897,.F.);
#3897 = EDGE_CURVE('',#3898,#3890,#3900,.T.);
#3898 = VERTEX_POINT('',#3899);
#3899 = CARTESIAN_POINT('',(72.969887,77.18502,1.499));
#3900 = LINE('',#3901,#3902);
#3901 = CARTESIAN_POINT('',(72.969887,57.32988325,1.499));
#3902 = VECTOR('',#3903,1.);
#3903 = DIRECTION('',(0.,-1.,0.));
#3904 = ORIENTED_EDGE('',*,*,#3905,.F.);
#3905 = EDGE_CURVE('',#3882,#3898,#3906,.T.);
#3906 = LINE('',#3907,#3908);
#3907 = CARTESIAN_POINT('',(113.690115,77.18502,1.499));
#3908 = VECTOR('',#3909,1.);
#3909 = DIRECTION('',(-1.,0.,0.));
#3910 = FACE_BOUND('',#3911,.T.);
#3911 = EDGE_LOOP('',(#3912,#3922,#3930,#3938));
#3912 = ORIENTED_EDGE('',*,*,#3913,.F.);
#3913 = EDGE_CURVE('',#3914,#3916,#3918,.T.);
#3914 = VERTEX_POINT('',#3915);
#3915 = CARTESIAN_POINT('',(106.061874,63.179283,1.499));
#3916 = VERTEX_POINT('',#3917);
#3917 = CARTESIAN_POINT('',(106.061874,77.140495,1.499));
#3918 = LINE('',#3919,#3920);
#3919 = CARTESIAN_POINT('',(106.061874,64.32470075,1.499));
#3920 = VECTOR('',#3921,1.);
#3921 = DIRECTION('',(0.,1.,0.));
#3922 = ORIENTED_EDGE('',*,*,#3923,.F.);
#3923 = EDGE_CURVE('',#3924,#3914,#3926,.T.);
#3924 = VERTEX_POINT('',#3925);
#3925 = CARTESIAN_POINT('',(91.977104,63.179283,1.499));
#3926 = LINE('',#3927,#3928);
#3927 = CARTESIAN_POINT('',(130.2361085,63.179283,1.499));
#3928 = VECTOR('',#3929,1.);
#3929 = DIRECTION('',(1.,0.,0.));
#3930 = ORIENTED_EDGE('',*,*,#3931,.F.);
#3931 = EDGE_CURVE('',#3932,#3924,#3934,.T.);
#3932 = VERTEX_POINT('',#3933);
#3933 = CARTESIAN_POINT('',(91.977104,77.140495,1.499));
#3934 = LINE('',#3935,#3936);
#3935 = CARTESIAN_POINT('',(91.977104,57.34409475,1.499));
#3936 = VECTOR('',#3937,1.);
#3937 = DIRECTION('',(0.,-1.,0.));
#3938 = ORIENTED_EDGE('',*,*,#3939,.F.);
#3939 = EDGE_CURVE('',#3916,#3932,#3940,.T.);
#3940 = LINE('',#3941,#3942);
#3941 = CARTESIAN_POINT('',(123.1937235,77.140495,1.499));
#3942 = VECTOR('',#3943,1.);
#3943 = DIRECTION('',(-1.,0.,0.));
#3944 = FACE_BOUND('',#3945,.T.);
#3945 = EDGE_LOOP('',(#3946,#3956,#3964,#3972));
#3946 = ORIENTED_EDGE('',*,*,#3947,.F.);
#3947 = EDGE_CURVE('',#3948,#3950,#3952,.T.);
#3948 = VERTEX_POINT('',#3949);
#3949 = CARTESIAN_POINT('',(125.235641,63.152721,1.499));
#3950 = VERTEX_POINT('',#3951);
#3951 = CARTESIAN_POINT('',(125.235641,77.052162,1.499));
#3952 = LINE('',#3953,#3954);
#3953 = CARTESIAN_POINT('',(125.235641,64.28053425,1.499));
#3954 = VECTOR('',#3955,1.);
#3955 = DIRECTION('',(0.,1.,0.));
#3956 = ORIENTED_EDGE('',*,*,#3957,.F.);
#3957 = EDGE_CURVE('',#3958,#3948,#3960,.T.);
#3958 = VERTEX_POINT('',#3959);
#3959 = CARTESIAN_POINT('',(111.274422,63.152721,1.499));
#3960 = LINE('',#3961,#3962);
#3961 = CARTESIAN_POINT('',(139.822992,63.152721,1.499));
#3962 = VECTOR('',#3963,1.);
#3963 = DIRECTION('',(1.,0.,0.));
#3964 = ORIENTED_EDGE('',*,*,#3965,.F.);
#3965 = EDGE_CURVE('',#3966,#3958,#3968,.T.);
#3966 = VERTEX_POINT('',#3967);
#3967 = CARTESIAN_POINT('',(111.274422,77.052162,1.499));
#3968 = LINE('',#3969,#3970);
#3969 = CARTESIAN_POINT('',(111.274422,57.33081375,1.499));
#3970 = VECTOR('',#3971,1.);
#3971 = DIRECTION('',(0.,-1.,0.));
#3972 = ORIENTED_EDGE('',*,*,#3973,.F.);
#3973 = EDGE_CURVE('',#3950,#3966,#3974,.T.);
#3974 = LINE('',#3975,#3976);
#3975 = CARTESIAN_POINT('',(132.8423825,77.052162,1.499));
#3976 = VECTOR('',#3977,1.);
#3977 = DIRECTION('',(-1.,0.,0.));
#3978 = FACE_BOUND('',#3979,.T.);
#3979 = EDGE_LOOP('',(#3980,#3990,#3998,#4006));
#3980 = ORIENTED_EDGE('',*,*,#3981,.F.);
#3981 = EDGE_CURVE('',#3982,#3984,#3986,.T.);
#3982 = VERTEX_POINT('',#3983);
#3983 = CARTESIAN_POINT('',(144.447754,63.214493,1.499));
#3984 = VERTEX_POINT('',#3985);
#3985 = CARTESIAN_POINT('',(144.447754,77.23748,1.499));
#3986 = LINE('',#3987,#3988);
#3987 = CARTESIAN_POINT('',(144.447754,64.37319325,1.499));
#3988 = VECTOR('',#3989,1.);
#3989 = DIRECTION('',(0.,1.,0.));
#3990 = ORIENTED_EDGE('',*,*,#3991,.F.);
#3991 = EDGE_CURVE('',#3992,#3982,#3994,.T.);
#3992 = VERTEX_POINT('',#3993);
#3993 = CARTESIAN_POINT('',(130.239441,63.214493,1.499));
#3994 = LINE('',#3995,#3996);
#3995 = CARTESIAN_POINT('',(149.4290485,63.214493,1.499));
#3996 = VECTOR('',#3997,1.);
#3997 = DIRECTION('',(1.,0.,0.));
#3998 = ORIENTED_EDGE('',*,*,#3999,.F.);
#3999 = EDGE_CURVE('',#4000,#3992,#4002,.T.);
#4000 = VERTEX_POINT('',#4001);
#4001 = CARTESIAN_POINT('',(130.239441,77.23748,1.499));
#4002 = LINE('',#4003,#4004);
#4003 = CARTESIAN_POINT('',(130.239441,57.36169975,1.499));
#4004 = VECTOR('',#4005,1.);
#4005 = DIRECTION('',(0.,-1.,0.));
#4006 = ORIENTED_EDGE('',*,*,#4007,.F.);
#4007 = EDGE_CURVE('',#3984,#4000,#4008,.T.);
#4008 = LINE('',#4009,#4010);
#4009 = CARTESIAN_POINT('',(142.324892,77.23748,1.499));
#4010 = VECTOR('',#4011,1.);
#4011 = DIRECTION('',(-1.,0.,0.));
#4012 = FACE_BOUND('',#4013,.T.);
#4013 = EDGE_LOOP('',(#4014,#4024,#4032,#4040));
#4014 = ORIENTED_EDGE('',*,*,#4015,.F.);
#4015 = EDGE_CURVE('',#4016,#4018,#4020,.T.);
#4016 = VERTEX_POINT('',#4017);
#4017 = CARTESIAN_POINT('',(20.190042,82.700844,1.499));
#4018 = VERTEX_POINT('',#4019);
#4019 = CARTESIAN_POINT('',(20.190042,96.749092,1.499));
#4020 = LINE('',#4021,#4022);
#4021 = CARTESIAN_POINT('',(20.190042,74.12899925,1.499));
#4022 = VECTOR('',#4023,1.);
#4023 = DIRECTION('',(0.,1.,0.));
#4024 = ORIENTED_EDGE('',*,*,#4025,.F.);
#4025 = EDGE_CURVE('',#4026,#4016,#4028,.T.);
#4026 = VERTEX_POINT('',#4027);
#4027 = CARTESIAN_POINT('',(5.965772,82.700844,1.499));
#4028 = LINE('',#4029,#4030);
#4029 = CARTESIAN_POINT('',(87.3001925,82.700844,1.499));
#4030 = VECTOR('',#4031,1.);
#4031 = DIRECTION('',(1.,0.,0.));
#4032 = ORIENTED_EDGE('',*,*,#4033,.F.);
#4033 = EDGE_CURVE('',#4034,#4026,#4036,.T.);
#4034 = VERTEX_POINT('',#4035);
#4035 = CARTESIAN_POINT('',(5.965772,96.749092,1.499));
#4036 = LINE('',#4037,#4038);
#4037 = CARTESIAN_POINT('',(5.965772,67.10487525,1.499));
#4038 = VECTOR('',#4039,1.);
#4039 = DIRECTION('',(0.,-1.,0.));
#4040 = ORIENTED_EDGE('',*,*,#4041,.F.);
#4041 = EDGE_CURVE('',#4018,#4034,#4042,.T.);
#4042 = LINE('',#4043,#4044);
#4043 = CARTESIAN_POINT('',(80.1880575,96.749092,1.499));
#4044 = VECTOR('',#4045,1.);
#4045 = DIRECTION('',(-1.,0.,0.));
#4046 = FACE_BOUND('',#4047,.T.);
#4047 = EDGE_LOOP('',(#4048,#4058,#4066,#4074));
#4048 = ORIENTED_EDGE('',*,*,#4049,.F.);
#4049 = EDGE_CURVE('',#4050,#4052,#4054,.T.);
#4050 = VERTEX_POINT('',#4051);
#4051 = CARTESIAN_POINT('',(38.977734,82.488556,1.499));
#4052 = VERTEX_POINT('',#4053);
#4053 = CARTESIAN_POINT('',(38.977734,96.749084,1.499));
#4054 = LINE('',#4055,#4056);
#4055 = CARTESIAN_POINT('',(38.977734,74.12899525,1.499));
#4056 = VECTOR('',#4057,1.);
#4057 = DIRECTION('',(0.,1.,0.));
#4058 = ORIENTED_EDGE('',*,*,#4059,.F.);
#4059 = EDGE_CURVE('',#4060,#4050,#4062,.T.);
#4060 = VERTEX_POINT('',#4061);
#4061 = CARTESIAN_POINT('',(24.717196,82.488556,1.499));
#4062 = LINE('',#4063,#4064);
#4063 = CARTESIAN_POINT('',(96.6940385,82.488556,1.499));
#4064 = VECTOR('',#4065,1.);
#4065 = DIRECTION('',(1.,0.,0.));
#4066 = ORIENTED_EDGE('',*,*,#4067,.F.);
#4067 = EDGE_CURVE('',#4068,#4060,#4070,.T.);
#4068 = VERTEX_POINT('',#4069);
#4069 = CARTESIAN_POINT('',(24.717196,96.749084,1.499));
#4070 = LINE('',#4071,#4072);
#4071 = CARTESIAN_POINT('',(24.717196,66.99873125,1.499));
#4072 = VECTOR('',#4073,1.);
#4073 = DIRECTION('',(0.,-1.,0.));
#4074 = ORIENTED_EDGE('',*,*,#4075,.F.);
#4075 = EDGE_CURVE('',#4052,#4068,#4076,.T.);
#4076 = LINE('',#4077,#4078);
#4077 = CARTESIAN_POINT('',(89.5637695,96.749084,1.499));
#4078 = VECTOR('',#4079,1.);
#4079 = DIRECTION('',(-1.,0.,0.));
#4080 = FACE_BOUND('',#4081,.T.);
#4081 = EDGE_LOOP('',(#4082,#4092,#4100,#4108));
#4082 = ORIENTED_EDGE('',*,*,#4083,.F.);
#4083 = EDGE_CURVE('',#4084,#4086,#4088,.T.);
#4084 = VERTEX_POINT('',#4085);
#4085 = CARTESIAN_POINT('',(57.849911,82.393723,1.499));
#4086 = VERTEX_POINT('',#4087);
#4087 = CARTESIAN_POINT('',(57.849911,96.578804,1.499));
#4088 = LINE('',#4089,#4090);
#4089 = CARTESIAN_POINT('',(57.849911,74.04385525,1.499));
#4090 = VECTOR('',#4091,1.);
#4091 = DIRECTION('',(0.,1.,0.));
#4092 = ORIENTED_EDGE('',*,*,#4093,.F.);
#4093 = EDGE_CURVE('',#4094,#4084,#4096,.T.);
#4094 = VERTEX_POINT('',#4095);
#4095 = CARTESIAN_POINT('',(43.74028,82.393723,1.499));
#4096 = LINE('',#4097,#4098);
#4097 = CARTESIAN_POINT('',(106.130127,82.393723,1.499));
#4098 = VECTOR('',#4099,1.);
#4099 = DIRECTION('',(1.,0.,0.));
#4100 = ORIENTED_EDGE('',*,*,#4101,.F.);
#4101 = EDGE_CURVE('',#4102,#4094,#4104,.T.);
#4102 = VERTEX_POINT('',#4103);
#4103 = CARTESIAN_POINT('',(43.74028,96.578804,1.499));
#4104 = LINE('',#4105,#4106);
#4105 = CARTESIAN_POINT('',(43.74028,66.95131475,1.499));
#4106 = VECTOR('',#4107,1.);
#4107 = DIRECTION('',(0.,-1.,0.));
#4108 = ORIENTED_EDGE('',*,*,#4109,.F.);
#4109 = EDGE_CURVE('',#4086,#4102,#4110,.T.);
#4110 = LINE('',#4111,#4112);
#4111 = CARTESIAN_POINT('',(99.0753115,96.578804,1.499));
#4112 = VECTOR('',#4113,1.);
#4113 = DIRECTION('',(-1.,0.,0.));
#4114 = FACE_BOUND('',#4115,.T.);
#4115 = EDGE_LOOP('',(#4116,#4126,#4134,#4142));
#4116 = ORIENTED_EDGE('',*,*,#4117,.F.);
#4117 = EDGE_CURVE('',#4118,#4120,#4122,.T.);
#4118 = VERTEX_POINT('',#4119);
#4119 = CARTESIAN_POINT('',(77.366386,82.459801,1.499));
#4120 = VERTEX_POINT('',#4121);
#4121 = CARTESIAN_POINT('',(77.366386,96.652122,1.499));
#4122 = LINE('',#4123,#4124);
#4123 = CARTESIAN_POINT('',(77.366386,74.08051425,1.499));
#4124 = VECTOR('',#4125,1.);
#4125 = DIRECTION('',(0.,1.,0.));
#4126 = ORIENTED_EDGE('',*,*,#4127,.F.);
#4127 = EDGE_CURVE('',#4128,#4118,#4130,.T.);
#4128 = VERTEX_POINT('',#4129);
#4129 = CARTESIAN_POINT('',(62.989738,82.459801,1.499));
#4130 = LINE('',#4131,#4132);
#4131 = CARTESIAN_POINT('',(115.8883645,82.459801,1.499));
#4132 = VECTOR('',#4133,1.);
#4133 = DIRECTION('',(1.,0.,0.));
#4134 = ORIENTED_EDGE('',*,*,#4135,.F.);
#4135 = EDGE_CURVE('',#4136,#4128,#4138,.T.);
#4136 = VERTEX_POINT('',#4137);
#4137 = CARTESIAN_POINT('',(62.989738,96.652122,1.499));
#4138 = LINE('',#4139,#4140);
#4139 = CARTESIAN_POINT('',(62.989738,66.98435375,1.499));
#4140 = VECTOR('',#4141,1.);
#4141 = DIRECTION('',(0.,-1.,0.));
#4142 = ORIENTED_EDGE('',*,*,#4143,.F.);
#4143 = EDGE_CURVE('',#4120,#4136,#4144,.T.);
#4144 = LINE('',#4145,#4146);
#4145 = CARTESIAN_POINT('',(108.7000405,96.652122,1.499));
#4146 = VECTOR('',#4147,1.);
#4147 = DIRECTION('',(-1.,0.,0.));
#4148 = FACE_BOUND('',#4149,.T.);
#4149 = EDGE_LOOP('',(#4150,#4160,#4168,#4176));
#4150 = ORIENTED_EDGE('',*,*,#4151,.F.);
#4151 = EDGE_CURVE('',#4152,#4154,#4156,.T.);
#4152 = VERTEX_POINT('',#4153);
#4153 = CARTESIAN_POINT('',(96.627403,82.551956,1.499));
#4154 = VERTEX_POINT('',#4155);
#4155 = CARTESIAN_POINT('',(96.627403,96.559959,1.499));
#4156 = LINE('',#4157,#4158);
#4157 = CARTESIAN_POINT('',(96.627403,74.03443275,1.499));
#4158 = VECTOR('',#4159,1.);
#4159 = DIRECTION('',(0.,1.,0.));
#4160 = ORIENTED_EDGE('',*,*,#4161,.F.);
#4161 = EDGE_CURVE('',#4162,#4152,#4164,.T.);
#4162 = VERTEX_POINT('',#4163);
#4163 = CARTESIAN_POINT('',(82.527229,82.551956,1.499));
#4164 = LINE('',#4165,#4166);
#4165 = CARTESIAN_POINT('',(125.518873,82.551956,1.499));
#4166 = VECTOR('',#4167,1.);
#4167 = DIRECTION('',(1.,0.,0.));
#4168 = ORIENTED_EDGE('',*,*,#4169,.F.);
#4169 = EDGE_CURVE('',#4170,#4162,#4172,.T.);
#4170 = VERTEX_POINT('',#4171);
#4171 = CARTESIAN_POINT('',(82.527229,96.559959,1.499));
#4172 = LINE('',#4173,#4174);
#4173 = CARTESIAN_POINT('',(82.527229,67.03043125,1.499));
#4174 = VECTOR('',#4175,1.);
#4175 = DIRECTION('',(0.,-1.,0.));
#4176 = ORIENTED_EDGE('',*,*,#4177,.F.);
#4177 = EDGE_CURVE('',#4154,#4170,#4178,.T.);
#4178 = LINE('',#4179,#4180);
#4179 = CARTESIAN_POINT('',(118.468786,96.559959,1.499));
#4180 = VECTOR('',#4181,1.);
#4181 = DIRECTION('',(-1.,0.,0.));
#4182 = FACE_BOUND('',#4183,.T.);
#4183 = EDGE_LOOP('',(#4184,#4194,#4202,#4210));
#4184 = ORIENTED_EDGE('',*,*,#4185,.F.);
#4185 = EDGE_CURVE('',#4186,#4188,#4190,.T.);
#4186 = VERTEX_POINT('',#4187);
#4187 = CARTESIAN_POINT('',(115.519264,82.6064,1.499));
#4188 = VERTEX_POINT('',#4189);
#4189 = CARTESIAN_POINT('',(115.519264,96.588234,1.499));
#4190 = LINE('',#4191,#4192);
#4191 = CARTESIAN_POINT('',(115.519264,74.04857025,1.499));
#4192 = VECTOR('',#4193,1.);
#4193 = DIRECTION('',(0.,1.,0.));
#4194 = ORIENTED_EDGE('',*,*,#4195,.F.);
#4195 = EDGE_CURVE('',#4196,#4186,#4198,.T.);
#4196 = VERTEX_POINT('',#4197);
#4197 = CARTESIAN_POINT('',(101.333855,82.6064,1.499));
#4198 = LINE('',#4199,#4200);
#4199 = CARTESIAN_POINT('',(134.9648035,82.6064,1.499));
#4200 = VECTOR('',#4201,1.);
#4201 = DIRECTION('',(1.,0.,0.));
#4202 = ORIENTED_EDGE('',*,*,#4203,.F.);
#4203 = EDGE_CURVE('',#4204,#4196,#4206,.T.);
#4204 = VERTEX_POINT('',#4205);
#4205 = CARTESIAN_POINT('',(101.333855,96.588234,1.499));
#4206 = LINE('',#4207,#4208);
#4207 = CARTESIAN_POINT('',(101.333855,67.05765325,1.499));
#4208 = VECTOR('',#4209,1.);
#4209 = DIRECTION('',(0.,-1.,0.));
#4210 = ORIENTED_EDGE('',*,*,#4211,.F.);
#4211 = EDGE_CURVE('',#4188,#4204,#4212,.T.);
#4212 = LINE('',#4213,#4214);
#4213 = CARTESIAN_POINT('',(127.872099,96.588234,1.499));
#4214 = VECTOR('',#4215,1.);
#4215 = DIRECTION('',(-1.,0.,0.));
#4216 = FACE_BOUND('',#4217,.T.);
#4217 = EDGE_LOOP('',(#4218,#4228,#4236,#4244));
#4218 = ORIENTED_EDGE('',*,*,#4219,.F.);
#4219 = EDGE_CURVE('',#4220,#4222,#4224,.T.);
#4220 = VERTEX_POINT('',#4221);
#4221 = CARTESIAN_POINT('',(134.669617,82.503464,1.499));
#4222 = VERTEX_POINT('',#4223);
#4223 = CARTESIAN_POINT('',(134.669617,96.526459,1.499));
#4224 = LINE('',#4225,#4226);
#4225 = CARTESIAN_POINT('',(134.669617,74.01768275,1.499));
#4226 = VECTOR('',#4227,1.);
#4227 = DIRECTION('',(0.,1.,0.));
#4228 = ORIENTED_EDGE('',*,*,#4229,.F.);
#4229 = EDGE_CURVE('',#4230,#4220,#4232,.T.);
#4230 = VERTEX_POINT('',#4231);
#4231 = CARTESIAN_POINT('',(120.523056,82.503464,1.499));
#4232 = LINE('',#4233,#4234);
#4233 = CARTESIAN_POINT('',(144.53998,82.503464,1.499));
#4234 = VECTOR('',#4235,1.);
#4235 = DIRECTION('',(1.,0.,0.));
#4236 = ORIENTED_EDGE('',*,*,#4237,.F.);
#4237 = EDGE_CURVE('',#4238,#4230,#4240,.T.);
#4238 = VERTEX_POINT('',#4239);
#4239 = CARTESIAN_POINT('',(120.523056,96.526459,1.499));
#4240 = LINE('',#4241,#4242);
#4241 = CARTESIAN_POINT('',(120.523056,67.00618525,1.499));
#4242 = VECTOR('',#4243,1.);
#4243 = DIRECTION('',(0.,-1.,0.));
#4244 = ORIENTED_EDGE('',*,*,#4245,.F.);
#4245 = EDGE_CURVE('',#4222,#4238,#4246,.T.);
#4246 = LINE('',#4247,#4248);
#4247 = CARTESIAN_POINT('',(137.4666995,96.526459,1.499));
#4248 = VECTOR('',#4249,1.);
#4249 = DIRECTION('',(-1.,0.,0.));
#4250 = FACE_BOUND('',#4251,.T.);
#4251 = EDGE_LOOP('',(#4252,#4262,#4270,#4278));
#4252 = ORIENTED_EDGE('',*,*,#4253,.F.);
#4253 = EDGE_CURVE('',#4254,#4256,#4258,.T.);
#4254 = VERTEX_POINT('',#4255);
#4255 = CARTESIAN_POINT('',(154.019882,82.646973,1.499));
#4256 = VERTEX_POINT('',#4257);
#4257 = CARTESIAN_POINT('',(154.019882,96.681137,1.499));
#4258 = LINE('',#4259,#4260);
#4259 = CARTESIAN_POINT('',(154.019882,74.09502175,1.499));
#4260 = VECTOR('',#4261,1.);
#4261 = DIRECTION('',(0.,1.,0.));
#4262 = ORIENTED_EDGE('',*,*,#4263,.F.);
#4263 = EDGE_CURVE('',#4264,#4254,#4266,.T.);
#4264 = VERTEX_POINT('',#4265);
#4265 = CARTESIAN_POINT('',(139.910248,82.646973,1.499));
#4266 = LINE('',#4267,#4268);
#4267 = CARTESIAN_POINT('',(154.2151125,82.646973,1.499));
#4268 = VECTOR('',#4269,1.);
#4269 = DIRECTION('',(1.,0.,0.));
#4270 = ORIENTED_EDGE('',*,*,#4271,.F.);
#4271 = EDGE_CURVE('',#4272,#4264,#4274,.T.);
#4272 = VERTEX_POINT('',#4273);
#4273 = CARTESIAN_POINT('',(139.910248,96.681137,1.499));
#4274 = LINE('',#4275,#4276);
#4275 = CARTESIAN_POINT('',(139.910248,67.07793975,1.499));
#4276 = VECTOR('',#4277,1.);
#4277 = DIRECTION('',(0.,-1.,0.));
#4278 = ORIENTED_EDGE('',*,*,#4279,.F.);
#4279 = EDGE_CURVE('',#4256,#4272,#4280,.T.);
#4280 = LINE('',#4281,#4282);
#4281 = CARTESIAN_POINT('',(147.1602955,96.681137,1.499));
#4282 = VECTOR('',#4283,1.);
#4283 = DIRECTION('',(-1.,0.,0.));
#4284 = FACE_BOUND('',#4285,.T.);
#4285 = EDGE_LOOP('',(#4286,#4296,#4304,#4312));
#4286 = ORIENTED_EDGE('',*,*,#4287,.F.);
#4287 = EDGE_CURVE('',#4288,#4290,#4292,.T.);
#4288 = VERTEX_POINT('',#4289);
#4289 = CARTESIAN_POINT('',(163.281311,63.09465,1.499));
#4290 = VERTEX_POINT('',#4291);
#4291 = CARTESIAN_POINT('',(163.281311,77.132454,1.499));
#4292 = LINE('',#4293,#4294);
#4293 = CARTESIAN_POINT('',(163.281311,64.32068025,1.499));
#4294 = VECTOR('',#4295,1.);
#4295 = DIRECTION('',(0.,1.,0.));
#4296 = ORIENTED_EDGE('',*,*,#4297,.F.);
#4297 = EDGE_CURVE('',#4298,#4288,#4300,.T.);
#4298 = VERTEX_POINT('',#4299);
#4299 = CARTESIAN_POINT('',(149.269333,63.09465,1.499));
#4300 = LINE('',#4301,#4302);
#4301 = CARTESIAN_POINT('',(158.845827,63.09465,1.499));
#4302 = VECTOR('',#4303,1.);
#4303 = DIRECTION('',(1.,0.,0.));
#4304 = ORIENTED_EDGE('',*,*,#4305,.F.);
#4305 = EDGE_CURVE('',#4306,#4298,#4308,.T.);
#4306 = VERTEX_POINT('',#4307);
#4307 = CARTESIAN_POINT('',(149.269333,77.132454,1.499));
#4308 = LINE('',#4309,#4310);
#4309 = CARTESIAN_POINT('',(149.269333,57.30177825,1.499));
#4310 = VECTOR('',#4311,1.);
#4311 = DIRECTION('',(0.,-1.,0.));
#4312 = ORIENTED_EDGE('',*,*,#4313,.F.);
#4313 = EDGE_CURVE('',#4290,#4306,#4314,.T.);
#4314 = LINE('',#4315,#4316);
#4315 = CARTESIAN_POINT('',(151.839838,77.132454,1.499));
#4316 = VECTOR('',#4317,1.);
#4317 = DIRECTION('',(-1.,0.,0.));
#4318 = FACE_BOUND('',#4319,.T.);
#4319 = EDGE_LOOP('',(#4320,#4330,#4338,#4346));
#4320 = ORIENTED_EDGE('',*,*,#4321,.F.);
#4321 = EDGE_CURVE('',#4322,#4324,#4326,.T.);
#4322 = VERTEX_POINT('',#4323);
#4323 = CARTESIAN_POINT('',(182.192291,63.155422,1.499));
#4324 = VERTEX_POINT('',#4325);
#4325 = CARTESIAN_POINT('',(182.192291,77.114143,1.499));
#4326 = LINE('',#4327,#4328);
#4327 = CARTESIAN_POINT('',(182.192291,64.31152475,1.499));
#4328 = VECTOR('',#4329,1.);
#4329 = DIRECTION('',(0.,1.,0.));
#4330 = ORIENTED_EDGE('',*,*,#4331,.F.);
#4331 = EDGE_CURVE('',#4332,#4322,#4334,.T.);
#4332 = VERTEX_POINT('',#4333);
#4333 = CARTESIAN_POINT('',(168.082657,63.155422,1.499));
#4334 = LINE('',#4335,#4336);
#4335 = CARTESIAN_POINT('',(168.301317,63.155422,1.499));
#4336 = VECTOR('',#4337,1.);
#4337 = DIRECTION('',(1.,0.,0.));
#4338 = ORIENTED_EDGE('',*,*,#4339,.F.);
#4339 = EDGE_CURVE('',#4340,#4332,#4342,.T.);
#4340 = VERTEX_POINT('',#4341);
#4341 = CARTESIAN_POINT('',(168.082657,77.114143,1.499));
#4342 = LINE('',#4343,#4344);
#4343 = CARTESIAN_POINT('',(168.082657,57.33216425,1.499));
#4344 = VECTOR('',#4345,1.);
#4345 = DIRECTION('',(0.,-1.,0.));
#4346 = ORIENTED_EDGE('',*,*,#4347,.F.);
#4347 = EDGE_CURVE('',#4324,#4340,#4348,.T.);
#4348 = LINE('',#4349,#4350);
#4349 = CARTESIAN_POINT('',(161.2465,77.114143,1.499));
#4350 = VECTOR('',#4351,1.);
#4351 = DIRECTION('',(-1.,0.,0.));
#4352 = FACE_BOUND('',#4353,.T.);
#4353 = EDGE_LOOP('',(#4354,#4364,#4372,#4380));
#4354 = ORIENTED_EDGE('',*,*,#4355,.F.);
#4355 = EDGE_CURVE('',#4356,#4358,#4360,.T.);
#4356 = VERTEX_POINT('',#4357);
#4357 = CARTESIAN_POINT('',(201.130875,63.155415,1.499));
#4358 = VERTEX_POINT('',#4359);
#4359 = CARTESIAN_POINT('',(201.130875,77.265038,1.499));
#4360 = LINE('',#4361,#4362);
#4361 = CARTESIAN_POINT('',(201.130875,64.38697225,1.499));
#4362 = VECTOR('',#4363,1.);
#4363 = DIRECTION('',(0.,1.,0.));
#4364 = ORIENTED_EDGE('',*,*,#4365,.F.);
#4365 = EDGE_CURVE('',#4366,#4356,#4368,.T.);
#4366 = VERTEX_POINT('',#4367);
#4367 = CARTESIAN_POINT('',(186.945801,63.155415,1.499));
#4368 = LINE('',#4369,#4370);
#4369 = CARTESIAN_POINT('',(177.770609,63.155415,1.499));
#4370 = VECTOR('',#4371,1.);
#4371 = DIRECTION('',(1.,0.,0.));
#4372 = ORIENTED_EDGE('',*,*,#4373,.F.);
#4373 = EDGE_CURVE('',#4374,#4366,#4376,.T.);
#4374 = VERTEX_POINT('',#4375);
#4375 = CARTESIAN_POINT('',(186.945801,77.265038,1.499));
#4376 = LINE('',#4377,#4378);
#4377 = CARTESIAN_POINT('',(186.945801,57.33216075,1.499));
#4378 = VECTOR('',#4379,1.);
#4379 = DIRECTION('',(0.,-1.,0.));
#4380 = ORIENTED_EDGE('',*,*,#4381,.F.);
#4381 = EDGE_CURVE('',#4358,#4374,#4382,.T.);
#4382 = LINE('',#4383,#4384);
#4383 = CARTESIAN_POINT('',(170.678072,77.265038,1.499));
#4384 = VECTOR('',#4385,1.);
#4385 = DIRECTION('',(-1.,0.,0.));
#4386 = FACE_BOUND('',#4387,.T.);
#4387 = EDGE_LOOP('',(#4388,#4398,#4406,#4414));
#4388 = ORIENTED_EDGE('',*,*,#4389,.F.);
#4389 = EDGE_CURVE('',#4390,#4392,#4394,.T.);
#4390 = VERTEX_POINT('',#4391);
#4391 = CARTESIAN_POINT('',(220.025711,63.198467,1.499));
#4392 = VERTEX_POINT('',#4393);
#4393 = CARTESIAN_POINT('',(220.025711,77.345016,1.499));
#4394 = LINE('',#4395,#4396);
#4395 = CARTESIAN_POINT('',(220.025711,64.42696125,1.499));
#4396 = VECTOR('',#4397,1.);
#4397 = DIRECTION('',(0.,1.,0.));
#4398 = ORIENTED_EDGE('',*,*,#4399,.F.);
#4399 = EDGE_CURVE('',#4400,#4390,#4402,.T.);
#4400 = VERTEX_POINT('',#4401);
#4401 = CARTESIAN_POINT('',(205.940933,63.198467,1.499));
#4402 = LINE('',#4403,#4404);
#4403 = CARTESIAN_POINT('',(187.218027,63.198467,1.499));
#4404 = VECTOR('',#4405,1.);
#4405 = DIRECTION('',(1.,0.,0.));
#4406 = ORIENTED_EDGE('',*,*,#4407,.F.);
#4407 = EDGE_CURVE('',#4408,#4400,#4410,.T.);
#4408 = VERTEX_POINT('',#4409);
#4409 = CARTESIAN_POINT('',(205.940933,77.345016,1.499));
#4410 = LINE('',#4411,#4412);
#4411 = CARTESIAN_POINT('',(205.940933,57.35368675,1.499));
#4412 = VECTOR('',#4413,1.);
#4413 = DIRECTION('',(0.,-1.,0.));
#4414 = ORIENTED_EDGE('',*,*,#4415,.F.);
#4415 = EDGE_CURVE('',#4392,#4408,#4416,.T.);
#4416 = LINE('',#4417,#4418);
#4417 = CARTESIAN_POINT('',(180.175638,77.345016,1.499));
#4418 = VECTOR('',#4419,1.);
#4419 = DIRECTION('',(-1.,0.,0.));
#4420 = FACE_BOUND('',#4421,.T.);
#4421 = EDGE_LOOP('',(#4422,#4432,#4440,#4448));
#4422 = ORIENTED_EDGE('',*,*,#4423,.F.);
#4423 = EDGE_CURVE('',#4424,#4426,#4428,.T.);
#4424 = VERTEX_POINT('',#4425);
#4425 = CARTESIAN_POINT('',(239.227371,63.1362,1.499));
#4426 = VERTEX_POINT('',#4427);
#4427 = CARTESIAN_POINT('',(239.227371,77.09742,1.499));
#4428 = LINE('',#4429,#4430);
#4429 = CARTESIAN_POINT('',(239.227371,64.30316325,1.499));
#4430 = VECTOR('',#4431,1.);
#4431 = DIRECTION('',(0.,1.,0.));
#4432 = ORIENTED_EDGE('',*,*,#4433,.F.);
#4433 = EDGE_CURVE('',#4434,#4424,#4436,.T.);
#4434 = VERTEX_POINT('',#4435);
#4435 = CARTESIAN_POINT('',(224.895493,63.1362,1.499));
#4436 = LINE('',#4437,#4438);
#4437 = CARTESIAN_POINT('',(196.818857,63.1362,1.499));
#4438 = VECTOR('',#4439,1.);
#4439 = DIRECTION('',(1.,0.,0.));
#4440 = ORIENTED_EDGE('',*,*,#4441,.F.);
#4441 = EDGE_CURVE('',#4442,#4434,#4444,.T.);
#4442 = VERTEX_POINT('',#4443);
#4443 = CARTESIAN_POINT('',(224.895493,77.09742,1.499));
#4444 = LINE('',#4445,#4446);
#4445 = CARTESIAN_POINT('',(224.895493,57.32255325,1.499));
#4446 = VECTOR('',#4447,1.);
#4447 = DIRECTION('',(0.,-1.,0.));
#4448 = ORIENTED_EDGE('',*,*,#4449,.F.);
#4449 = EDGE_CURVE('',#4426,#4442,#4450,.T.);
#4450 = LINE('',#4451,#4452);
#4451 = CARTESIAN_POINT('',(189.652918,77.09742,1.499));
#4452 = VECTOR('',#4453,1.);
#4453 = DIRECTION('',(-1.,0.,0.));
#4454 = FACE_BOUND('',#4455,.T.);
#4455 = EDGE_LOOP('',(#4456,#4466,#4474,#4482));
#4456 = ORIENTED_EDGE('',*,*,#4457,.F.);
#4457 = EDGE_CURVE('',#4458,#4460,#4462,.T.);
#4458 = VERTEX_POINT('',#4459);
#4459 = CARTESIAN_POINT('',(258.183075,62.949707,1.499));
#4460 = VERTEX_POINT('',#4461);
#4461 = CARTESIAN_POINT('',(258.183075,77.245056,1.499));
#4462 = LINE('',#4463,#4464);
#4463 = CARTESIAN_POINT('',(258.183075,64.37698125,1.499));
#4464 = VECTOR('',#4465,1.);
#4465 = DIRECTION('',(0.,1.,0.));
#4466 = ORIENTED_EDGE('',*,*,#4467,.F.);
#4467 = EDGE_CURVE('',#4468,#4458,#4470,.T.);
#4468 = VERTEX_POINT('',#4469);
#4469 = CARTESIAN_POINT('',(243.887711,62.949707,1.499));
#4470 = LINE('',#4471,#4472);
#4471 = CARTESIAN_POINT('',(206.296709,62.949707,1.499));
#4472 = VECTOR('',#4473,1.);
#4473 = DIRECTION('',(1.,0.,0.));
#4474 = ORIENTED_EDGE('',*,*,#4475,.F.);
#4475 = EDGE_CURVE('',#4476,#4468,#4478,.T.);
#4476 = VERTEX_POINT('',#4477);
#4477 = CARTESIAN_POINT('',(243.887711,77.245056,1.499));
#4478 = LINE('',#4479,#4480);
#4479 = CARTESIAN_POINT('',(243.887711,57.22930675,1.499));
#4480 = VECTOR('',#4481,1.);
#4481 = DIRECTION('',(0.,-1.,0.));
#4482 = ORIENTED_EDGE('',*,*,#4483,.F.);
#4483 = EDGE_CURVE('',#4460,#4476,#4484,.T.);
#4484 = LINE('',#4485,#4486);
#4485 = CARTESIAN_POINT('',(199.149027,77.245056,1.499));
#4486 = VECTOR('',#4487,1.);
#4487 = DIRECTION('',(-1.,0.,0.));
#4488 = FACE_BOUND('',#4489,.T.);
#4489 = EDGE_LOOP('',(#4490,#4500,#4508,#4516));
#4490 = ORIENTED_EDGE('',*,*,#4491,.F.);
#4491 = EDGE_CURVE('',#4492,#4494,#4496,.T.);
#4492 = VERTEX_POINT('',#4493);
#4493 = CARTESIAN_POINT('',(303.658051,57.434166,1.499));
#4494 = VERTEX_POINT('',#4495);
#4495 = CARTESIAN_POINT('',(303.658051,71.504395,1.499));
#4496 = LINE('',#4497,#4498);
#4497 = CARTESIAN_POINT('',(303.658051,61.50665075,1.499));
#4498 = VECTOR('',#4499,1.);
#4499 = DIRECTION('',(0.,1.,0.));
#4500 = ORIENTED_EDGE('',*,*,#4501,.F.);
#4501 = EDGE_CURVE('',#4502,#4492,#4504,.T.);
#4502 = VERTEX_POINT('',#4503);
#4503 = CARTESIAN_POINT('',(289.700378,57.434166,1.499));
#4504 = LINE('',#4505,#4506);
#4505 = CARTESIAN_POINT('',(229.034197,57.434166,1.499));
#4506 = VECTOR('',#4507,1.);
#4507 = DIRECTION('',(1.,0.,0.));
#4508 = ORIENTED_EDGE('',*,*,#4509,.F.);
#4509 = EDGE_CURVE('',#4510,#4502,#4512,.T.);
#4510 = VERTEX_POINT('',#4511);
#4511 = CARTESIAN_POINT('',(289.700378,71.504395,1.499));
#4512 = LINE('',#4513,#4514);
#4513 = CARTESIAN_POINT('',(289.700378,54.47153625,1.499));
#4514 = VECTOR('',#4515,1.);
#4515 = DIRECTION('',(0.,-1.,0.));
#4516 = ORIENTED_EDGE('',*,*,#4517,.F.);
#4517 = EDGE_CURVE('',#4494,#4510,#4518,.T.);
#4518 = LINE('',#4519,#4520);
#4519 = CARTESIAN_POINT('',(222.0553605,71.504395,1.499));
#4520 = VECTOR('',#4521,1.);
#4521 = DIRECTION('',(-1.,0.,0.));
#4522 = FACE_BOUND('',#4523,.T.);
#4523 = EDGE_LOOP('',(#4524,#4534,#4542,#4550));
#4524 = ORIENTED_EDGE('',*,*,#4525,.F.);
#4525 = EDGE_CURVE('',#4526,#4528,#4530,.T.);
#4526 = VERTEX_POINT('',#4527);
#4527 = CARTESIAN_POINT('',(277.431122,63.174828,1.499));
#4528 = VERTEX_POINT('',#4529);
#4529 = CARTESIAN_POINT('',(277.431122,77.245056,1.499));
#4530 = LINE('',#4531,#4532);
#4531 = CARTESIAN_POINT('',(277.431122,64.37698125,1.499));
#4532 = VECTOR('',#4533,1.);
#4533 = DIRECTION('',(0.,1.,0.));
#4534 = ORIENTED_EDGE('',*,*,#4535,.F.);
#4535 = EDGE_CURVE('',#4536,#4526,#4538,.T.);
#4536 = VERTEX_POINT('',#4537);
#4537 = CARTESIAN_POINT('',(263.023224,63.174828,1.499));
#4538 = LINE('',#4539,#4540);
#4539 = CARTESIAN_POINT('',(215.9207325,63.174828,1.499));
#4540 = VECTOR('',#4541,1.);
#4541 = DIRECTION('',(1.,0.,0.));
#4542 = ORIENTED_EDGE('',*,*,#4543,.F.);
#4543 = EDGE_CURVE('',#4544,#4536,#4546,.T.);
#4544 = VERTEX_POINT('',#4545);
#4545 = CARTESIAN_POINT('',(263.023224,77.245056,1.499));
#4546 = LINE('',#4547,#4548);
#4547 = CARTESIAN_POINT('',(263.023224,57.34186725,1.499));
#4548 = VECTOR('',#4549,1.);
#4549 = DIRECTION('',(0.,-1.,0.));
#4550 = ORIENTED_EDGE('',*,*,#4551,.F.);
#4551 = EDGE_CURVE('',#4528,#4544,#4552,.T.);
#4552 = LINE('',#4553,#4554);
#4553 = CARTESIAN_POINT('',(208.7167835,77.245056,1.499));
#4554 = VECTOR('',#4555,1.);
#4555 = DIRECTION('',(-1.,0.,0.));
#4556 = FACE_BOUND('',#4557,.T.);
#4557 = EDGE_LOOP('',(#4558,#4568,#4576,#4584));
#4558 = ORIENTED_EDGE('',*,*,#4559,.F.);
#4559 = EDGE_CURVE('',#4560,#4562,#4564,.T.);
#4560 = VERTEX_POINT('',#4561);
#4561 = CARTESIAN_POINT('',(172.958481,82.57151,1.499));
#4562 = VERTEX_POINT('',#4563);
#4563 = CARTESIAN_POINT('',(172.958481,96.605682,1.499));
#4564 = LINE('',#4565,#4566);
#4565 = CARTESIAN_POINT('',(172.958481,74.05729425,1.499));
#4566 = VECTOR('',#4567,1.);
#4567 = DIRECTION('',(0.,1.,0.));
#4568 = ORIENTED_EDGE('',*,*,#4569,.F.);
#4569 = EDGE_CURVE('',#4570,#4560,#4572,.T.);
#4570 = VERTEX_POINT('',#4571);
#4571 = CARTESIAN_POINT('',(158.848846,82.57151,1.499));
#4572 = LINE('',#4573,#4574);
#4573 = CARTESIAN_POINT('',(163.684412,82.57151,1.499));
#4574 = VECTOR('',#4575,1.);
#4575 = DIRECTION('',(1.,0.,0.));
#4576 = ORIENTED_EDGE('',*,*,#4577,.F.);
#4577 = EDGE_CURVE('',#4578,#4570,#4580,.T.);
#4578 = VERTEX_POINT('',#4579);
#4579 = CARTESIAN_POINT('',(158.848846,96.605682,1.499));
#4580 = LINE('',#4581,#4582);
#4581 = CARTESIAN_POINT('',(158.848846,67.04020825,1.499));
#4582 = VECTOR('',#4583,1.);
#4583 = DIRECTION('',(0.,-1.,0.));
#4584 = ORIENTED_EDGE('',*,*,#4585,.F.);
#4585 = EDGE_CURVE('',#4562,#4578,#4586,.T.);
#4586 = LINE('',#4587,#4588);
#4587 = CARTESIAN_POINT('',(156.6295945,96.605682,1.499));
#4588 = VECTOR('',#4589,1.);
#4589 = DIRECTION('',(-1.,0.,0.));
#4590 = FACE_BOUND('',#4591,.T.);
#4591 = EDGE_LOOP('',(#4592,#4602,#4610,#4618));
#4592 = ORIENTED_EDGE('',*,*,#4593,.F.);
#4593 = EDGE_CURVE('',#4594,#4596,#4598,.T.);
#4594 = VERTEX_POINT('',#4595);
#4595 = CARTESIAN_POINT('',(191.769424,82.544876,1.499));
#4596 = VERTEX_POINT('',#4597);
#4597 = CARTESIAN_POINT('',(191.769424,96.590424,1.499));
#4598 = LINE('',#4599,#4600);
#4599 = CARTESIAN_POINT('',(191.769424,74.04966525,1.499));
#4600 = VECTOR('',#4601,1.);
#4601 = DIRECTION('',(0.,1.,0.));
#4602 = ORIENTED_EDGE('',*,*,#4603,.F.);
#4603 = EDGE_CURVE('',#4604,#4594,#4606,.T.);
#4604 = VERTEX_POINT('',#4605);
#4605 = CARTESIAN_POINT('',(177.668518,82.544876,1.499));
#4606 = LINE('',#4607,#4608);
#4607 = CARTESIAN_POINT('',(173.0898835,82.544876,1.499));
#4608 = VECTOR('',#4609,1.);
#4609 = DIRECTION('',(1.,0.,0.));
#4610 = ORIENTED_EDGE('',*,*,#4611,.F.);
#4611 = EDGE_CURVE('',#4612,#4604,#4614,.T.);
#4612 = VERTEX_POINT('',#4613);
#4613 = CARTESIAN_POINT('',(177.668518,96.590424,1.499));
#4614 = LINE('',#4615,#4616);
#4615 = CARTESIAN_POINT('',(177.668518,67.02689125,1.499));
#4616 = VECTOR('',#4617,1.);
#4617 = DIRECTION('',(0.,-1.,0.));
#4618 = ORIENTED_EDGE('',*,*,#4619,.F.);
#4619 = EDGE_CURVE('',#4596,#4612,#4620,.T.);
#4620 = LINE('',#4621,#4622);
#4621 = CARTESIAN_POINT('',(166.0394305,96.590424,1.499));
#4622 = VECTOR('',#4623,1.);
#4623 = DIRECTION('',(-1.,0.,0.));
#4624 = FACE_BOUND('',#4625,.T.);
#4625 = EDGE_LOOP('',(#4626,#4636,#4644,#4652));
#4626 = ORIENTED_EDGE('',*,*,#4627,.F.);
#4627 = EDGE_CURVE('',#4628,#4630,#4632,.T.);
#4628 = VERTEX_POINT('',#4629);
#4629 = CARTESIAN_POINT('',(210.60025,82.428772,1.499));
#4630 = VERTEX_POINT('',#4631);
#4631 = CARTESIAN_POINT('',(210.60025,96.525505,1.499));
#4632 = LINE('',#4633,#4634);
#4633 = CARTESIAN_POINT('',(210.60025,74.01720575,1.499));
#4634 = VECTOR('',#4635,1.);
#4635 = DIRECTION('',(0.,1.,0.));
#4636 = ORIENTED_EDGE('',*,*,#4637,.F.);
#4637 = EDGE_CURVE('',#4638,#4628,#4640,.T.);
#4638 = VERTEX_POINT('',#4639);
#4639 = CARTESIAN_POINT('',(196.574265,82.428772,1.499));
#4640 = LINE('',#4641,#4642);
#4641 = CARTESIAN_POINT('',(182.5052965,82.428772,1.499));
#4642 = VECTOR('',#4643,1.);
#4643 = DIRECTION('',(1.,0.,0.));
#4644 = ORIENTED_EDGE('',*,*,#4645,.F.);
#4645 = EDGE_CURVE('',#4646,#4638,#4648,.T.);
#4646 = VERTEX_POINT('',#4647);
#4647 = CARTESIAN_POINT('',(196.574265,96.525505,1.499));
#4648 = LINE('',#4649,#4650);
#4649 = CARTESIAN_POINT('',(196.574265,66.96883925,1.499));
#4650 = VECTOR('',#4651,1.);
#4651 = DIRECTION('',(0.,-1.,0.));
#4652 = ORIENTED_EDGE('',*,*,#4653,.F.);
#4653 = EDGE_CURVE('',#4630,#4646,#4654,.T.);
#4654 = LINE('',#4655,#4656);
#4655 = CARTESIAN_POINT('',(175.492304,96.525505,1.499));
#4656 = VECTOR('',#4657,1.);
#4657 = DIRECTION('',(-1.,0.,0.));
#4658 = FACE_BOUND('',#4659,.T.);
#4659 = EDGE_LOOP('',(#4660,#4670,#4678,#4686));
#4660 = ORIENTED_EDGE('',*,*,#4661,.F.);
#4661 = EDGE_CURVE('',#4662,#4664,#4666,.T.);
#4662 = VERTEX_POINT('',#4663);
#4663 = CARTESIAN_POINT('',(229.606094,82.547318,1.499));
#4664 = VERTEX_POINT('',#4665);
#4665 = CARTESIAN_POINT('',(229.606094,96.709267,1.499));
#4666 = LINE('',#4667,#4668);
#4667 = CARTESIAN_POINT('',(229.606094,74.10908675,1.499));
#4668 = VECTOR('',#4669,1.);
#4669 = DIRECTION('',(0.,1.,0.));
#4670 = ORIENTED_EDGE('',*,*,#4671,.F.);
#4671 = EDGE_CURVE('',#4672,#4662,#4674,.T.);
#4672 = VERTEX_POINT('',#4673);
#4673 = CARTESIAN_POINT('',(215.526947,82.547318,1.499));
#4674 = LINE('',#4675,#4676);
#4675 = CARTESIAN_POINT('',(192.0082185,82.547318,1.499));
#4676 = VECTOR('',#4677,1.);
#4677 = DIRECTION('',(1.,0.,0.));
#4678 = ORIENTED_EDGE('',*,*,#4679,.F.);
#4679 = EDGE_CURVE('',#4680,#4672,#4682,.T.);
#4680 = VERTEX_POINT('',#4681);
#4681 = CARTESIAN_POINT('',(215.526947,96.709267,1.499));
#4682 = LINE('',#4683,#4684);
#4683 = CARTESIAN_POINT('',(215.526947,67.02811225,1.499));
#4684 = VECTOR('',#4685,1.);
#4685 = DIRECTION('',(0.,-1.,0.));
#4686 = ORIENTED_EDGE('',*,*,#4687,.F.);
#4687 = EDGE_CURVE('',#4664,#4680,#4688,.T.);
#4688 = LINE('',#4689,#4690);
#4689 = CARTESIAN_POINT('',(184.968645,96.709267,1.499));
#4690 = VECTOR('',#4691,1.);
#4691 = DIRECTION('',(-1.,0.,0.));
#4692 = FACE_BOUND('',#4693,.T.);
#4693 = EDGE_LOOP('',(#4694,#4704,#4712,#4720));
#4694 = ORIENTED_EDGE('',*,*,#4695,.F.);
#4695 = EDGE_CURVE('',#4696,#4698,#4700,.T.);
#4696 = VERTEX_POINT('',#4697);
#4697 = CARTESIAN_POINT('',(248.532379,82.617279,1.499));
#4698 = VERTEX_POINT('',#4699);
#4699 = CARTESIAN_POINT('',(248.532379,96.56398,1.499));
#4700 = LINE('',#4701,#4702);
#4701 = CARTESIAN_POINT('',(248.532379,74.03644325,1.499));
#4702 = VECTOR('',#4703,1.);
#4703 = DIRECTION('',(0.,1.,0.));
#4704 = ORIENTED_EDGE('',*,*,#4705,.F.);
#4705 = EDGE_CURVE('',#4706,#4696,#4708,.T.);
#4706 = VERTEX_POINT('',#4707);
#4707 = CARTESIAN_POINT('',(234.556747,82.617279,1.499));
#4708 = LINE('',#4709,#4710);
#4709 = CARTESIAN_POINT('',(201.471361,82.617279,1.499));
#4710 = VECTOR('',#4711,1.);
#4711 = DIRECTION('',(1.,0.,0.));
#4712 = ORIENTED_EDGE('',*,*,#4713,.F.);
#4713 = EDGE_CURVE('',#4714,#4706,#4716,.T.);
#4714 = VERTEX_POINT('',#4715);
#4715 = CARTESIAN_POINT('',(234.556747,96.56398,1.499));
#4716 = LINE('',#4717,#4718);
#4717 = CARTESIAN_POINT('',(234.556747,67.06309275,1.499));
#4718 = VECTOR('',#4719,1.);
#4719 = DIRECTION('',(0.,-1.,0.));
#4720 = ORIENTED_EDGE('',*,*,#4721,.F.);
#4721 = EDGE_CURVE('',#4698,#4714,#4722,.T.);
#4722 = LINE('',#4723,#4724);
#4723 = CARTESIAN_POINT('',(194.483545,96.56398,1.499));
#4724 = VECTOR('',#4725,1.);
#4725 = DIRECTION('',(-1.,0.,0.));
#4726 = FACE_BOUND('',#4727,.T.);
#4727 = EDGE_LOOP('',(#4728,#4738,#4746,#4754));
#4728 = ORIENTED_EDGE('',*,*,#4729,.F.);
#4729 = EDGE_CURVE('',#4730,#4732,#4734,.T.);
#4730 = VERTEX_POINT('',#4731);
#4731 = CARTESIAN_POINT('',(267.612366,82.492256,1.499));
#4732 = VERTEX_POINT('',#4733);
#4733 = CARTESIAN_POINT('',(267.612366,96.601868,1.499));
#4734 = LINE('',#4735,#4736);
#4735 = CARTESIAN_POINT('',(267.612366,74.05538725,1.499));
#4736 = VECTOR('',#4737,1.);
#4737 = DIRECTION('',(0.,1.,0.));
#4738 = ORIENTED_EDGE('',*,*,#4739,.F.);
#4739 = EDGE_CURVE('',#4740,#4730,#4742,.T.);
#4740 = VERTEX_POINT('',#4741);
#4741 = CARTESIAN_POINT('',(253.729095,82.492256,1.499));
#4742 = LINE('',#4743,#4744);
#4743 = CARTESIAN_POINT('',(211.0113545,82.492256,1.499));
#4744 = VECTOR('',#4745,1.);
#4745 = DIRECTION('',(1.,0.,0.));
#4746 = ORIENTED_EDGE('',*,*,#4747,.F.);
#4747 = EDGE_CURVE('',#4748,#4740,#4750,.T.);
#4748 = VERTEX_POINT('',#4749);
#4749 = CARTESIAN_POINT('',(253.729095,96.601868,1.499));
#4750 = LINE('',#4751,#4752);
#4751 = CARTESIAN_POINT('',(253.729095,67.00058125,1.499));
#4752 = VECTOR('',#4753,1.);
#4753 = DIRECTION('',(0.,-1.,0.));
#4754 = ORIENTED_EDGE('',*,*,#4755,.F.);
#4755 = EDGE_CURVE('',#4732,#4748,#4756,.T.);
#4756 = LINE('',#4757,#4758);
#4757 = CARTESIAN_POINT('',(204.069719,96.601868,1.499));
#4758 = VECTOR('',#4759,1.);
#4759 = DIRECTION('',(-1.,0.,0.));
#4760 = FACE_BOUND('',#4761,.T.);
#4761 = EDGE_LOOP('',(#4762,#4772,#4780,#4788));
#4762 = ORIENTED_EDGE('',*,*,#4763,.F.);
#4763 = EDGE_CURVE('',#4764,#4766,#4768,.T.);
#4764 = VERTEX_POINT('',#4765);
#4765 = CARTESIAN_POINT('',(291.556061,82.605812,1.499));
#4766 = VERTEX_POINT('',#4767);
#4767 = CARTESIAN_POINT('',(291.556061,96.628792,1.499));
#4768 = LINE('',#4769,#4770);
#4769 = CARTESIAN_POINT('',(291.556061,74.06884925,1.499));
#4770 = VECTOR('',#4771,1.);
#4771 = DIRECTION('',(0.,1.,0.));
#4772 = ORIENTED_EDGE('',*,*,#4773,.F.);
#4773 = EDGE_CURVE('',#4774,#4764,#4776,.T.);
#4774 = VERTEX_POINT('',#4775);
#4775 = CARTESIAN_POINT('',(277.409515,82.605812,1.499));
#4776 = LINE('',#4777,#4778);
#4777 = CARTESIAN_POINT('',(222.983202,82.605812,1.499));
#4778 = VECTOR('',#4779,1.);
#4779 = DIRECTION('',(1.,0.,0.));
#4780 = ORIENTED_EDGE('',*,*,#4781,.F.);
#4781 = EDGE_CURVE('',#4782,#4774,#4784,.T.);
#4782 = VERTEX_POINT('',#4783);
#4783 = CARTESIAN_POINT('',(277.409515,96.628792,1.499));
#4784 = LINE('',#4785,#4786);
#4785 = CARTESIAN_POINT('',(277.409515,67.05735925,1.499));
#4786 = VECTOR('',#4787,1.);
#4787 = DIRECTION('',(0.,-1.,0.));
#4788 = ORIENTED_EDGE('',*,*,#4789,.F.);
#4789 = EDGE_CURVE('',#4766,#4782,#4790,.T.);
#4790 = LINE('',#4791,#4792);
#4791 = CARTESIAN_POINT('',(215.909929,96.628792,1.499));
#4792 = VECTOR('',#4793,1.);
#4793 = DIRECTION('',(-1.,0.,0.));
#4794 = PLANE('',#4795);
#4795 = AXIS2_PLACEMENT_3D('',#4796,#4797,#4798);
#4796 = CARTESIAN_POINT('',(154.410343,51.5089065,1.499));
#4797 = DIRECTION('',(0.,0.,1.));
#4798 = DIRECTION('',(1.,0.,0.));
#4799 = ADVANCED_FACE('',(#4800),#4806,.F.);
#4800 = FACE_BOUND('',#4801,.F.);
#4801 = EDGE_LOOP('',(#4802,#4803,#4804,#4805));
#4802 = ORIENTED_EDGE('',*,*,#123,.T.);
#4803 = ORIENTED_EDGE('',*,*,#2476,.T.);
#4804 = ORIENTED_EDGE('',*,*,#83,.F.);
#4805 = ORIENTED_EDGE('',*,*,#147,.F.);
#4806 = PLANE('',#4807);
#4807 = AXIS2_PLACEMENT_3D('',#4808,#4809,#4810);
#4808 = CARTESIAN_POINT('',(310.449707,-0.680383,0.));
#4809 = DIRECTION('',(-1.,0.,0.));
#4810 = DIRECTION('',(0.,1.,0.));
#4811 = ADVANCED_FACE('',(#4812),#4828,.F.);
#4812 = FACE_BOUND('',#4813,.F.);
#4813 = EDGE_LOOP('',(#4814,#4815,#4821,#4822));
#4814 = ORIENTED_EDGE('',*,*,#156,.F.);
#4815 = ORIENTED_EDGE('',*,*,#4816,.T.);
#4816 = EDGE_CURVE('',#157,#2504,#4817,.T.);
#4817 = LINE('',#4818,#4819);
#4818 = CARTESIAN_POINT('',(5.895474,20.071014,0.));
#4819 = VECTOR('',#4820,1.);
#4820 = DIRECTION('',(0.,0.,1.));
#4821 = ORIENTED_EDGE('',*,*,#2511,.F.);
#4822 = ORIENTED_EDGE('',*,*,#4823,.F.);
#4823 = EDGE_CURVE('',#159,#2488,#4824,.T.);
#4824 = LINE('',#4825,#4826);
#4825 = CARTESIAN_POINT('',(20.231478,20.071014,0.));
#4826 = VECTOR('',#4827,1.);
#4827 = DIRECTION('',(0.,0.,1.));
#4828 = PLANE('',#4829);
#4829 = AXIS2_PLACEMENT_3D('',#4830,#4831,#4832);
#4830 = CARTESIAN_POINT('',(5.895474,20.071014,0.));
#4831 = DIRECTION('',(0.,1.,0.));
#4832 = DIRECTION('',(1.,0.,0.));
#4833 = ADVANCED_FACE('',(#4834),#4845,.F.);
#4834 = FACE_BOUND('',#4835,.F.);
#4835 = EDGE_LOOP('',(#4836,#4837,#4843,#4844));
#4836 = ORIENTED_EDGE('',*,*,#182,.F.);
#4837 = ORIENTED_EDGE('',*,*,#4838,.T.);
#4838 = EDGE_CURVE('',#175,#2496,#4839,.T.);
#4839 = LINE('',#4840,#4841);
#4840 = CARTESIAN_POINT('',(5.895474,5.885919,0.));
#4841 = VECTOR('',#4842,1.);
#4842 = DIRECTION('',(0.,0.,1.));
#4843 = ORIENTED_EDGE('',*,*,#2503,.F.);
#4844 = ORIENTED_EDGE('',*,*,#4816,.F.);
#4845 = PLANE('',#4846);
#4846 = AXIS2_PLACEMENT_3D('',#4847,#4848,#4849);
#4847 = CARTESIAN_POINT('',(5.895474,5.885919,0.));
#4848 = DIRECTION('',(-1.,0.,0.));
#4849 = DIRECTION('',(0.,1.,0.));
#4850 = ADVANCED_FACE('',(#4851),#4862,.F.);
#4851 = FACE_BOUND('',#4852,.F.);
#4852 = EDGE_LOOP('',(#4853,#4854,#4855,#4856));
#4853 = ORIENTED_EDGE('',*,*,#166,.F.);
#4854 = ORIENTED_EDGE('',*,*,#4823,.T.);
#4855 = ORIENTED_EDGE('',*,*,#2485,.F.);
#4856 = ORIENTED_EDGE('',*,*,#4857,.F.);
#4857 = EDGE_CURVE('',#167,#2486,#4858,.T.);
#4858 = LINE('',#4859,#4860);
#4859 = CARTESIAN_POINT('',(20.231478,5.885919,0.));
#4860 = VECTOR('',#4861,1.);
#4861 = DIRECTION('',(0.,0.,1.));
#4862 = PLANE('',#4863);
#4863 = AXIS2_PLACEMENT_3D('',#4864,#4865,#4866);
#4864 = CARTESIAN_POINT('',(20.231478,20.071014,0.));
#4865 = DIRECTION('',(1.,0.,0.));
#4866 = DIRECTION('',(0.,-1.,0.));
#4867 = ADVANCED_FACE('',(#4868),#4874,.F.);
#4868 = FACE_BOUND('',#4869,.F.);
#4869 = EDGE_LOOP('',(#4870,#4871,#4872,#4873));
#4870 = ORIENTED_EDGE('',*,*,#174,.F.);
#4871 = ORIENTED_EDGE('',*,*,#4857,.T.);
#4872 = ORIENTED_EDGE('',*,*,#2495,.F.);
#4873 = ORIENTED_EDGE('',*,*,#4838,.F.);
#4874 = PLANE('',#4875);
#4875 = AXIS2_PLACEMENT_3D('',#4876,#4877,#4878);
#4876 = CARTESIAN_POINT('',(20.231478,5.885919,0.));
#4877 = DIRECTION('',(0.,-1.,0.));
#4878 = DIRECTION('',(-1.,0.,0.));
#4879 = ADVANCED_FACE('',(#4880),#4896,.F.);
#4880 = FACE_BOUND('',#4881,.F.);
#4881 = EDGE_LOOP('',(#4882,#4883,#4889,#4890));
#4882 = ORIENTED_EDGE('',*,*,#190,.F.);
#4883 = ORIENTED_EDGE('',*,*,#4884,.T.);
#4884 = EDGE_CURVE('',#191,#2538,#4885,.T.);
#4885 = LINE('',#4886,#4887);
#4886 = CARTESIAN_POINT('',(24.607731,20.071009,0.));
#4887 = VECTOR('',#4888,1.);
#4888 = DIRECTION('',(0.,0.,1.));
#4889 = ORIENTED_EDGE('',*,*,#2545,.F.);
#4890 = ORIENTED_EDGE('',*,*,#4891,.F.);
#4891 = EDGE_CURVE('',#193,#2522,#4892,.T.);
#4892 = LINE('',#4893,#4894);
#4893 = CARTESIAN_POINT('',(38.491024,20.071009,0.));
#4894 = VECTOR('',#4895,1.);
#4895 = DIRECTION('',(0.,0.,1.));
#4896 = PLANE('',#4897);
#4897 = AXIS2_PLACEMENT_3D('',#4898,#4899,#4900);
#4898 = CARTESIAN_POINT('',(24.607731,20.071009,0.));
#4899 = DIRECTION('',(0.,1.,0.));
#4900 = DIRECTION('',(1.,0.,0.));
#4901 = ADVANCED_FACE('',(#4902),#4913,.F.);
#4902 = FACE_BOUND('',#4903,.F.);
#4903 = EDGE_LOOP('',(#4904,#4905,#4911,#4912));
#4904 = ORIENTED_EDGE('',*,*,#216,.F.);
#4905 = ORIENTED_EDGE('',*,*,#4906,.T.);
#4906 = EDGE_CURVE('',#209,#2530,#4907,.T.);
#4907 = LINE('',#4908,#4909);
#4908 = CARTESIAN_POINT('',(24.607731,5.961366,0.));
#4909 = VECTOR('',#4910,1.);
#4910 = DIRECTION('',(0.,0.,1.));
#4911 = ORIENTED_EDGE('',*,*,#2537,.F.);
#4912 = ORIENTED_EDGE('',*,*,#4884,.F.);
#4913 = PLANE('',#4914);
#4914 = AXIS2_PLACEMENT_3D('',#4915,#4916,#4917);
#4915 = CARTESIAN_POINT('',(24.607731,5.961366,0.));
#4916 = DIRECTION('',(-1.,0.,0.));
#4917 = DIRECTION('',(0.,1.,0.));
#4918 = ADVANCED_FACE('',(#4919),#4930,.F.);
#4919 = FACE_BOUND('',#4920,.F.);
#4920 = EDGE_LOOP('',(#4921,#4922,#4923,#4924));
#4921 = ORIENTED_EDGE('',*,*,#200,.F.);
#4922 = ORIENTED_EDGE('',*,*,#4891,.T.);
#4923 = ORIENTED_EDGE('',*,*,#2519,.F.);
#4924 = ORIENTED_EDGE('',*,*,#4925,.F.);
#4925 = EDGE_CURVE('',#201,#2520,#4926,.T.);
#4926 = LINE('',#4927,#4928);
#4927 = CARTESIAN_POINT('',(38.491024,5.961366,0.));
#4928 = VECTOR('',#4929,1.);
#4929 = DIRECTION('',(0.,0.,1.));
#4930 = PLANE('',#4931);
#4931 = AXIS2_PLACEMENT_3D('',#4932,#4933,#4934);
#4932 = CARTESIAN_POINT('',(38.491024,20.071009,0.));
#4933 = DIRECTION('',(1.,0.,0.));
#4934 = DIRECTION('',(0.,-1.,0.));
#4935 = ADVANCED_FACE('',(#4936),#4942,.F.);
#4936 = FACE_BOUND('',#4937,.F.);
#4937 = EDGE_LOOP('',(#4938,#4939,#4940,#4941));
#4938 = ORIENTED_EDGE('',*,*,#208,.F.);
#4939 = ORIENTED_EDGE('',*,*,#4925,.T.);
#4940 = ORIENTED_EDGE('',*,*,#2529,.F.);
#4941 = ORIENTED_EDGE('',*,*,#4906,.F.);
#4942 = PLANE('',#4943);
#4943 = AXIS2_PLACEMENT_3D('',#4944,#4945,#4946);
#4944 = CARTESIAN_POINT('',(38.491024,5.961366,0.));
#4945 = DIRECTION('',(0.,-1.,0.));
#4946 = DIRECTION('',(-1.,0.,0.));
#4947 = ADVANCED_FACE('',(#4948),#4964,.F.);
#4948 = FACE_BOUND('',#4949,.F.);
#4949 = EDGE_LOOP('',(#4950,#4951,#4957,#4958));
#4950 = ORIENTED_EDGE('',*,*,#224,.F.);
#4951 = ORIENTED_EDGE('',*,*,#4952,.T.);
#4952 = EDGE_CURVE('',#225,#2572,#4953,.T.);
#4953 = LINE('',#4954,#4955);
#4954 = CARTESIAN_POINT('',(43.608532,20.179764,0.));
#4955 = VECTOR('',#4956,1.);
#4956 = DIRECTION('',(0.,0.,1.));
#4957 = ORIENTED_EDGE('',*,*,#2579,.F.);
#4958 = ORIENTED_EDGE('',*,*,#4959,.F.);
#4959 = EDGE_CURVE('',#227,#2556,#4960,.T.);
#4960 = LINE('',#4961,#4962);
#4961 = CARTESIAN_POINT('',(57.567905,20.179764,0.));
#4962 = VECTOR('',#4963,1.);
#4963 = DIRECTION('',(0.,0.,1.));
#4964 = PLANE('',#4965);
#4965 = AXIS2_PLACEMENT_3D('',#4966,#4967,#4968);
#4966 = CARTESIAN_POINT('',(43.608532,20.179764,0.));
#4967 = DIRECTION('',(0.,1.,0.));
#4968 = DIRECTION('',(1.,0.,0.));
#4969 = ADVANCED_FACE('',(#4970),#4981,.F.);
#4970 = FACE_BOUND('',#4971,.F.);
#4971 = EDGE_LOOP('',(#4972,#4973,#4979,#4980));
#4972 = ORIENTED_EDGE('',*,*,#250,.F.);
#4973 = ORIENTED_EDGE('',*,*,#4974,.T.);
#4974 = EDGE_CURVE('',#243,#2564,#4975,.T.);
#4975 = LINE('',#4976,#4977);
#4976 = CARTESIAN_POINT('',(43.608532,6.119246,0.));
#4977 = VECTOR('',#4978,1.);
#4978 = DIRECTION('',(0.,0.,1.));
#4979 = ORIENTED_EDGE('',*,*,#2571,.F.);
#4980 = ORIENTED_EDGE('',*,*,#4952,.F.);
#4981 = PLANE('',#4982);
#4982 = AXIS2_PLACEMENT_3D('',#4983,#4984,#4985);
#4983 = CARTESIAN_POINT('',(43.608532,6.119246,0.));
#4984 = DIRECTION('',(-1.,0.,0.));
#4985 = DIRECTION('',(0.,1.,0.));
#4986 = ADVANCED_FACE('',(#4987),#4998,.F.);
#4987 = FACE_BOUND('',#4988,.F.);
#4988 = EDGE_LOOP('',(#4989,#4990,#4991,#4992));
#4989 = ORIENTED_EDGE('',*,*,#234,.F.);
#4990 = ORIENTED_EDGE('',*,*,#4959,.T.);
#4991 = ORIENTED_EDGE('',*,*,#2553,.F.);
#4992 = ORIENTED_EDGE('',*,*,#4993,.F.);
#4993 = EDGE_CURVE('',#235,#2554,#4994,.T.);
#4994 = LINE('',#4995,#4996);
#4995 = CARTESIAN_POINT('',(57.567905,6.119246,0.));
#4996 = VECTOR('',#4997,1.);
#4997 = DIRECTION('',(0.,0.,1.));
#4998 = PLANE('',#4999);
#4999 = AXIS2_PLACEMENT_3D('',#5000,#5001,#5002);
#5000 = CARTESIAN_POINT('',(57.567905,20.179764,0.));
#5001 = DIRECTION('',(1.,0.,0.));
#5002 = DIRECTION('',(0.,-1.,0.));
#5003 = ADVANCED_FACE('',(#5004),#5010,.F.);
#5004 = FACE_BOUND('',#5005,.F.);
#5005 = EDGE_LOOP('',(#5006,#5007,#5008,#5009));
#5006 = ORIENTED_EDGE('',*,*,#242,.F.);
#5007 = ORIENTED_EDGE('',*,*,#4993,.T.);
#5008 = ORIENTED_EDGE('',*,*,#2563,.F.);
#5009 = ORIENTED_EDGE('',*,*,#4974,.F.);
#5010 = PLANE('',#5011);
#5011 = AXIS2_PLACEMENT_3D('',#5012,#5013,#5014);
#5012 = CARTESIAN_POINT('',(57.567905,6.119246,0.));
#5013 = DIRECTION('',(0.,-1.,0.));
#5014 = DIRECTION('',(-1.,0.,0.));
#5015 = ADVANCED_FACE('',(#5016),#5032,.F.);
#5016 = FACE_BOUND('',#5017,.F.);
#5017 = EDGE_LOOP('',(#5018,#5019,#5025,#5026));
#5018 = ORIENTED_EDGE('',*,*,#258,.F.);
#5019 = ORIENTED_EDGE('',*,*,#5020,.T.);
#5020 = EDGE_CURVE('',#259,#2606,#5021,.T.);
#5021 = LINE('',#5022,#5023);
#5022 = CARTESIAN_POINT('',(62.271603,20.063152,0.));
#5023 = VECTOR('',#5024,1.);
#5024 = DIRECTION('',(0.,0.,1.));
#5025 = ORIENTED_EDGE('',*,*,#2613,.F.);
#5026 = ORIENTED_EDGE('',*,*,#5027,.F.);
#5027 = EDGE_CURVE('',#261,#2590,#5028,.T.);
#5028 = LINE('',#5029,#5030);
#5029 = CARTESIAN_POINT('',(76.373543,20.063152,0.));
#5030 = VECTOR('',#5031,1.);
#5031 = DIRECTION('',(0.,0.,1.));
#5032 = PLANE('',#5033);
#5033 = AXIS2_PLACEMENT_3D('',#5034,#5035,#5036);
#5034 = CARTESIAN_POINT('',(62.271603,20.063152,0.));
#5035 = DIRECTION('',(0.,1.,0.));
#5036 = DIRECTION('',(1.,0.,0.));
#5037 = ADVANCED_FACE('',(#5038),#5049,.F.);
#5038 = FACE_BOUND('',#5039,.F.);
#5039 = EDGE_LOOP('',(#5040,#5041,#5047,#5048));
#5040 = ORIENTED_EDGE('',*,*,#284,.F.);
#5041 = ORIENTED_EDGE('',*,*,#5042,.T.);
#5042 = EDGE_CURVE('',#277,#2598,#5043,.T.);
#5043 = LINE('',#5044,#5045);
#5044 = CARTESIAN_POINT('',(62.271603,6.11924,0.));
#5045 = VECTOR('',#5046,1.);
#5046 = DIRECTION('',(0.,0.,1.));
#5047 = ORIENTED_EDGE('',*,*,#2605,.F.);
#5048 = ORIENTED_EDGE('',*,*,#5020,.F.);
#5049 = PLANE('',#5050);
#5050 = AXIS2_PLACEMENT_3D('',#5051,#5052,#5053);
#5051 = CARTESIAN_POINT('',(62.271603,6.11924,0.));
#5052 = DIRECTION('',(-1.,0.,0.));
#5053 = DIRECTION('',(0.,1.,0.));
#5054 = ADVANCED_FACE('',(#5055),#5066,.F.);
#5055 = FACE_BOUND('',#5056,.F.);
#5056 = EDGE_LOOP('',(#5057,#5058,#5059,#5060));
#5057 = ORIENTED_EDGE('',*,*,#268,.F.);
#5058 = ORIENTED_EDGE('',*,*,#5027,.T.);
#5059 = ORIENTED_EDGE('',*,*,#2587,.F.);
#5060 = ORIENTED_EDGE('',*,*,#5061,.F.);
#5061 = EDGE_CURVE('',#269,#2588,#5062,.T.);
#5062 = LINE('',#5063,#5064);
#5063 = CARTESIAN_POINT('',(76.373543,6.11924,0.));
#5064 = VECTOR('',#5065,1.);
#5065 = DIRECTION('',(0.,0.,1.));
#5066 = PLANE('',#5067);
#5067 = AXIS2_PLACEMENT_3D('',#5068,#5069,#5070);
#5068 = CARTESIAN_POINT('',(76.373543,20.063152,0.));
#5069 = DIRECTION('',(1.,0.,0.));
#5070 = DIRECTION('',(0.,-1.,0.));
#5071 = ADVANCED_FACE('',(#5072),#5078,.F.);
#5072 = FACE_BOUND('',#5073,.F.);
#5073 = EDGE_LOOP('',(#5074,#5075,#5076,#5077));
#5074 = ORIENTED_EDGE('',*,*,#276,.F.);
#5075 = ORIENTED_EDGE('',*,*,#5061,.T.);
#5076 = ORIENTED_EDGE('',*,*,#2597,.F.);
#5077 = ORIENTED_EDGE('',*,*,#5042,.F.);
#5078 = PLANE('',#5079);
#5079 = AXIS2_PLACEMENT_3D('',#5080,#5081,#5082);
#5080 = CARTESIAN_POINT('',(76.373543,6.11924,0.));
#5081 = DIRECTION('',(0.,-1.,0.));
#5082 = DIRECTION('',(-1.,0.,0.));
#5083 = ADVANCED_FACE('',(#5084),#5100,.F.);
#5084 = FACE_BOUND('',#5085,.F.);
#5085 = EDGE_LOOP('',(#5086,#5087,#5093,#5094));
#5086 = ORIENTED_EDGE('',*,*,#292,.F.);
#5087 = ORIENTED_EDGE('',*,*,#5088,.T.);
#5088 = EDGE_CURVE('',#293,#2640,#5089,.T.);
#5089 = LINE('',#5090,#5091);
#5090 = CARTESIAN_POINT('',(124.805145,20.104465,0.));
#5091 = VECTOR('',#5092,1.);
#5092 = DIRECTION('',(0.,0.,1.));
#5093 = ORIENTED_EDGE('',*,*,#2647,.F.);
#5094 = ORIENTED_EDGE('',*,*,#5095,.F.);
#5095 = EDGE_CURVE('',#295,#2624,#5096,.T.);
#5096 = LINE('',#5097,#5098);
#5097 = CARTESIAN_POINT('',(138.757004,20.104465,0.));
#5098 = VECTOR('',#5099,1.);
#5099 = DIRECTION('',(0.,0.,1.));
#5100 = PLANE('',#5101);
#5101 = AXIS2_PLACEMENT_3D('',#5102,#5103,#5104);
#5102 = CARTESIAN_POINT('',(124.805145,20.104465,0.));
#5103 = DIRECTION('',(0.,1.,0.));
#5104 = DIRECTION('',(1.,0.,0.));
#5105 = ADVANCED_FACE('',(#5106),#5117,.F.);
#5106 = FACE_BOUND('',#5107,.F.);
#5107 = EDGE_LOOP('',(#5108,#5109,#5115,#5116));
#5108 = ORIENTED_EDGE('',*,*,#318,.F.);
#5109 = ORIENTED_EDGE('',*,*,#5110,.T.);
#5110 = EDGE_CURVE('',#311,#2632,#5111,.T.);
#5111 = LINE('',#5112,#5113);
#5112 = CARTESIAN_POINT('',(124.805145,6.009524,0.));
#5113 = VECTOR('',#5114,1.);
#5114 = DIRECTION('',(0.,0.,1.));
#5115 = ORIENTED_EDGE('',*,*,#2639,.F.);
#5116 = ORIENTED_EDGE('',*,*,#5088,.F.);
#5117 = PLANE('',#5118);
#5118 = AXIS2_PLACEMENT_3D('',#5119,#5120,#5121);
#5119 = CARTESIAN_POINT('',(124.805145,6.009524,0.));
#5120 = DIRECTION('',(-1.,0.,0.));
#5121 = DIRECTION('',(0.,1.,0.));
#5122 = ADVANCED_FACE('',(#5123),#5134,.F.);
#5123 = FACE_BOUND('',#5124,.F.);
#5124 = EDGE_LOOP('',(#5125,#5126,#5127,#5128));
#5125 = ORIENTED_EDGE('',*,*,#302,.F.);
#5126 = ORIENTED_EDGE('',*,*,#5095,.T.);
#5127 = ORIENTED_EDGE('',*,*,#2621,.F.);
#5128 = ORIENTED_EDGE('',*,*,#5129,.F.);
#5129 = EDGE_CURVE('',#303,#2622,#5130,.T.);
#5130 = LINE('',#5131,#5132);
#5131 = CARTESIAN_POINT('',(138.757004,6.009524,0.));
#5132 = VECTOR('',#5133,1.);
#5133 = DIRECTION('',(0.,0.,1.));
#5134 = PLANE('',#5135);
#5135 = AXIS2_PLACEMENT_3D('',#5136,#5137,#5138);
#5136 = CARTESIAN_POINT('',(138.757004,20.104465,0.));
#5137 = DIRECTION('',(1.,0.,0.));
#5138 = DIRECTION('',(0.,-1.,0.));
#5139 = ADVANCED_FACE('',(#5140),#5146,.F.);
#5140 = FACE_BOUND('',#5141,.F.);
#5141 = EDGE_LOOP('',(#5142,#5143,#5144,#5145));
#5142 = ORIENTED_EDGE('',*,*,#310,.F.);
#5143 = ORIENTED_EDGE('',*,*,#5129,.T.);
#5144 = ORIENTED_EDGE('',*,*,#2631,.F.);
#5145 = ORIENTED_EDGE('',*,*,#5110,.F.);
#5146 = PLANE('',#5147);
#5147 = AXIS2_PLACEMENT_3D('',#5148,#5149,#5150);
#5148 = CARTESIAN_POINT('',(138.757004,6.009524,0.));
#5149 = DIRECTION('',(0.,-1.,0.));
#5150 = DIRECTION('',(-1.,0.,0.));
#5151 = ADVANCED_FACE('',(#5152),#5168,.F.);
#5152 = FACE_BOUND('',#5153,.F.);
#5153 = EDGE_LOOP('',(#5154,#5155,#5161,#5162));
#5154 = ORIENTED_EDGE('',*,*,#326,.F.);
#5155 = ORIENTED_EDGE('',*,*,#5156,.T.);
#5156 = EDGE_CURVE('',#327,#2674,#5157,.T.);
#5157 = LINE('',#5158,#5159);
#5158 = CARTESIAN_POINT('',(15.286504,39.082203,0.));
#5159 = VECTOR('',#5160,1.);
#5160 = DIRECTION('',(0.,0.,1.));
#5161 = ORIENTED_EDGE('',*,*,#2681,.F.);
#5162 = ORIENTED_EDGE('',*,*,#5163,.F.);
#5163 = EDGE_CURVE('',#329,#2658,#5164,.T.);
#5164 = LINE('',#5165,#5166);
#5165 = CARTESIAN_POINT('',(29.622561,39.082203,0.));
#5166 = VECTOR('',#5167,1.);
#5167 = DIRECTION('',(0.,0.,1.));
#5168 = PLANE('',#5169);
#5169 = AXIS2_PLACEMENT_3D('',#5170,#5171,#5172);
#5170 = CARTESIAN_POINT('',(15.286504,39.082203,0.));
#5171 = DIRECTION('',(0.,1.,0.));
#5172 = DIRECTION('',(1.,0.,0.));
#5173 = ADVANCED_FACE('',(#5174),#5185,.F.);
#5174 = FACE_BOUND('',#5175,.F.);
#5175 = EDGE_LOOP('',(#5176,#5177,#5183,#5184));
#5176 = ORIENTED_EDGE('',*,*,#352,.F.);
#5177 = ORIENTED_EDGE('',*,*,#5178,.T.);
#5178 = EDGE_CURVE('',#345,#2666,#5179,.T.);
#5179 = LINE('',#5180,#5181);
#5180 = CARTESIAN_POINT('',(15.286504,25.19887,0.));
#5181 = VECTOR('',#5182,1.);
#5182 = DIRECTION('',(0.,0.,1.));
#5183 = ORIENTED_EDGE('',*,*,#2673,.F.);
#5184 = ORIENTED_EDGE('',*,*,#5156,.F.);
#5185 = PLANE('',#5186);
#5186 = AXIS2_PLACEMENT_3D('',#5187,#5188,#5189);
#5187 = CARTESIAN_POINT('',(15.286504,25.19887,0.));
#5188 = DIRECTION('',(-1.,0.,0.));
#5189 = DIRECTION('',(0.,1.,0.));
#5190 = ADVANCED_FACE('',(#5191),#5202,.F.);
#5191 = FACE_BOUND('',#5192,.F.);
#5192 = EDGE_LOOP('',(#5193,#5194,#5200,#5201));
#5193 = ORIENTED_EDGE('',*,*,#344,.F.);
#5194 = ORIENTED_EDGE('',*,*,#5195,.T.);
#5195 = EDGE_CURVE('',#337,#2656,#5196,.T.);
#5196 = LINE('',#5197,#5198);
#5197 = CARTESIAN_POINT('',(29.622561,25.19887,0.));
#5198 = VECTOR('',#5199,1.);
#5199 = DIRECTION('',(0.,0.,1.));
#5200 = ORIENTED_EDGE('',*,*,#2665,.F.);
#5201 = ORIENTED_EDGE('',*,*,#5178,.F.);
#5202 = PLANE('',#5203);
#5203 = AXIS2_PLACEMENT_3D('',#5204,#5205,#5206);
#5204 = CARTESIAN_POINT('',(29.622561,25.19887,0.));
#5205 = DIRECTION('',(0.,-1.,0.));
#5206 = DIRECTION('',(-1.,0.,0.));
#5207 = ADVANCED_FACE('',(#5208),#5214,.F.);
#5208 = FACE_BOUND('',#5209,.F.);
#5209 = EDGE_LOOP('',(#5210,#5211,#5212,#5213));
#5210 = ORIENTED_EDGE('',*,*,#336,.F.);
#5211 = ORIENTED_EDGE('',*,*,#5163,.T.);
#5212 = ORIENTED_EDGE('',*,*,#2655,.F.);
#5213 = ORIENTED_EDGE('',*,*,#5195,.F.);
#5214 = PLANE('',#5215);
#5215 = AXIS2_PLACEMENT_3D('',#5216,#5217,#5218);
#5216 = CARTESIAN_POINT('',(29.622561,39.082203,0.));
#5217 = DIRECTION('',(1.,0.,0.));
#5218 = DIRECTION('',(0.,-1.,0.));
#5219 = ADVANCED_FACE('',(#5220),#5236,.F.);
#5220 = FACE_BOUND('',#5221,.F.);
#5221 = EDGE_LOOP('',(#5222,#5223,#5229,#5230));
#5222 = ORIENTED_EDGE('',*,*,#360,.F.);
#5223 = ORIENTED_EDGE('',*,*,#5224,.T.);
#5224 = EDGE_CURVE('',#361,#2708,#5225,.T.);
#5225 = LINE('',#5226,#5227);
#5226 = CARTESIAN_POINT('',(43.757137,39.146011,0.));
#5227 = VECTOR('',#5228,1.);
#5228 = DIRECTION('',(0.,0.,1.));
#5229 = ORIENTED_EDGE('',*,*,#2715,.F.);
#5230 = ORIENTED_EDGE('',*,*,#5231,.F.);
#5231 = EDGE_CURVE('',#363,#2692,#5232,.T.);
#5232 = LINE('',#5233,#5234);
#5233 = CARTESIAN_POINT('',(57.905342,39.146011,0.));
#5234 = VECTOR('',#5235,1.);
#5235 = DIRECTION('',(0.,0.,1.));
#5236 = PLANE('',#5237);
#5237 = AXIS2_PLACEMENT_3D('',#5238,#5239,#5240);
#5238 = CARTESIAN_POINT('',(43.757137,39.146011,0.));
#5239 = DIRECTION('',(0.,1.,0.));
#5240 = DIRECTION('',(1.,0.,0.));
#5241 = ADVANCED_FACE('',(#5242),#5253,.F.);
#5242 = FACE_BOUND('',#5243,.F.);
#5243 = EDGE_LOOP('',(#5244,#5245,#5251,#5252));
#5244 = ORIENTED_EDGE('',*,*,#386,.F.);
#5245 = ORIENTED_EDGE('',*,*,#5246,.T.);
#5246 = EDGE_CURVE('',#379,#2700,#5247,.T.);
#5247 = LINE('',#5248,#5249);
#5248 = CARTESIAN_POINT('',(43.757137,25.00873,0.));
#5249 = VECTOR('',#5250,1.);
#5250 = DIRECTION('',(0.,0.,1.));
#5251 = ORIENTED_EDGE('',*,*,#2707,.F.);
#5252 = ORIENTED_EDGE('',*,*,#5224,.F.);
#5253 = PLANE('',#5254);
#5254 = AXIS2_PLACEMENT_3D('',#5255,#5256,#5257);
#5255 = CARTESIAN_POINT('',(43.757137,25.00873,0.));
#5256 = DIRECTION('',(-1.,0.,0.));
#5257 = DIRECTION('',(0.,1.,0.));
#5258 = ADVANCED_FACE('',(#5259),#5270,.F.);
#5259 = FACE_BOUND('',#5260,.F.);
#5260 = EDGE_LOOP('',(#5261,#5262,#5268,#5269));
#5261 = ORIENTED_EDGE('',*,*,#378,.F.);
#5262 = ORIENTED_EDGE('',*,*,#5263,.T.);
#5263 = EDGE_CURVE('',#371,#2690,#5264,.T.);
#5264 = LINE('',#5265,#5266);
#5265 = CARTESIAN_POINT('',(57.905342,25.00873,0.));
#5266 = VECTOR('',#5267,1.);
#5267 = DIRECTION('',(0.,0.,1.));
#5268 = ORIENTED_EDGE('',*,*,#2699,.F.);
#5269 = ORIENTED_EDGE('',*,*,#5246,.F.);
#5270 = PLANE('',#5271);
#5271 = AXIS2_PLACEMENT_3D('',#5272,#5273,#5274);
#5272 = CARTESIAN_POINT('',(57.905342,25.00873,0.));
#5273 = DIRECTION('',(0.,-1.,0.));
#5274 = DIRECTION('',(-1.,0.,0.));
#5275 = ADVANCED_FACE('',(#5276),#5282,.F.);
#5276 = FACE_BOUND('',#5277,.F.);
#5277 = EDGE_LOOP('',(#5278,#5279,#5280,#5281));
#5278 = ORIENTED_EDGE('',*,*,#370,.F.);
#5279 = ORIENTED_EDGE('',*,*,#5231,.T.);
#5280 = ORIENTED_EDGE('',*,*,#2689,.F.);
#5281 = ORIENTED_EDGE('',*,*,#5263,.F.);
#5282 = PLANE('',#5283);
#5283 = AXIS2_PLACEMENT_3D('',#5284,#5285,#5286);
#5284 = CARTESIAN_POINT('',(57.905342,39.146011,0.));
#5285 = DIRECTION('',(1.,0.,0.));
#5286 = DIRECTION('',(0.,-1.,0.));
#5287 = ADVANCED_FACE('',(#5288),#5304,.F.);
#5288 = FACE_BOUND('',#5289,.F.);
#5289 = EDGE_LOOP('',(#5290,#5291,#5297,#5298));
#5290 = ORIENTED_EDGE('',*,*,#394,.F.);
#5291 = ORIENTED_EDGE('',*,*,#5292,.T.);
#5292 = EDGE_CURVE('',#395,#2742,#5293,.T.);
#5293 = LINE('',#5294,#5295);
#5294 = CARTESIAN_POINT('',(62.790981,39.246429,0.));
#5295 = VECTOR('',#5296,1.);
#5296 = DIRECTION('',(0.,0.,1.));
#5297 = ORIENTED_EDGE('',*,*,#2749,.F.);
#5298 = ORIENTED_EDGE('',*,*,#5299,.F.);
#5299 = EDGE_CURVE('',#397,#2726,#5300,.T.);
#5300 = LINE('',#5301,#5302);
#5301 = CARTESIAN_POINT('',(77.034012,39.246429,0.));
#5302 = VECTOR('',#5303,1.);
#5303 = DIRECTION('',(0.,0.,1.));
#5304 = PLANE('',#5305);
#5305 = AXIS2_PLACEMENT_3D('',#5306,#5307,#5308);
#5306 = CARTESIAN_POINT('',(62.790981,39.246429,0.));
#5307 = DIRECTION('',(0.,1.,0.));
#5308 = DIRECTION('',(1.,0.,0.));
#5309 = ADVANCED_FACE('',(#5310),#5321,.F.);
#5310 = FACE_BOUND('',#5311,.F.);
#5311 = EDGE_LOOP('',(#5312,#5313,#5319,#5320));
#5312 = ORIENTED_EDGE('',*,*,#420,.F.);
#5313 = ORIENTED_EDGE('',*,*,#5314,.T.);
#5314 = EDGE_CURVE('',#413,#2734,#5315,.T.);
#5315 = LINE('',#5316,#5317);
#5316 = CARTESIAN_POINT('',(62.790981,25.122835,0.));
#5317 = VECTOR('',#5318,1.);
#5318 = DIRECTION('',(0.,0.,1.));
#5319 = ORIENTED_EDGE('',*,*,#2741,.F.);
#5320 = ORIENTED_EDGE('',*,*,#5292,.F.);
#5321 = PLANE('',#5322);
#5322 = AXIS2_PLACEMENT_3D('',#5323,#5324,#5325);
#5323 = CARTESIAN_POINT('',(62.790981,25.122835,0.));
#5324 = DIRECTION('',(-1.,0.,0.));
#5325 = DIRECTION('',(0.,1.,0.));
#5326 = ADVANCED_FACE('',(#5327),#5338,.F.);
#5327 = FACE_BOUND('',#5328,.F.);
#5328 = EDGE_LOOP('',(#5329,#5330,#5336,#5337));
#5329 = ORIENTED_EDGE('',*,*,#412,.F.);
#5330 = ORIENTED_EDGE('',*,*,#5331,.T.);
#5331 = EDGE_CURVE('',#405,#2724,#5332,.T.);
#5332 = LINE('',#5333,#5334);
#5333 = CARTESIAN_POINT('',(77.034012,25.122835,0.));
#5334 = VECTOR('',#5335,1.);
#5335 = DIRECTION('',(0.,0.,1.));
#5336 = ORIENTED_EDGE('',*,*,#2733,.F.);
#5337 = ORIENTED_EDGE('',*,*,#5314,.F.);
#5338 = PLANE('',#5339);
#5339 = AXIS2_PLACEMENT_3D('',#5340,#5341,#5342);
#5340 = CARTESIAN_POINT('',(77.034012,25.122835,0.));
#5341 = DIRECTION('',(0.,-1.,0.));
#5342 = DIRECTION('',(-1.,0.,0.));
#5343 = ADVANCED_FACE('',(#5344),#5350,.F.);
#5344 = FACE_BOUND('',#5345,.F.);
#5345 = EDGE_LOOP('',(#5346,#5347,#5348,#5349));
#5346 = ORIENTED_EDGE('',*,*,#404,.F.);
#5347 = ORIENTED_EDGE('',*,*,#5299,.T.);
#5348 = ORIENTED_EDGE('',*,*,#2723,.F.);
#5349 = ORIENTED_EDGE('',*,*,#5331,.F.);
#5350 = PLANE('',#5351);
#5351 = AXIS2_PLACEMENT_3D('',#5352,#5353,#5354);
#5352 = CARTESIAN_POINT('',(77.034012,39.246429,0.));
#5353 = DIRECTION('',(1.,0.,0.));
#5354 = DIRECTION('',(0.,-1.,0.));
#5355 = ADVANCED_FACE('',(#5356),#5372,.F.);
#5356 = FACE_BOUND('',#5357,.F.);
#5357 = EDGE_LOOP('',(#5358,#5359,#5365,#5366));
#5358 = ORIENTED_EDGE('',*,*,#428,.F.);
#5359 = ORIENTED_EDGE('',*,*,#5360,.T.);
#5360 = EDGE_CURVE('',#429,#2776,#5361,.T.);
#5361 = LINE('',#5362,#5363);
#5362 = CARTESIAN_POINT('',(15.225821,58.186047,0.));
#5363 = VECTOR('',#5364,1.);
#5364 = DIRECTION('',(0.,0.,1.));
#5365 = ORIENTED_EDGE('',*,*,#2783,.F.);
#5366 = ORIENTED_EDGE('',*,*,#5367,.F.);
#5367 = EDGE_CURVE('',#431,#2760,#5368,.T.);
#5368 = LINE('',#5369,#5370);
#5369 = CARTESIAN_POINT('',(29.41094,58.186047,0.));
#5370 = VECTOR('',#5371,1.);
#5371 = DIRECTION('',(0.,0.,1.));
#5372 = PLANE('',#5373);
#5373 = AXIS2_PLACEMENT_3D('',#5374,#5375,#5376);
#5374 = CARTESIAN_POINT('',(15.225821,58.186047,0.));
#5375 = DIRECTION('',(0.,1.,0.));
#5376 = DIRECTION('',(1.,0.,0.));
#5377 = ADVANCED_FACE('',(#5378),#5389,.F.);
#5378 = FACE_BOUND('',#5379,.F.);
#5379 = EDGE_LOOP('',(#5380,#5381,#5387,#5388));
#5380 = ORIENTED_EDGE('',*,*,#454,.F.);
#5381 = ORIENTED_EDGE('',*,*,#5382,.T.);
#5382 = EDGE_CURVE('',#447,#2768,#5383,.T.);
#5383 = LINE('',#5384,#5385);
#5384 = CARTESIAN_POINT('',(15.225821,44.000935,0.));
#5385 = VECTOR('',#5386,1.);
#5386 = DIRECTION('',(0.,0.,1.));
#5387 = ORIENTED_EDGE('',*,*,#2775,.F.);
#5388 = ORIENTED_EDGE('',*,*,#5360,.F.);
#5389 = PLANE('',#5390);
#5390 = AXIS2_PLACEMENT_3D('',#5391,#5392,#5393);
#5391 = CARTESIAN_POINT('',(15.225821,44.000935,0.));
#5392 = DIRECTION('',(-1.,0.,0.));
#5393 = DIRECTION('',(0.,1.,0.));
#5394 = ADVANCED_FACE('',(#5395),#5406,.F.);
#5395 = FACE_BOUND('',#5396,.F.);
#5396 = EDGE_LOOP('',(#5397,#5398,#5404,#5405));
#5397 = ORIENTED_EDGE('',*,*,#446,.F.);
#5398 = ORIENTED_EDGE('',*,*,#5399,.T.);
#5399 = EDGE_CURVE('',#439,#2758,#5400,.T.);
#5400 = LINE('',#5401,#5402);
#5401 = CARTESIAN_POINT('',(29.41094,44.000935,0.));
#5402 = VECTOR('',#5403,1.);
#5403 = DIRECTION('',(0.,0.,1.));
#5404 = ORIENTED_EDGE('',*,*,#2767,.F.);
#5405 = ORIENTED_EDGE('',*,*,#5382,.F.);
#5406 = PLANE('',#5407);
#5407 = AXIS2_PLACEMENT_3D('',#5408,#5409,#5410);
#5408 = CARTESIAN_POINT('',(29.41094,44.000935,0.));
#5409 = DIRECTION('',(0.,-1.,0.));
#5410 = DIRECTION('',(-1.,0.,0.));
#5411 = ADVANCED_FACE('',(#5412),#5418,.F.);
#5412 = FACE_BOUND('',#5413,.F.);
#5413 = EDGE_LOOP('',(#5414,#5415,#5416,#5417));
#5414 = ORIENTED_EDGE('',*,*,#438,.F.);
#5415 = ORIENTED_EDGE('',*,*,#5367,.T.);
#5416 = ORIENTED_EDGE('',*,*,#2757,.F.);
#5417 = ORIENTED_EDGE('',*,*,#5399,.F.);
#5418 = PLANE('',#5419);
#5419 = AXIS2_PLACEMENT_3D('',#5420,#5421,#5422);
#5420 = CARTESIAN_POINT('',(29.41094,58.186047,0.));
#5421 = DIRECTION('',(1.,0.,0.));
#5422 = DIRECTION('',(0.,-1.,0.));
#5423 = ADVANCED_FACE('',(#5424),#5440,.F.);
#5424 = FACE_BOUND('',#5425,.F.);
#5425 = EDGE_LOOP('',(#5426,#5427,#5433,#5434));
#5426 = ORIENTED_EDGE('',*,*,#462,.F.);
#5427 = ORIENTED_EDGE('',*,*,#5428,.T.);
#5428 = EDGE_CURVE('',#463,#2810,#5429,.T.);
#5429 = LINE('',#5430,#5431);
#5430 = CARTESIAN_POINT('',(38.963142,58.19875,0.));
#5431 = VECTOR('',#5432,1.);
#5432 = DIRECTION('',(0.,0.,1.));
#5433 = ORIENTED_EDGE('',*,*,#2817,.F.);
#5434 = ORIENTED_EDGE('',*,*,#5435,.F.);
#5435 = EDGE_CURVE('',#465,#2794,#5436,.T.);
#5436 = LINE('',#5437,#5438);
#5437 = CARTESIAN_POINT('',(53.148266,58.19875,0.));
#5438 = VECTOR('',#5439,1.);
#5439 = DIRECTION('',(0.,0.,1.));
#5440 = PLANE('',#5441);
#5441 = AXIS2_PLACEMENT_3D('',#5442,#5443,#5444);
#5442 = CARTESIAN_POINT('',(38.963142,58.19875,0.));
#5443 = DIRECTION('',(0.,1.,0.));
#5444 = DIRECTION('',(1.,0.,0.));
#5445 = ADVANCED_FACE('',(#5446),#5457,.F.);
#5446 = FACE_BOUND('',#5447,.F.);
#5447 = EDGE_LOOP('',(#5448,#5449,#5455,#5456));
#5448 = ORIENTED_EDGE('',*,*,#488,.F.);
#5449 = ORIENTED_EDGE('',*,*,#5450,.T.);
#5450 = EDGE_CURVE('',#481,#2802,#5451,.T.);
#5451 = LINE('',#5452,#5453);
#5452 = CARTESIAN_POINT('',(38.963142,44.089088,0.));
#5453 = VECTOR('',#5454,1.);
#5454 = DIRECTION('',(0.,0.,1.));
#5455 = ORIENTED_EDGE('',*,*,#2809,.F.);
#5456 = ORIENTED_EDGE('',*,*,#5428,.F.);
#5457 = PLANE('',#5458);
#5458 = AXIS2_PLACEMENT_3D('',#5459,#5460,#5461);
#5459 = CARTESIAN_POINT('',(38.963142,44.089088,0.));
#5460 = DIRECTION('',(-1.,0.,0.));
#5461 = DIRECTION('',(0.,1.,0.));
#5462 = ADVANCED_FACE('',(#5463),#5474,.F.);
#5463 = FACE_BOUND('',#5464,.F.);
#5464 = EDGE_LOOP('',(#5465,#5466,#5472,#5473));
#5465 = ORIENTED_EDGE('',*,*,#480,.F.);
#5466 = ORIENTED_EDGE('',*,*,#5467,.T.);
#5467 = EDGE_CURVE('',#473,#2792,#5468,.T.);
#5468 = LINE('',#5469,#5470);
#5469 = CARTESIAN_POINT('',(53.148266,44.089088,0.));
#5470 = VECTOR('',#5471,1.);
#5471 = DIRECTION('',(0.,0.,1.));
#5472 = ORIENTED_EDGE('',*,*,#2801,.F.);
#5473 = ORIENTED_EDGE('',*,*,#5450,.F.);
#5474 = PLANE('',#5475);
#5475 = AXIS2_PLACEMENT_3D('',#5476,#5477,#5478);
#5476 = CARTESIAN_POINT('',(53.148266,44.089088,0.));
#5477 = DIRECTION('',(0.,-1.,0.));
#5478 = DIRECTION('',(-1.,0.,0.));
#5479 = ADVANCED_FACE('',(#5480),#5486,.F.);
#5480 = FACE_BOUND('',#5481,.F.);
#5481 = EDGE_LOOP('',(#5482,#5483,#5484,#5485));
#5482 = ORIENTED_EDGE('',*,*,#472,.F.);
#5483 = ORIENTED_EDGE('',*,*,#5435,.T.);
#5484 = ORIENTED_EDGE('',*,*,#2791,.F.);
#5485 = ORIENTED_EDGE('',*,*,#5467,.F.);
#5486 = PLANE('',#5487);
#5487 = AXIS2_PLACEMENT_3D('',#5488,#5489,#5490);
#5488 = CARTESIAN_POINT('',(53.148266,58.19875,0.));
#5489 = DIRECTION('',(1.,0.,0.));
#5490 = DIRECTION('',(0.,-1.,0.));
#5491 = ADVANCED_FACE('',(#5492),#5508,.F.);
#5492 = FACE_BOUND('',#5493,.F.);
#5493 = EDGE_LOOP('',(#5494,#5495,#5501,#5502));
#5494 = ORIENTED_EDGE('',*,*,#496,.F.);
#5495 = ORIENTED_EDGE('',*,*,#5496,.T.);
#5496 = EDGE_CURVE('',#497,#2844,#5497,.T.);
#5497 = LINE('',#5498,#5499);
#5498 = CARTESIAN_POINT('',(58.22533,58.182247,0.));
#5499 = VECTOR('',#5500,1.);
#5500 = DIRECTION('',(0.,0.,1.));
#5501 = ORIENTED_EDGE('',*,*,#2851,.F.);
#5502 = ORIENTED_EDGE('',*,*,#5503,.F.);
#5503 = EDGE_CURVE('',#499,#2828,#5504,.T.);
#5504 = LINE('',#5505,#5506);
#5505 = CARTESIAN_POINT('',(72.602005,58.182247,0.));
#5506 = VECTOR('',#5507,1.);
#5507 = DIRECTION('',(0.,0.,1.));
#5508 = PLANE('',#5509);
#5509 = AXIS2_PLACEMENT_3D('',#5510,#5511,#5512);
#5510 = CARTESIAN_POINT('',(58.22533,58.182247,0.));
#5511 = DIRECTION('',(0.,1.,0.));
#5512 = DIRECTION('',(1.,0.,0.));
#5513 = ADVANCED_FACE('',(#5514),#5525,.F.);
#5514 = FACE_BOUND('',#5515,.F.);
#5515 = EDGE_LOOP('',(#5516,#5517,#5523,#5524));
#5516 = ORIENTED_EDGE('',*,*,#522,.F.);
#5517 = ORIENTED_EDGE('',*,*,#5518,.T.);
#5518 = EDGE_CURVE('',#515,#2836,#5519,.T.);
#5519 = LINE('',#5520,#5521);
#5520 = CARTESIAN_POINT('',(58.22533,44.174217,0.));
#5521 = VECTOR('',#5522,1.);
#5522 = DIRECTION('',(0.,0.,1.));
#5523 = ORIENTED_EDGE('',*,*,#2843,.F.);
#5524 = ORIENTED_EDGE('',*,*,#5496,.F.);
#5525 = PLANE('',#5526);
#5526 = AXIS2_PLACEMENT_3D('',#5527,#5528,#5529);
#5527 = CARTESIAN_POINT('',(58.22533,44.174217,0.));
#5528 = DIRECTION('',(-1.,0.,0.));
#5529 = DIRECTION('',(0.,1.,0.));
#5530 = ADVANCED_FACE('',(#5531),#5542,.F.);
#5531 = FACE_BOUND('',#5532,.F.);
#5532 = EDGE_LOOP('',(#5533,#5534,#5540,#5541));
#5533 = ORIENTED_EDGE('',*,*,#514,.F.);
#5534 = ORIENTED_EDGE('',*,*,#5535,.T.);
#5535 = EDGE_CURVE('',#507,#2826,#5536,.T.);
#5536 = LINE('',#5537,#5538);
#5537 = CARTESIAN_POINT('',(72.602005,44.174217,0.));
#5538 = VECTOR('',#5539,1.);
#5539 = DIRECTION('',(0.,0.,1.));
#5540 = ORIENTED_EDGE('',*,*,#2835,.F.);
#5541 = ORIENTED_EDGE('',*,*,#5518,.F.);
#5542 = PLANE('',#5543);
#5543 = AXIS2_PLACEMENT_3D('',#5544,#5545,#5546);
#5544 = CARTESIAN_POINT('',(72.602005,44.174217,0.));
#5545 = DIRECTION('',(0.,-1.,0.));
#5546 = DIRECTION('',(-1.,0.,0.));
#5547 = ADVANCED_FACE('',(#5548),#5554,.F.);
#5548 = FACE_BOUND('',#5549,.F.);
#5549 = EDGE_LOOP('',(#5550,#5551,#5552,#5553));
#5550 = ORIENTED_EDGE('',*,*,#506,.F.);
#5551 = ORIENTED_EDGE('',*,*,#5503,.T.);
#5552 = ORIENTED_EDGE('',*,*,#2825,.F.);
#5553 = ORIENTED_EDGE('',*,*,#5535,.F.);
#5554 = PLANE('',#5555);
#5555 = AXIS2_PLACEMENT_3D('',#5556,#5557,#5558);
#5556 = CARTESIAN_POINT('',(72.602005,58.182247,0.));
#5557 = DIRECTION('',(1.,0.,0.));
#5558 = DIRECTION('',(0.,-1.,0.));
#5559 = ADVANCED_FACE('',(#5560),#5576,.F.);
#5560 = FACE_BOUND('',#5561,.F.);
#5561 = EDGE_LOOP('',(#5562,#5563,#5569,#5570));
#5562 = ORIENTED_EDGE('',*,*,#530,.F.);
#5563 = ORIENTED_EDGE('',*,*,#5564,.T.);
#5564 = EDGE_CURVE('',#531,#2878,#5565,.T.);
#5565 = LINE('',#5566,#5567);
#5566 = CARTESIAN_POINT('',(82.089348,39.18528,0.));
#5567 = VECTOR('',#5568,1.);
#5568 = DIRECTION('',(0.,0.,1.));
#5569 = ORIENTED_EDGE('',*,*,#2885,.F.);
#5570 = ORIENTED_EDGE('',*,*,#5571,.F.);
#5571 = EDGE_CURVE('',#533,#2862,#5572,.T.);
#5572 = LINE('',#5573,#5574);
#5573 = CARTESIAN_POINT('',(96.353477,39.18528,0.));
#5574 = VECTOR('',#5575,1.);
#5575 = DIRECTION('',(0.,0.,1.));
#5576 = PLANE('',#5577);
#5577 = AXIS2_PLACEMENT_3D('',#5578,#5579,#5580);
#5578 = CARTESIAN_POINT('',(82.089348,39.18528,0.));
#5579 = DIRECTION('',(0.,1.,0.));
#5580 = DIRECTION('',(1.,0.,0.));
#5581 = ADVANCED_FACE('',(#5582),#5593,.F.);
#5582 = FACE_BOUND('',#5583,.F.);
#5583 = EDGE_LOOP('',(#5584,#5585,#5591,#5592));
#5584 = ORIENTED_EDGE('',*,*,#556,.F.);
#5585 = ORIENTED_EDGE('',*,*,#5586,.T.);
#5586 = EDGE_CURVE('',#549,#2870,#5587,.T.);
#5587 = LINE('',#5588,#5589);
#5588 = CARTESIAN_POINT('',(82.089348,24.985832,0.));
#5589 = VECTOR('',#5590,1.);
#5590 = DIRECTION('',(0.,0.,1.));
#5591 = ORIENTED_EDGE('',*,*,#2877,.F.);
#5592 = ORIENTED_EDGE('',*,*,#5564,.F.);
#5593 = PLANE('',#5594);
#5594 = AXIS2_PLACEMENT_3D('',#5595,#5596,#5597);
#5595 = CARTESIAN_POINT('',(82.089348,24.985832,0.));
#5596 = DIRECTION('',(-1.,0.,0.));
#5597 = DIRECTION('',(0.,1.,0.));
#5598 = ADVANCED_FACE('',(#5599),#5610,.F.);
#5599 = FACE_BOUND('',#5600,.F.);
#5600 = EDGE_LOOP('',(#5601,#5602,#5608,#5609));
#5601 = ORIENTED_EDGE('',*,*,#548,.F.);
#5602 = ORIENTED_EDGE('',*,*,#5603,.T.);
#5603 = EDGE_CURVE('',#541,#2860,#5604,.T.);
#5604 = LINE('',#5605,#5606);
#5605 = CARTESIAN_POINT('',(96.353477,24.985832,0.));
#5606 = VECTOR('',#5607,1.);
#5607 = DIRECTION('',(0.,0.,1.));
#5608 = ORIENTED_EDGE('',*,*,#2869,.F.);
#5609 = ORIENTED_EDGE('',*,*,#5586,.F.);
#5610 = PLANE('',#5611);
#5611 = AXIS2_PLACEMENT_3D('',#5612,#5613,#5614);
#5612 = CARTESIAN_POINT('',(96.353477,24.985832,0.));
#5613 = DIRECTION('',(0.,-1.,0.));
#5614 = DIRECTION('',(-1.,0.,0.));
#5615 = ADVANCED_FACE('',(#5616),#5622,.F.);
#5616 = FACE_BOUND('',#5617,.F.);
#5617 = EDGE_LOOP('',(#5618,#5619,#5620,#5621));
#5618 = ORIENTED_EDGE('',*,*,#540,.F.);
#5619 = ORIENTED_EDGE('',*,*,#5571,.T.);
#5620 = ORIENTED_EDGE('',*,*,#2859,.F.);
#5621 = ORIENTED_EDGE('',*,*,#5603,.F.);
#5622 = PLANE('',#5623);
#5623 = AXIS2_PLACEMENT_3D('',#5624,#5625,#5626);
#5624 = CARTESIAN_POINT('',(96.353477,39.18528,0.));
#5625 = DIRECTION('',(1.,0.,0.));
#5626 = DIRECTION('',(0.,-1.,0.));
#5627 = ADVANCED_FACE('',(#5628),#5644,.F.);
#5628 = FACE_BOUND('',#5629,.F.);
#5629 = EDGE_LOOP('',(#5630,#5631,#5637,#5638));
#5630 = ORIENTED_EDGE('',*,*,#564,.F.);
#5631 = ORIENTED_EDGE('',*,*,#5632,.T.);
#5632 = EDGE_CURVE('',#565,#2912,#5633,.T.);
#5633 = LINE('',#5634,#5635);
#5634 = CARTESIAN_POINT('',(101.484276,39.185276,0.));
#5635 = VECTOR('',#5636,1.);
#5636 = DIRECTION('',(0.,0.,1.));
#5637 = ORIENTED_EDGE('',*,*,#2919,.F.);
#5638 = ORIENTED_EDGE('',*,*,#5639,.F.);
#5639 = EDGE_CURVE('',#567,#2896,#5640,.T.);
#5640 = LINE('',#5641,#5642);
#5641 = CARTESIAN_POINT('',(115.669418,39.185276,0.));
#5642 = VECTOR('',#5643,1.);
#5643 = DIRECTION('',(0.,0.,1.));
#5644 = PLANE('',#5645);
#5645 = AXIS2_PLACEMENT_3D('',#5646,#5647,#5648);
#5646 = CARTESIAN_POINT('',(101.484276,39.185276,0.));
#5647 = DIRECTION('',(0.,1.,0.));
#5648 = DIRECTION('',(1.,0.,0.));
#5649 = ADVANCED_FACE('',(#5650),#5661,.F.);
#5650 = FACE_BOUND('',#5651,.F.);
#5651 = EDGE_LOOP('',(#5652,#5653,#5659,#5660));
#5652 = ORIENTED_EDGE('',*,*,#590,.F.);
#5653 = ORIENTED_EDGE('',*,*,#5654,.T.);
#5654 = EDGE_CURVE('',#583,#2904,#5655,.T.);
#5655 = LINE('',#5656,#5657);
#5656 = CARTESIAN_POINT('',(101.484276,25.301949,0.));
#5657 = VECTOR('',#5658,1.);
#5658 = DIRECTION('',(0.,0.,1.));
#5659 = ORIENTED_EDGE('',*,*,#2911,.F.);
#5660 = ORIENTED_EDGE('',*,*,#5632,.F.);
#5661 = PLANE('',#5662);
#5662 = AXIS2_PLACEMENT_3D('',#5663,#5664,#5665);
#5663 = CARTESIAN_POINT('',(101.484276,25.301949,0.));
#5664 = DIRECTION('',(-1.,0.,0.));
#5665 = DIRECTION('',(0.,1.,0.));
#5666 = ADVANCED_FACE('',(#5667),#5678,.F.);
#5667 = FACE_BOUND('',#5668,.F.);
#5668 = EDGE_LOOP('',(#5669,#5670,#5676,#5677));
#5669 = ORIENTED_EDGE('',*,*,#582,.F.);
#5670 = ORIENTED_EDGE('',*,*,#5671,.T.);
#5671 = EDGE_CURVE('',#575,#2894,#5672,.T.);
#5672 = LINE('',#5673,#5674);
#5673 = CARTESIAN_POINT('',(115.669418,25.301949,0.));
#5674 = VECTOR('',#5675,1.);
#5675 = DIRECTION('',(0.,0.,1.));
#5676 = ORIENTED_EDGE('',*,*,#2903,.F.);
#5677 = ORIENTED_EDGE('',*,*,#5654,.F.);
#5678 = PLANE('',#5679);
#5679 = AXIS2_PLACEMENT_3D('',#5680,#5681,#5682);
#5680 = CARTESIAN_POINT('',(115.669418,25.301949,0.));
#5681 = DIRECTION('',(0.,-1.,0.));
#5682 = DIRECTION('',(-1.,0.,0.));
#5683 = ADVANCED_FACE('',(#5684),#5690,.F.);
#5684 = FACE_BOUND('',#5685,.F.);
#5685 = EDGE_LOOP('',(#5686,#5687,#5688,#5689));
#5686 = ORIENTED_EDGE('',*,*,#574,.F.);
#5687 = ORIENTED_EDGE('',*,*,#5639,.T.);
#5688 = ORIENTED_EDGE('',*,*,#2893,.F.);
#5689 = ORIENTED_EDGE('',*,*,#5671,.F.);
#5690 = PLANE('',#5691);
#5691 = AXIS2_PLACEMENT_3D('',#5692,#5693,#5694);
#5692 = CARTESIAN_POINT('',(115.669418,39.185276,0.));
#5693 = DIRECTION('',(1.,0.,0.));
#5694 = DIRECTION('',(0.,-1.,0.));
#5695 = ADVANCED_FACE('',(#5696),#5712,.F.);
#5696 = FACE_BOUND('',#5697,.F.);
#5697 = EDGE_LOOP('',(#5698,#5699,#5705,#5706));
#5698 = ORIENTED_EDGE('',*,*,#598,.F.);
#5699 = ORIENTED_EDGE('',*,*,#5700,.T.);
#5700 = EDGE_CURVE('',#599,#2946,#5701,.T.);
#5701 = LINE('',#5702,#5703);
#5702 = CARTESIAN_POINT('',(120.582336,39.04644,0.));
#5703 = VECTOR('',#5704,1.);
#5704 = DIRECTION('',(0.,0.,1.));
#5705 = ORIENTED_EDGE('',*,*,#2953,.F.);
#5706 = ORIENTED_EDGE('',*,*,#5707,.F.);
#5707 = EDGE_CURVE('',#601,#2930,#5708,.T.);
#5708 = LINE('',#5709,#5710);
#5709 = CARTESIAN_POINT('',(134.667175,39.04644,0.));
#5710 = VECTOR('',#5711,1.);
#5711 = DIRECTION('',(0.,0.,1.));
#5712 = PLANE('',#5713);
#5713 = AXIS2_PLACEMENT_3D('',#5714,#5715,#5716);
#5714 = CARTESIAN_POINT('',(120.582336,39.04644,0.));
#5715 = DIRECTION('',(0.,1.,0.));
#5716 = DIRECTION('',(1.,0.,0.));
#5717 = ADVANCED_FACE('',(#5718),#5729,.F.);
#5718 = FACE_BOUND('',#5719,.F.);
#5719 = EDGE_LOOP('',(#5720,#5721,#5727,#5728));
#5720 = ORIENTED_EDGE('',*,*,#624,.F.);
#5721 = ORIENTED_EDGE('',*,*,#5722,.T.);
#5722 = EDGE_CURVE('',#617,#2938,#5723,.T.);
#5723 = LINE('',#5724,#5725);
#5724 = CARTESIAN_POINT('',(120.582336,24.961611,0.));
#5725 = VECTOR('',#5726,1.);
#5726 = DIRECTION('',(0.,0.,1.));
#5727 = ORIENTED_EDGE('',*,*,#2945,.F.);
#5728 = ORIENTED_EDGE('',*,*,#5700,.F.);
#5729 = PLANE('',#5730);
#5730 = AXIS2_PLACEMENT_3D('',#5731,#5732,#5733);
#5731 = CARTESIAN_POINT('',(120.582336,24.961611,0.));
#5732 = DIRECTION('',(-1.,0.,0.));
#5733 = DIRECTION('',(0.,1.,0.));
#5734 = ADVANCED_FACE('',(#5735),#5746,.F.);
#5735 = FACE_BOUND('',#5736,.F.);
#5736 = EDGE_LOOP('',(#5737,#5738,#5744,#5745));
#5737 = ORIENTED_EDGE('',*,*,#616,.F.);
#5738 = ORIENTED_EDGE('',*,*,#5739,.T.);
#5739 = EDGE_CURVE('',#609,#2928,#5740,.T.);
#5740 = LINE('',#5741,#5742);
#5741 = CARTESIAN_POINT('',(134.667175,24.961611,0.));
#5742 = VECTOR('',#5743,1.);
#5743 = DIRECTION('',(0.,0.,1.));
#5744 = ORIENTED_EDGE('',*,*,#2937,.F.);
#5745 = ORIENTED_EDGE('',*,*,#5722,.F.);
#5746 = PLANE('',#5747);
#5747 = AXIS2_PLACEMENT_3D('',#5748,#5749,#5750);
#5748 = CARTESIAN_POINT('',(134.667175,24.961611,0.));
#5749 = DIRECTION('',(0.,-1.,0.));
#5750 = DIRECTION('',(-1.,0.,0.));
#5751 = ADVANCED_FACE('',(#5752),#5758,.F.);
#5752 = FACE_BOUND('',#5753,.F.);
#5753 = EDGE_LOOP('',(#5754,#5755,#5756,#5757));
#5754 = ORIENTED_EDGE('',*,*,#608,.F.);
#5755 = ORIENTED_EDGE('',*,*,#5707,.T.);
#5756 = ORIENTED_EDGE('',*,*,#2927,.F.);
#5757 = ORIENTED_EDGE('',*,*,#5739,.F.);
#5758 = PLANE('',#5759);
#5759 = AXIS2_PLACEMENT_3D('',#5760,#5761,#5762);
#5760 = CARTESIAN_POINT('',(134.667175,39.04644,0.));
#5761 = DIRECTION('',(1.,0.,0.));
#5762 = DIRECTION('',(0.,-1.,0.));
#5763 = ADVANCED_FACE('',(#5764),#5780,.F.);
#5764 = FACE_BOUND('',#5765,.F.);
#5765 = EDGE_LOOP('',(#5766,#5767,#5773,#5774));
#5766 = ORIENTED_EDGE('',*,*,#632,.F.);
#5767 = ORIENTED_EDGE('',*,*,#5768,.T.);
#5768 = EDGE_CURVE('',#633,#2980,#5769,.T.);
#5769 = LINE('',#5770,#5771);
#5770 = CARTESIAN_POINT('',(139.90033,39.067699,0.));
#5771 = VECTOR('',#5772,1.);
#5772 = DIRECTION('',(0.,0.,1.));
#5773 = ORIENTED_EDGE('',*,*,#2987,.F.);
#5774 = ORIENTED_EDGE('',*,*,#5775,.F.);
#5775 = EDGE_CURVE('',#635,#2964,#5776,.T.);
#5776 = LINE('',#5777,#5778);
#5777 = CARTESIAN_POINT('',(153.960907,39.067699,0.));
#5778 = VECTOR('',#5779,1.);
#5779 = DIRECTION('',(0.,0.,1.));
#5780 = PLANE('',#5781);
#5781 = AXIS2_PLACEMENT_3D('',#5782,#5783,#5784);
#5782 = CARTESIAN_POINT('',(139.90033,39.067699,0.));
#5783 = DIRECTION('',(0.,1.,0.));
#5784 = DIRECTION('',(1.,0.,0.));
#5785 = ADVANCED_FACE('',(#5786),#5797,.F.);
#5786 = FACE_BOUND('',#5787,.F.);
#5787 = EDGE_LOOP('',(#5788,#5789,#5795,#5796));
#5788 = ORIENTED_EDGE('',*,*,#658,.F.);
#5789 = ORIENTED_EDGE('',*,*,#5790,.T.);
#5790 = EDGE_CURVE('',#651,#2972,#5791,.T.);
#5791 = LINE('',#5792,#5793);
#5792 = CARTESIAN_POINT('',(139.90033,24.956562,0.));
#5793 = VECTOR('',#5794,1.);
#5794 = DIRECTION('',(0.,0.,1.));
#5795 = ORIENTED_EDGE('',*,*,#2979,.F.);
#5796 = ORIENTED_EDGE('',*,*,#5768,.F.);
#5797 = PLANE('',#5798);
#5798 = AXIS2_PLACEMENT_3D('',#5799,#5800,#5801);
#5799 = CARTESIAN_POINT('',(139.90033,24.956562,0.));
#5800 = DIRECTION('',(-1.,0.,0.));
#5801 = DIRECTION('',(0.,1.,0.));
#5802 = ADVANCED_FACE('',(#5803),#5814,.F.);
#5803 = FACE_BOUND('',#5804,.F.);
#5804 = EDGE_LOOP('',(#5805,#5806,#5812,#5813));
#5805 = ORIENTED_EDGE('',*,*,#650,.F.);
#5806 = ORIENTED_EDGE('',*,*,#5807,.T.);
#5807 = EDGE_CURVE('',#643,#2962,#5808,.T.);
#5808 = LINE('',#5809,#5810);
#5809 = CARTESIAN_POINT('',(153.960907,24.956562,0.));
#5810 = VECTOR('',#5811,1.);
#5811 = DIRECTION('',(0.,0.,1.));
#5812 = ORIENTED_EDGE('',*,*,#2971,.F.);
#5813 = ORIENTED_EDGE('',*,*,#5790,.F.);
#5814 = PLANE('',#5815);
#5815 = AXIS2_PLACEMENT_3D('',#5816,#5817,#5818);
#5816 = CARTESIAN_POINT('',(153.960907,24.956562,0.));
#5817 = DIRECTION('',(0.,-1.,0.));
#5818 = DIRECTION('',(-1.,0.,0.));
#5819 = ADVANCED_FACE('',(#5820),#5826,.F.);
#5820 = FACE_BOUND('',#5821,.F.);
#5821 = EDGE_LOOP('',(#5822,#5823,#5824,#5825));
#5822 = ORIENTED_EDGE('',*,*,#642,.F.);
#5823 = ORIENTED_EDGE('',*,*,#5775,.T.);
#5824 = ORIENTED_EDGE('',*,*,#2961,.F.);
#5825 = ORIENTED_EDGE('',*,*,#5807,.F.);
#5826 = PLANE('',#5827);
#5827 = AXIS2_PLACEMENT_3D('',#5828,#5829,#5830);
#5828 = CARTESIAN_POINT('',(153.960907,39.067699,0.));
#5829 = DIRECTION('',(1.,0.,0.));
#5830 = DIRECTION('',(0.,-1.,0.));
#5831 = ADVANCED_FACE('',(#5832),#5848,.F.);
#5832 = FACE_BOUND('',#5833,.F.);
#5833 = EDGE_LOOP('',(#5834,#5835,#5841,#5842));
#5834 = ORIENTED_EDGE('',*,*,#666,.F.);
#5835 = ORIENTED_EDGE('',*,*,#5836,.T.);
#5836 = EDGE_CURVE('',#667,#3014,#5837,.T.);
#5837 = LINE('',#5838,#5839);
#5838 = CARTESIAN_POINT('',(77.747551,58.046543,0.));
#5839 = VECTOR('',#5840,1.);
#5840 = DIRECTION('',(0.,0.,1.));
#5841 = ORIENTED_EDGE('',*,*,#3021,.F.);
#5842 = ORIENTED_EDGE('',*,*,#5843,.F.);
#5843 = EDGE_CURVE('',#669,#2998,#5844,.T.);
#5844 = LINE('',#5845,#5846);
#5845 = CARTESIAN_POINT('',(91.832344,58.046543,0.));
#5846 = VECTOR('',#5847,1.);
#5847 = DIRECTION('',(0.,0.,1.));
#5848 = PLANE('',#5849);
#5849 = AXIS2_PLACEMENT_3D('',#5850,#5851,#5852);
#5850 = CARTESIAN_POINT('',(77.747551,58.046543,0.));
#5851 = DIRECTION('',(0.,1.,0.));
#5852 = DIRECTION('',(1.,0.,0.));
#5853 = ADVANCED_FACE('',(#5854),#5865,.F.);
#5854 = FACE_BOUND('',#5855,.F.);
#5855 = EDGE_LOOP('',(#5856,#5857,#5863,#5864));
#5856 = ORIENTED_EDGE('',*,*,#692,.F.);
#5857 = ORIENTED_EDGE('',*,*,#5858,.T.);
#5858 = EDGE_CURVE('',#685,#3006,#5859,.T.);
#5859 = LINE('',#5860,#5861);
#5860 = CARTESIAN_POINT('',(77.747551,44.147072,0.));
#5861 = VECTOR('',#5862,1.);
#5862 = DIRECTION('',(0.,0.,1.));
#5863 = ORIENTED_EDGE('',*,*,#3013,.F.);
#5864 = ORIENTED_EDGE('',*,*,#5836,.F.);
#5865 = PLANE('',#5866);
#5866 = AXIS2_PLACEMENT_3D('',#5867,#5868,#5869);
#5867 = CARTESIAN_POINT('',(77.747551,44.147072,0.));
#5868 = DIRECTION('',(-1.,0.,0.));
#5869 = DIRECTION('',(0.,1.,0.));
#5870 = ADVANCED_FACE('',(#5871),#5882,.F.);
#5871 = FACE_BOUND('',#5872,.F.);
#5872 = EDGE_LOOP('',(#5873,#5874,#5880,#5881));
#5873 = ORIENTED_EDGE('',*,*,#684,.F.);
#5874 = ORIENTED_EDGE('',*,*,#5875,.T.);
#5875 = EDGE_CURVE('',#677,#2996,#5876,.T.);
#5876 = LINE('',#5877,#5878);
#5877 = CARTESIAN_POINT('',(91.832344,44.147072,0.));
#5878 = VECTOR('',#5879,1.);
#5879 = DIRECTION('',(0.,0.,1.));
#5880 = ORIENTED_EDGE('',*,*,#3005,.F.);
#5881 = ORIENTED_EDGE('',*,*,#5858,.F.);
#5882 = PLANE('',#5883);
#5883 = AXIS2_PLACEMENT_3D('',#5884,#5885,#5886);
#5884 = CARTESIAN_POINT('',(91.832344,44.147072,0.));
#5885 = DIRECTION('',(0.,-1.,0.));
#5886 = DIRECTION('',(-1.,0.,0.));
#5887 = ADVANCED_FACE('',(#5888),#5894,.F.);
#5888 = FACE_BOUND('',#5889,.F.);
#5889 = EDGE_LOOP('',(#5890,#5891,#5892,#5893));
#5890 = ORIENTED_EDGE('',*,*,#676,.F.);
#5891 = ORIENTED_EDGE('',*,*,#5843,.T.);
#5892 = ORIENTED_EDGE('',*,*,#2995,.F.);
#5893 = ORIENTED_EDGE('',*,*,#5875,.F.);
#5894 = PLANE('',#5895);
#5895 = AXIS2_PLACEMENT_3D('',#5896,#5897,#5898);
#5896 = CARTESIAN_POINT('',(91.832344,58.046543,0.));
#5897 = DIRECTION('',(1.,0.,0.));
#5898 = DIRECTION('',(0.,-1.,0.));
#5899 = ADVANCED_FACE('',(#5900),#5916,.F.);
#5900 = FACE_BOUND('',#5901,.F.);
#5901 = EDGE_LOOP('',(#5902,#5903,#5909,#5910));
#5902 = ORIENTED_EDGE('',*,*,#700,.F.);
#5903 = ORIENTED_EDGE('',*,*,#5904,.T.);
#5904 = EDGE_CURVE('',#701,#3048,#5905,.T.);
#5905 = LINE('',#5906,#5907);
#5906 = CARTESIAN_POINT('',(96.628548,58.186771,0.));
#5907 = VECTOR('',#5908,1.);
#5908 = DIRECTION('',(0.,0.,1.));
#5909 = ORIENTED_EDGE('',*,*,#3055,.F.);
#5910 = ORIENTED_EDGE('',*,*,#5911,.F.);
#5911 = EDGE_CURVE('',#703,#3032,#5912,.T.);
#5912 = LINE('',#5913,#5914);
#5913 = CARTESIAN_POINT('',(110.707718,58.186771,0.));
#5914 = VECTOR('',#5915,1.);
#5915 = DIRECTION('',(0.,0.,1.));
#5916 = PLANE('',#5917);
#5917 = AXIS2_PLACEMENT_3D('',#5918,#5919,#5920);
#5918 = CARTESIAN_POINT('',(96.628548,58.186771,0.));
#5919 = DIRECTION('',(0.,1.,0.));
#5920 = DIRECTION('',(1.,0.,0.));
#5921 = ADVANCED_FACE('',(#5922),#5933,.F.);
#5922 = FACE_BOUND('',#5923,.F.);
#5923 = EDGE_LOOP('',(#5924,#5925,#5931,#5932));
#5924 = ORIENTED_EDGE('',*,*,#726,.F.);
#5925 = ORIENTED_EDGE('',*,*,#5926,.T.);
#5926 = EDGE_CURVE('',#719,#3040,#5927,.T.);
#5927 = LINE('',#5928,#5929);
#5928 = CARTESIAN_POINT('',(96.628548,44.066204,0.));
#5929 = VECTOR('',#5930,1.);
#5930 = DIRECTION('',(0.,0.,1.));
#5931 = ORIENTED_EDGE('',*,*,#3047,.F.);
#5932 = ORIENTED_EDGE('',*,*,#5904,.F.);
#5933 = PLANE('',#5934);
#5934 = AXIS2_PLACEMENT_3D('',#5935,#5936,#5937);
#5935 = CARTESIAN_POINT('',(96.628548,44.066204,0.));
#5936 = DIRECTION('',(-1.,0.,0.));
#5937 = DIRECTION('',(0.,1.,0.));
#5938 = ADVANCED_FACE('',(#5939),#5950,.F.);
#5939 = FACE_BOUND('',#5940,.F.);
#5940 = EDGE_LOOP('',(#5941,#5942,#5948,#5949));
#5941 = ORIENTED_EDGE('',*,*,#718,.F.);
#5942 = ORIENTED_EDGE('',*,*,#5943,.T.);
#5943 = EDGE_CURVE('',#711,#3030,#5944,.T.);
#5944 = LINE('',#5945,#5946);
#5945 = CARTESIAN_POINT('',(110.707718,44.066204,0.));
#5946 = VECTOR('',#5947,1.);
#5947 = DIRECTION('',(0.,0.,1.));
#5948 = ORIENTED_EDGE('',*,*,#3039,.F.);
#5949 = ORIENTED_EDGE('',*,*,#5926,.F.);
#5950 = PLANE('',#5951);
#5951 = AXIS2_PLACEMENT_3D('',#5952,#5953,#5954);
#5952 = CARTESIAN_POINT('',(110.707718,44.066204,0.));
#5953 = DIRECTION('',(0.,-1.,0.));
#5954 = DIRECTION('',(-1.,0.,0.));
#5955 = ADVANCED_FACE('',(#5956),#5962,.F.);
#5956 = FACE_BOUND('',#5957,.F.);
#5957 = EDGE_LOOP('',(#5958,#5959,#5960,#5961));
#5958 = ORIENTED_EDGE('',*,*,#710,.F.);
#5959 = ORIENTED_EDGE('',*,*,#5911,.T.);
#5960 = ORIENTED_EDGE('',*,*,#3029,.F.);
#5961 = ORIENTED_EDGE('',*,*,#5943,.F.);
#5962 = PLANE('',#5963);
#5963 = AXIS2_PLACEMENT_3D('',#5964,#5965,#5966);
#5964 = CARTESIAN_POINT('',(110.707718,58.186771,0.));
#5965 = DIRECTION('',(1.,0.,0.));
#5966 = DIRECTION('',(0.,-1.,0.));
#5967 = ADVANCED_FACE('',(#5968),#5984,.F.);
#5968 = FACE_BOUND('',#5969,.F.);
#5969 = EDGE_LOOP('',(#5970,#5971,#5977,#5978));
#5970 = ORIENTED_EDGE('',*,*,#734,.F.);
#5971 = ORIENTED_EDGE('',*,*,#5972,.T.);
#5972 = EDGE_CURVE('',#735,#3082,#5973,.T.);
#5973 = LINE('',#5974,#5975);
#5974 = CARTESIAN_POINT('',(116.049515,58.15155,0.));
#5975 = VECTOR('',#5976,1.);
#5976 = DIRECTION('',(0.,0.,1.));
#5977 = ORIENTED_EDGE('',*,*,#3089,.F.);
#5978 = ORIENTED_EDGE('',*,*,#5979,.F.);
#5979 = EDGE_CURVE('',#737,#3066,#5980,.T.);
#5980 = LINE('',#5981,#5982);
#5981 = CARTESIAN_POINT('',(130.088486,58.15155,0.));
#5982 = VECTOR('',#5983,1.);
#5983 = DIRECTION('',(0.,0.,1.));
#5984 = PLANE('',#5985);
#5985 = AXIS2_PLACEMENT_3D('',#5986,#5987,#5988);
#5986 = CARTESIAN_POINT('',(116.049515,58.15155,0.));
#5987 = DIRECTION('',(0.,1.,0.));
#5988 = DIRECTION('',(1.,0.,0.));
#5989 = ADVANCED_FACE('',(#5990),#6001,.F.);
#5990 = FACE_BOUND('',#5991,.F.);
#5991 = EDGE_LOOP('',(#5992,#5993,#5999,#6000));
#5992 = ORIENTED_EDGE('',*,*,#760,.F.);
#5993 = ORIENTED_EDGE('',*,*,#5994,.T.);
#5994 = EDGE_CURVE('',#753,#3074,#5995,.T.);
#5995 = LINE('',#5996,#5997);
#5996 = CARTESIAN_POINT('',(116.049515,44.066196,0.));
#5997 = VECTOR('',#5998,1.);
#5998 = DIRECTION('',(0.,0.,1.));
#5999 = ORIENTED_EDGE('',*,*,#3081,.F.);
#6000 = ORIENTED_EDGE('',*,*,#5972,.F.);
#6001 = PLANE('',#6002);
#6002 = AXIS2_PLACEMENT_3D('',#6003,#6004,#6005);
#6003 = CARTESIAN_POINT('',(116.049515,44.066196,0.));
#6004 = DIRECTION('',(-1.,0.,0.));
#6005 = DIRECTION('',(0.,1.,0.));
#6006 = ADVANCED_FACE('',(#6007),#6018,.F.);
#6007 = FACE_BOUND('',#6008,.F.);
#6008 = EDGE_LOOP('',(#6009,#6010,#6016,#6017));
#6009 = ORIENTED_EDGE('',*,*,#752,.F.);
#6010 = ORIENTED_EDGE('',*,*,#6011,.T.);
#6011 = EDGE_CURVE('',#745,#3064,#6012,.T.);
#6012 = LINE('',#6013,#6014);
#6013 = CARTESIAN_POINT('',(130.088486,44.066196,0.));
#6014 = VECTOR('',#6015,1.);
#6015 = DIRECTION('',(0.,0.,1.));
#6016 = ORIENTED_EDGE('',*,*,#3073,.F.);
#6017 = ORIENTED_EDGE('',*,*,#5994,.F.);
#6018 = PLANE('',#6019);
#6019 = AXIS2_PLACEMENT_3D('',#6020,#6021,#6022);
#6020 = CARTESIAN_POINT('',(130.088486,44.066196,0.));
#6021 = DIRECTION('',(0.,-1.,0.));
#6022 = DIRECTION('',(-1.,0.,0.));
#6023 = ADVANCED_FACE('',(#6024),#6030,.F.);
#6024 = FACE_BOUND('',#6025,.F.);
#6025 = EDGE_LOOP('',(#6026,#6027,#6028,#6029));
#6026 = ORIENTED_EDGE('',*,*,#744,.F.);
#6027 = ORIENTED_EDGE('',*,*,#5979,.T.);
#6028 = ORIENTED_EDGE('',*,*,#3063,.F.);
#6029 = ORIENTED_EDGE('',*,*,#6011,.F.);
#6030 = PLANE('',#6031);
#6031 = AXIS2_PLACEMENT_3D('',#6032,#6033,#6034);
#6032 = CARTESIAN_POINT('',(130.088486,58.15155,0.));
#6033 = DIRECTION('',(1.,0.,0.));
#6034 = DIRECTION('',(0.,-1.,0.));
#6035 = ADVANCED_FACE('',(#6036),#6052,.F.);
#6036 = FACE_BOUND('',#6037,.F.);
#6037 = EDGE_LOOP('',(#6038,#6039,#6045,#6046));
#6038 = ORIENTED_EDGE('',*,*,#768,.F.);
#6039 = ORIENTED_EDGE('',*,*,#6040,.T.);
#6040 = EDGE_CURVE('',#769,#3116,#6041,.T.);
#6041 = LINE('',#6042,#6043);
#6042 = CARTESIAN_POINT('',(135.1539,58.213406,0.));
#6043 = VECTOR('',#6044,1.);
#6044 = DIRECTION('',(0.,0.,1.));
#6045 = ORIENTED_EDGE('',*,*,#3123,.F.);
#6046 = ORIENTED_EDGE('',*,*,#6047,.F.);
#6047 = EDGE_CURVE('',#771,#3100,#6048,.T.);
#6048 = LINE('',#6049,#6050);
#6049 = CARTESIAN_POINT('',(149.221603,58.213406,0.));
#6050 = VECTOR('',#6051,1.);
#6051 = DIRECTION('',(0.,0.,1.));
#6052 = PLANE('',#6053);
#6053 = AXIS2_PLACEMENT_3D('',#6054,#6055,#6056);
#6054 = CARTESIAN_POINT('',(135.1539,58.213406,0.));
#6055 = DIRECTION('',(0.,1.,0.));
#6056 = DIRECTION('',(1.,0.,0.));
#6057 = ADVANCED_FACE('',(#6058),#6069,.F.);
#6058 = FACE_BOUND('',#6059,.F.);
#6059 = EDGE_LOOP('',(#6060,#6061,#6067,#6068));
#6060 = ORIENTED_EDGE('',*,*,#794,.F.);
#6061 = ORIENTED_EDGE('',*,*,#6062,.T.);
#6062 = EDGE_CURVE('',#787,#3108,#6063,.T.);
#6063 = LINE('',#6064,#6065);
#6064 = CARTESIAN_POINT('',(135.1539,44.083916,0.));
#6065 = VECTOR('',#6066,1.);
#6066 = DIRECTION('',(0.,0.,1.));
#6067 = ORIENTED_EDGE('',*,*,#3115,.F.);
#6068 = ORIENTED_EDGE('',*,*,#6040,.F.);
#6069 = PLANE('',#6070);
#6070 = AXIS2_PLACEMENT_3D('',#6071,#6072,#6073);
#6071 = CARTESIAN_POINT('',(135.1539,44.083916,0.));
#6072 = DIRECTION('',(-1.,0.,0.));
#6073 = DIRECTION('',(0.,1.,0.));
#6074 = ADVANCED_FACE('',(#6075),#6086,.F.);
#6075 = FACE_BOUND('',#6076,.F.);
#6076 = EDGE_LOOP('',(#6077,#6078,#6084,#6085));
#6077 = ORIENTED_EDGE('',*,*,#786,.F.);
#6078 = ORIENTED_EDGE('',*,*,#6079,.T.);
#6079 = EDGE_CURVE('',#779,#3098,#6080,.T.);
#6080 = LINE('',#6081,#6082);
#6081 = CARTESIAN_POINT('',(149.221603,44.083916,0.));
#6082 = VECTOR('',#6083,1.);
#6083 = DIRECTION('',(0.,0.,1.));
#6084 = ORIENTED_EDGE('',*,*,#3107,.F.);
#6085 = ORIENTED_EDGE('',*,*,#6062,.F.);
#6086 = PLANE('',#6087);
#6087 = AXIS2_PLACEMENT_3D('',#6088,#6089,#6090);
#6088 = CARTESIAN_POINT('',(149.221603,44.083916,0.));
#6089 = DIRECTION('',(0.,-1.,0.));
#6090 = DIRECTION('',(-1.,0.,0.));
#6091 = ADVANCED_FACE('',(#6092),#6098,.F.);
#6092 = FACE_BOUND('',#6093,.F.);
#6093 = EDGE_LOOP('',(#6094,#6095,#6096,#6097));
#6094 = ORIENTED_EDGE('',*,*,#778,.F.);
#6095 = ORIENTED_EDGE('',*,*,#6047,.T.);
#6096 = ORIENTED_EDGE('',*,*,#3097,.F.);
#6097 = ORIENTED_EDGE('',*,*,#6079,.F.);
#6098 = PLANE('',#6099);
#6099 = AXIS2_PLACEMENT_3D('',#6100,#6101,#6102);
#6100 = CARTESIAN_POINT('',(149.221603,58.213406,0.));
#6101 = DIRECTION('',(1.,0.,0.));
#6102 = DIRECTION('',(0.,-1.,0.));
#6103 = ADVANCED_FACE('',(#6104),#6120,.F.);
#6104 = FACE_BOUND('',#6105,.F.);
#6105 = EDGE_LOOP('',(#6106,#6107,#6113,#6114));
#6106 = ORIENTED_EDGE('',*,*,#802,.F.);
#6107 = ORIENTED_EDGE('',*,*,#6108,.T.);
#6108 = EDGE_CURVE('',#803,#3150,#6109,.T.);
#6109 = LINE('',#6110,#6111);
#6110 = CARTESIAN_POINT('',(188.469879,20.004648,0.));
#6111 = VECTOR('',#6112,1.);
#6112 = DIRECTION('',(0.,0.,1.));
#6113 = ORIENTED_EDGE('',*,*,#3157,.F.);
#6114 = ORIENTED_EDGE('',*,*,#6115,.F.);
#6115 = EDGE_CURVE('',#805,#3134,#6116,.T.);
#6116 = LINE('',#6117,#6118);
#6117 = CARTESIAN_POINT('',(202.590454,20.004648,0.));
#6118 = VECTOR('',#6119,1.);
#6119 = DIRECTION('',(0.,0.,1.));
#6120 = PLANE('',#6121);
#6121 = AXIS2_PLACEMENT_3D('',#6122,#6123,#6124);
#6122 = CARTESIAN_POINT('',(188.469879,20.004648,0.));
#6123 = DIRECTION('',(0.,1.,0.));
#6124 = DIRECTION('',(1.,0.,0.));
#6125 = ADVANCED_FACE('',(#6126),#6137,.F.);
#6126 = FACE_BOUND('',#6127,.F.);
#6127 = EDGE_LOOP('',(#6128,#6129,#6135,#6136));
#6128 = ORIENTED_EDGE('',*,*,#828,.F.);
#6129 = ORIENTED_EDGE('',*,*,#6130,.T.);
#6130 = EDGE_CURVE('',#821,#3142,#6131,.T.);
#6131 = LINE('',#6132,#6133);
#6132 = CARTESIAN_POINT('',(188.469879,5.966896,0.));
#6133 = VECTOR('',#6134,1.);
#6134 = DIRECTION('',(0.,0.,1.));
#6135 = ORIENTED_EDGE('',*,*,#3149,.F.);
#6136 = ORIENTED_EDGE('',*,*,#6108,.F.);
#6137 = PLANE('',#6138);
#6138 = AXIS2_PLACEMENT_3D('',#6139,#6140,#6141);
#6139 = CARTESIAN_POINT('',(188.469879,5.966896,0.));
#6140 = DIRECTION('',(-1.,0.,0.));
#6141 = DIRECTION('',(0.,1.,0.));
#6142 = ADVANCED_FACE('',(#6143),#6154,.F.);
#6143 = FACE_BOUND('',#6144,.F.);
#6144 = EDGE_LOOP('',(#6145,#6146,#6147,#6148));
#6145 = ORIENTED_EDGE('',*,*,#812,.F.);
#6146 = ORIENTED_EDGE('',*,*,#6115,.T.);
#6147 = ORIENTED_EDGE('',*,*,#3131,.F.);
#6148 = ORIENTED_EDGE('',*,*,#6149,.F.);
#6149 = EDGE_CURVE('',#813,#3132,#6150,.T.);
#6150 = LINE('',#6151,#6152);
#6151 = CARTESIAN_POINT('',(202.590454,5.966896,0.));
#6152 = VECTOR('',#6153,1.);
#6153 = DIRECTION('',(0.,0.,1.));
#6154 = PLANE('',#6155);
#6155 = AXIS2_PLACEMENT_3D('',#6156,#6157,#6158);
#6156 = CARTESIAN_POINT('',(202.590454,20.004648,0.));
#6157 = DIRECTION('',(1.,0.,0.));
#6158 = DIRECTION('',(0.,-1.,0.));
#6159 = ADVANCED_FACE('',(#6160),#6166,.F.);
#6160 = FACE_BOUND('',#6161,.F.);
#6161 = EDGE_LOOP('',(#6162,#6163,#6164,#6165));
#6162 = ORIENTED_EDGE('',*,*,#820,.F.);
#6163 = ORIENTED_EDGE('',*,*,#6149,.T.);
#6164 = ORIENTED_EDGE('',*,*,#3141,.F.);
#6165 = ORIENTED_EDGE('',*,*,#6130,.F.);
#6166 = PLANE('',#6167);
#6167 = AXIS2_PLACEMENT_3D('',#6168,#6169,#6170);
#6168 = CARTESIAN_POINT('',(202.590454,5.966896,0.));
#6169 = DIRECTION('',(0.,-1.,0.));
#6170 = DIRECTION('',(-1.,0.,0.));
#6171 = ADVANCED_FACE('',(#6172),#6188,.F.);
#6172 = FACE_BOUND('',#6173,.F.);
#6173 = EDGE_LOOP('',(#6174,#6175,#6181,#6182));
#6174 = ORIENTED_EDGE('',*,*,#836,.F.);
#6175 = ORIENTED_EDGE('',*,*,#6176,.T.);
#6176 = EDGE_CURVE('',#837,#3184,#6177,.T.);
#6177 = LINE('',#6178,#6179);
#6178 = CARTESIAN_POINT('',(207.953156,20.031256,0.));
#6179 = VECTOR('',#6180,1.);
#6180 = DIRECTION('',(0.,0.,1.));
#6181 = ORIENTED_EDGE('',*,*,#3191,.F.);
#6182 = ORIENTED_EDGE('',*,*,#6183,.F.);
#6183 = EDGE_CURVE('',#839,#3168,#6184,.T.);
#6184 = LINE('',#6185,#6186);
#6185 = CARTESIAN_POINT('',(221.936401,20.031256,0.));
#6186 = VECTOR('',#6187,1.);
#6187 = DIRECTION('',(0.,0.,1.));
#6188 = PLANE('',#6189);
#6189 = AXIS2_PLACEMENT_3D('',#6190,#6191,#6192);
#6190 = CARTESIAN_POINT('',(207.953156,20.031256,0.));
#6191 = DIRECTION('',(0.,1.,0.));
#6192 = DIRECTION('',(1.,0.,0.));
#6193 = ADVANCED_FACE('',(#6194),#6205,.F.);
#6194 = FACE_BOUND('',#6195,.F.);
#6195 = EDGE_LOOP('',(#6196,#6197,#6203,#6204));
#6196 = ORIENTED_EDGE('',*,*,#862,.F.);
#6197 = ORIENTED_EDGE('',*,*,#6198,.T.);
#6198 = EDGE_CURVE('',#855,#3176,#6199,.T.);
#6199 = LINE('',#6200,#6201);
#6200 = CARTESIAN_POINT('',(207.953156,5.717991,0.));
#6201 = VECTOR('',#6202,1.);
#6202 = DIRECTION('',(0.,0.,1.));
#6203 = ORIENTED_EDGE('',*,*,#3183,.F.);
#6204 = ORIENTED_EDGE('',*,*,#6176,.F.);
#6205 = PLANE('',#6206);
#6206 = AXIS2_PLACEMENT_3D('',#6207,#6208,#6209);
#6207 = CARTESIAN_POINT('',(207.953156,5.717991,0.));
#6208 = DIRECTION('',(-1.,0.,0.));
#6209 = DIRECTION('',(0.,1.,0.));
#6210 = ADVANCED_FACE('',(#6211),#6222,.F.);
#6211 = FACE_BOUND('',#6212,.F.);
#6212 = EDGE_LOOP('',(#6213,#6214,#6215,#6216));
#6213 = ORIENTED_EDGE('',*,*,#846,.F.);
#6214 = ORIENTED_EDGE('',*,*,#6183,.T.);
#6215 = ORIENTED_EDGE('',*,*,#3165,.F.);
#6216 = ORIENTED_EDGE('',*,*,#6217,.F.);
#6217 = EDGE_CURVE('',#847,#3166,#6218,.T.);
#6218 = LINE('',#6219,#6220);
#6219 = CARTESIAN_POINT('',(221.936401,5.717991,0.));
#6220 = VECTOR('',#6221,1.);
#6221 = DIRECTION('',(0.,0.,1.));
#6222 = PLANE('',#6223);
#6223 = AXIS2_PLACEMENT_3D('',#6224,#6225,#6226);
#6224 = CARTESIAN_POINT('',(221.936401,20.031256,0.));
#6225 = DIRECTION('',(1.,0.,0.));
#6226 = DIRECTION('',(0.,-1.,0.));
#6227 = ADVANCED_FACE('',(#6228),#6234,.F.);
#6228 = FACE_BOUND('',#6229,.F.);
#6229 = EDGE_LOOP('',(#6230,#6231,#6232,#6233));
#6230 = ORIENTED_EDGE('',*,*,#854,.F.);
#6231 = ORIENTED_EDGE('',*,*,#6217,.T.);
#6232 = ORIENTED_EDGE('',*,*,#3175,.F.);
#6233 = ORIENTED_EDGE('',*,*,#6198,.F.);
#6234 = PLANE('',#6235);
#6235 = AXIS2_PLACEMENT_3D('',#6236,#6237,#6238);
#6236 = CARTESIAN_POINT('',(221.936401,5.717991,0.));
#6237 = DIRECTION('',(0.,-1.,0.));
#6238 = DIRECTION('',(-1.,0.,0.));
#6239 = ADVANCED_FACE('',(#6240),#6256,.F.);
#6240 = FACE_BOUND('',#6241,.F.);
#6241 = EDGE_LOOP('',(#6242,#6243,#6249,#6250));
#6242 = ORIENTED_EDGE('',*,*,#870,.F.);
#6243 = ORIENTED_EDGE('',*,*,#6244,.T.);
#6244 = EDGE_CURVE('',#871,#3218,#6245,.T.);
#6245 = LINE('',#6246,#6247);
#6246 = CARTESIAN_POINT('',(226.715897,20.05772,0.));
#6247 = VECTOR('',#6248,1.);
#6248 = DIRECTION('',(0.,0.,1.));
#6249 = ORIENTED_EDGE('',*,*,#3225,.F.);
#6250 = ORIENTED_EDGE('',*,*,#6251,.F.);
#6251 = EDGE_CURVE('',#873,#3202,#6252,.T.);
#6252 = LINE('',#6253,#6254);
#6253 = CARTESIAN_POINT('',(240.921722,20.05772,0.));
#6254 = VECTOR('',#6255,1.);
#6255 = DIRECTION('',(0.,0.,1.));
#6256 = PLANE('',#6257);
#6257 = AXIS2_PLACEMENT_3D('',#6258,#6259,#6260);
#6258 = CARTESIAN_POINT('',(226.715897,20.05772,0.));
#6259 = DIRECTION('',(0.,1.,0.));
#6260 = DIRECTION('',(1.,0.,0.));
#6261 = ADVANCED_FACE('',(#6262),#6273,.F.);
#6262 = FACE_BOUND('',#6263,.F.);
#6263 = EDGE_LOOP('',(#6264,#6265,#6271,#6272));
#6264 = ORIENTED_EDGE('',*,*,#896,.F.);
#6265 = ORIENTED_EDGE('',*,*,#6266,.T.);
#6266 = EDGE_CURVE('',#889,#3210,#6267,.T.);
#6267 = LINE('',#6268,#6269);
#6268 = CARTESIAN_POINT('',(226.715897,5.953822,0.));
#6269 = VECTOR('',#6270,1.);
#6270 = DIRECTION('',(0.,0.,1.));
#6271 = ORIENTED_EDGE('',*,*,#3217,.F.);
#6272 = ORIENTED_EDGE('',*,*,#6244,.F.);
#6273 = PLANE('',#6274);
#6274 = AXIS2_PLACEMENT_3D('',#6275,#6276,#6277);
#6275 = CARTESIAN_POINT('',(226.715897,5.953822,0.));
#6276 = DIRECTION('',(-1.,0.,0.));
#6277 = DIRECTION('',(0.,1.,0.));
#6278 = ADVANCED_FACE('',(#6279),#6290,.F.);
#6279 = FACE_BOUND('',#6280,.F.);
#6280 = EDGE_LOOP('',(#6281,#6282,#6283,#6284));
#6281 = ORIENTED_EDGE('',*,*,#880,.F.);
#6282 = ORIENTED_EDGE('',*,*,#6251,.T.);
#6283 = ORIENTED_EDGE('',*,*,#3199,.F.);
#6284 = ORIENTED_EDGE('',*,*,#6285,.F.);
#6285 = EDGE_CURVE('',#881,#3200,#6286,.T.);
#6286 = LINE('',#6287,#6288);
#6287 = CARTESIAN_POINT('',(240.921722,5.953822,0.));
#6288 = VECTOR('',#6289,1.);
#6289 = DIRECTION('',(0.,0.,1.));
#6290 = PLANE('',#6291);
#6291 = AXIS2_PLACEMENT_3D('',#6292,#6293,#6294);
#6292 = CARTESIAN_POINT('',(240.921722,20.05772,0.));
#6293 = DIRECTION('',(1.,0.,0.));
#6294 = DIRECTION('',(0.,-1.,0.));
#6295 = ADVANCED_FACE('',(#6296),#6302,.F.);
#6296 = FACE_BOUND('',#6297,.F.);
#6297 = EDGE_LOOP('',(#6298,#6299,#6300,#6301));
#6298 = ORIENTED_EDGE('',*,*,#888,.F.);
#6299 = ORIENTED_EDGE('',*,*,#6285,.T.);
#6300 = ORIENTED_EDGE('',*,*,#3209,.F.);
#6301 = ORIENTED_EDGE('',*,*,#6266,.F.);
#6302 = PLANE('',#6303);
#6303 = AXIS2_PLACEMENT_3D('',#6304,#6305,#6306);
#6304 = CARTESIAN_POINT('',(240.921722,5.953822,0.));
#6305 = DIRECTION('',(0.,-1.,0.));
#6306 = DIRECTION('',(-1.,0.,0.));
#6307 = ADVANCED_FACE('',(#6308),#6324,.F.);
#6308 = FACE_BOUND('',#6309,.F.);
#6309 = EDGE_LOOP('',(#6310,#6311,#6317,#6318));
#6310 = ORIENTED_EDGE('',*,*,#904,.F.);
#6311 = ORIENTED_EDGE('',*,*,#6312,.T.);
#6312 = EDGE_CURVE('',#905,#3252,#6313,.T.);
#6313 = LINE('',#6314,#6315);
#6314 = CARTESIAN_POINT('',(246.153061,20.068117,0.));
#6315 = VECTOR('',#6316,1.);
#6316 = DIRECTION('',(0.,0.,1.));
#6317 = ORIENTED_EDGE('',*,*,#3259,.F.);
#6318 = ORIENTED_EDGE('',*,*,#6319,.F.);
#6319 = EDGE_CURVE('',#907,#3236,#6320,.T.);
#6320 = LINE('',#6321,#6322);
#6321 = CARTESIAN_POINT('',(260.264191,20.068117,0.));
#6322 = VECTOR('',#6323,1.);
#6323 = DIRECTION('',(0.,0.,1.));
#6324 = PLANE('',#6325);
#6325 = AXIS2_PLACEMENT_3D('',#6326,#6327,#6328);
#6326 = CARTESIAN_POINT('',(246.153061,20.068117,0.));
#6327 = DIRECTION('',(0.,1.,0.));
#6328 = DIRECTION('',(1.,0.,0.));
#6329 = ADVANCED_FACE('',(#6330),#6341,.F.);
#6330 = FACE_BOUND('',#6331,.F.);
#6331 = EDGE_LOOP('',(#6332,#6333,#6339,#6340));
#6332 = ORIENTED_EDGE('',*,*,#930,.F.);
#6333 = ORIENTED_EDGE('',*,*,#6334,.T.);
#6334 = EDGE_CURVE('',#923,#3244,#6335,.T.);
#6335 = LINE('',#6336,#6337);
#6336 = CARTESIAN_POINT('',(246.153061,6.00758,0.));
#6337 = VECTOR('',#6338,1.);
#6338 = DIRECTION('',(0.,0.,1.));
#6339 = ORIENTED_EDGE('',*,*,#3251,.F.);
#6340 = ORIENTED_EDGE('',*,*,#6312,.F.);
#6341 = PLANE('',#6342);
#6342 = AXIS2_PLACEMENT_3D('',#6343,#6344,#6345);
#6343 = CARTESIAN_POINT('',(246.153061,6.00758,0.));
#6344 = DIRECTION('',(-1.,0.,0.));
#6345 = DIRECTION('',(0.,1.,0.));
#6346 = ADVANCED_FACE('',(#6347),#6358,.F.);
#6347 = FACE_BOUND('',#6348,.F.);
#6348 = EDGE_LOOP('',(#6349,#6350,#6351,#6352));
#6349 = ORIENTED_EDGE('',*,*,#914,.F.);
#6350 = ORIENTED_EDGE('',*,*,#6319,.T.);
#6351 = ORIENTED_EDGE('',*,*,#3233,.F.);
#6352 = ORIENTED_EDGE('',*,*,#6353,.F.);
#6353 = EDGE_CURVE('',#915,#3234,#6354,.T.);
#6354 = LINE('',#6355,#6356);
#6355 = CARTESIAN_POINT('',(260.264191,6.00758,0.));
#6356 = VECTOR('',#6357,1.);
#6357 = DIRECTION('',(0.,0.,1.));
#6358 = PLANE('',#6359);
#6359 = AXIS2_PLACEMENT_3D('',#6360,#6361,#6362);
#6360 = CARTESIAN_POINT('',(260.264191,20.068117,0.));
#6361 = DIRECTION('',(1.,0.,0.));
#6362 = DIRECTION('',(0.,-1.,0.));
#6363 = ADVANCED_FACE('',(#6364),#6370,.F.);
#6364 = FACE_BOUND('',#6365,.F.);
#6365 = EDGE_LOOP('',(#6366,#6367,#6368,#6369));
#6366 = ORIENTED_EDGE('',*,*,#922,.F.);
#6367 = ORIENTED_EDGE('',*,*,#6353,.T.);
#6368 = ORIENTED_EDGE('',*,*,#3243,.F.);
#6369 = ORIENTED_EDGE('',*,*,#6334,.F.);
#6370 = PLANE('',#6371);
#6371 = AXIS2_PLACEMENT_3D('',#6372,#6373,#6374);
#6372 = CARTESIAN_POINT('',(260.264191,6.00758,0.));
#6373 = DIRECTION('',(0.,-1.,0.));
#6374 = DIRECTION('',(-1.,0.,0.));
#6375 = ADVANCED_FACE('',(#6376),#6392,.F.);
#6376 = FACE_BOUND('',#6377,.F.);
#6377 = EDGE_LOOP('',(#6378,#6379,#6385,#6386));
#6378 = ORIENTED_EDGE('',*,*,#938,.F.);
#6379 = ORIENTED_EDGE('',*,*,#6380,.T.);
#6380 = EDGE_CURVE('',#939,#3286,#6381,.T.);
#6381 = LINE('',#6382,#6383);
#6382 = CARTESIAN_POINT('',(265.261353,20.080431,0.));
#6383 = VECTOR('',#6384,1.);
#6384 = DIRECTION('',(0.,0.,1.));
#6385 = ORIENTED_EDGE('',*,*,#3293,.F.);
#6386 = ORIENTED_EDGE('',*,*,#6387,.F.);
#6387 = EDGE_CURVE('',#941,#3270,#6388,.T.);
#6388 = LINE('',#6389,#6390);
#6389 = CARTESIAN_POINT('',(279.284332,20.080431,0.));
#6390 = VECTOR('',#6391,1.);
#6391 = DIRECTION('',(0.,0.,1.));
#6392 = PLANE('',#6393);
#6393 = AXIS2_PLACEMENT_3D('',#6394,#6395,#6396);
#6394 = CARTESIAN_POINT('',(265.261353,20.080431,0.));
#6395 = DIRECTION('',(0.,1.,0.));
#6396 = DIRECTION('',(1.,0.,0.));
#6397 = ADVANCED_FACE('',(#6398),#6409,.F.);
#6398 = FACE_BOUND('',#6399,.F.);
#6399 = EDGE_LOOP('',(#6400,#6401,#6407,#6408));
#6400 = ORIENTED_EDGE('',*,*,#964,.F.);
#6401 = ORIENTED_EDGE('',*,*,#6402,.T.);
#6402 = EDGE_CURVE('',#957,#3278,#6403,.T.);
#6403 = LINE('',#6404,#6405);
#6404 = CARTESIAN_POINT('',(265.261353,5.995669,0.));
#6405 = VECTOR('',#6406,1.);
#6406 = DIRECTION('',(0.,0.,1.));
#6407 = ORIENTED_EDGE('',*,*,#3285,.F.);
#6408 = ORIENTED_EDGE('',*,*,#6380,.F.);
#6409 = PLANE('',#6410);
#6410 = AXIS2_PLACEMENT_3D('',#6411,#6412,#6413);
#6411 = CARTESIAN_POINT('',(265.261353,5.995669,0.));
#6412 = DIRECTION('',(-1.,0.,0.));
#6413 = DIRECTION('',(0.,1.,0.));
#6414 = ADVANCED_FACE('',(#6415),#6426,.F.);
#6415 = FACE_BOUND('',#6416,.F.);
#6416 = EDGE_LOOP('',(#6417,#6418,#6419,#6420));
#6417 = ORIENTED_EDGE('',*,*,#948,.F.);
#6418 = ORIENTED_EDGE('',*,*,#6387,.T.);
#6419 = ORIENTED_EDGE('',*,*,#3267,.F.);
#6420 = ORIENTED_EDGE('',*,*,#6421,.F.);
#6421 = EDGE_CURVE('',#949,#3268,#6422,.T.);
#6422 = LINE('',#6423,#6424);
#6423 = CARTESIAN_POINT('',(279.284332,5.995669,0.));
#6424 = VECTOR('',#6425,1.);
#6425 = DIRECTION('',(0.,0.,1.));
#6426 = PLANE('',#6427);
#6427 = AXIS2_PLACEMENT_3D('',#6428,#6429,#6430);
#6428 = CARTESIAN_POINT('',(279.284332,20.080431,0.));
#6429 = DIRECTION('',(1.,0.,0.));
#6430 = DIRECTION('',(0.,-1.,0.));
#6431 = ADVANCED_FACE('',(#6432),#6438,.F.);
#6432 = FACE_BOUND('',#6433,.F.);
#6433 = EDGE_LOOP('',(#6434,#6435,#6436,#6437));
#6434 = ORIENTED_EDGE('',*,*,#956,.F.);
#6435 = ORIENTED_EDGE('',*,*,#6421,.T.);
#6436 = ORIENTED_EDGE('',*,*,#3277,.F.);
#6437 = ORIENTED_EDGE('',*,*,#6402,.F.);
#6438 = PLANE('',#6439);
#6439 = AXIS2_PLACEMENT_3D('',#6440,#6441,#6442);
#6440 = CARTESIAN_POINT('',(279.284332,5.995669,0.));
#6441 = DIRECTION('',(0.,-1.,0.));
#6442 = DIRECTION('',(-1.,0.,0.));
#6443 = ADVANCED_FACE('',(#6444),#6460,.F.);
#6444 = FACE_BOUND('',#6445,.F.);
#6445 = EDGE_LOOP('',(#6446,#6447,#6453,#6454));
#6446 = ORIENTED_EDGE('',*,*,#972,.F.);
#6447 = ORIENTED_EDGE('',*,*,#6448,.T.);
#6448 = EDGE_CURVE('',#973,#3320,#6449,.T.);
#6449 = LINE('',#6450,#6451);
#6450 = CARTESIAN_POINT('',(284.111023,20.088682,0.));
#6451 = VECTOR('',#6452,1.);
#6452 = DIRECTION('',(0.,0.,1.));
#6453 = ORIENTED_EDGE('',*,*,#3327,.F.);
#6454 = ORIENTED_EDGE('',*,*,#6455,.F.);
#6455 = EDGE_CURVE('',#975,#3304,#6456,.T.);
#6456 = LINE('',#6457,#6458);
#6457 = CARTESIAN_POINT('',(298.190155,20.088682,0.));
#6458 = VECTOR('',#6459,1.);
#6459 = DIRECTION('',(0.,0.,1.));
#6460 = PLANE('',#6461);
#6461 = AXIS2_PLACEMENT_3D('',#6462,#6463,#6464);
#6462 = CARTESIAN_POINT('',(284.111023,20.088682,0.));
#6463 = DIRECTION('',(0.,1.,0.));
#6464 = DIRECTION('',(1.,0.,0.));
#6465 = ADVANCED_FACE('',(#6466),#6477,.F.);
#6466 = FACE_BOUND('',#6467,.F.);
#6467 = EDGE_LOOP('',(#6468,#6469,#6475,#6476));
#6468 = ORIENTED_EDGE('',*,*,#998,.F.);
#6469 = ORIENTED_EDGE('',*,*,#6470,.T.);
#6470 = EDGE_CURVE('',#991,#3312,#6471,.T.);
#6471 = LINE('',#6472,#6473);
#6472 = CARTESIAN_POINT('',(284.111023,6.050962,0.));
#6473 = VECTOR('',#6474,1.);
#6474 = DIRECTION('',(0.,0.,1.));
#6475 = ORIENTED_EDGE('',*,*,#3319,.F.);
#6476 = ORIENTED_EDGE('',*,*,#6448,.F.);
#6477 = PLANE('',#6478);
#6478 = AXIS2_PLACEMENT_3D('',#6479,#6480,#6481);
#6479 = CARTESIAN_POINT('',(284.111023,6.050962,0.));
#6480 = DIRECTION('',(-1.,0.,0.));
#6481 = DIRECTION('',(0.,1.,0.));
#6482 = ADVANCED_FACE('',(#6483),#6494,.F.);
#6483 = FACE_BOUND('',#6484,.F.);
#6484 = EDGE_LOOP('',(#6485,#6486,#6487,#6488));
#6485 = ORIENTED_EDGE('',*,*,#982,.F.);
#6486 = ORIENTED_EDGE('',*,*,#6455,.T.);
#6487 = ORIENTED_EDGE('',*,*,#3301,.F.);
#6488 = ORIENTED_EDGE('',*,*,#6489,.F.);
#6489 = EDGE_CURVE('',#983,#3302,#6490,.T.);
#6490 = LINE('',#6491,#6492);
#6491 = CARTESIAN_POINT('',(298.190155,6.050962,0.));
#6492 = VECTOR('',#6493,1.);
#6493 = DIRECTION('',(0.,0.,1.));
#6494 = PLANE('',#6495);
#6495 = AXIS2_PLACEMENT_3D('',#6496,#6497,#6498);
#6496 = CARTESIAN_POINT('',(298.190155,20.088682,0.));
#6497 = DIRECTION('',(1.,0.,0.));
#6498 = DIRECTION('',(0.,-1.,0.));
#6499 = ADVANCED_FACE('',(#6500),#6506,.F.);
#6500 = FACE_BOUND('',#6501,.F.);
#6501 = EDGE_LOOP('',(#6502,#6503,#6504,#6505));
#6502 = ORIENTED_EDGE('',*,*,#990,.F.);
#6503 = ORIENTED_EDGE('',*,*,#6489,.T.);
#6504 = ORIENTED_EDGE('',*,*,#3311,.F.);
#6505 = ORIENTED_EDGE('',*,*,#6470,.F.);
#6506 = PLANE('',#6507);
#6507 = AXIS2_PLACEMENT_3D('',#6508,#6509,#6510);
#6508 = CARTESIAN_POINT('',(298.190155,6.050962,0.));
#6509 = DIRECTION('',(0.,-1.,0.));
#6510 = DIRECTION('',(-1.,0.,0.));
#6511 = ADVANCED_FACE('',(#6512),#6528,.F.);
#6512 = FACE_BOUND('',#6513,.F.);
#6513 = EDGE_LOOP('',(#6514,#6515,#6521,#6522));
#6514 = ORIENTED_EDGE('',*,*,#1006,.F.);
#6515 = ORIENTED_EDGE('',*,*,#6516,.T.);
#6516 = EDGE_CURVE('',#1007,#3354,#6517,.T.);
#6517 = LINE('',#6518,#6519);
#6518 = CARTESIAN_POINT('',(158.923035,39.104065,0.));
#6519 = VECTOR('',#6520,1.);
#6520 = DIRECTION('',(0.,0.,1.));
#6521 = ORIENTED_EDGE('',*,*,#3361,.F.);
#6522 = ORIENTED_EDGE('',*,*,#6523,.F.);
#6523 = EDGE_CURVE('',#1009,#3338,#6524,.T.);
#6524 = LINE('',#6525,#6526);
#6525 = CARTESIAN_POINT('',(172.970444,39.104065,0.));
#6526 = VECTOR('',#6527,1.);
#6527 = DIRECTION('',(0.,0.,1.));
#6528 = PLANE('',#6529);
#6529 = AXIS2_PLACEMENT_3D('',#6530,#6531,#6532);
#6530 = CARTESIAN_POINT('',(158.923035,39.104065,0.));
#6531 = DIRECTION('',(0.,1.,0.));
#6532 = DIRECTION('',(1.,0.,0.));
#6533 = ADVANCED_FACE('',(#6534),#6545,.F.);
#6534 = FACE_BOUND('',#6535,.F.);
#6535 = EDGE_LOOP('',(#6536,#6537,#6543,#6544));
#6536 = ORIENTED_EDGE('',*,*,#1032,.F.);
#6537 = ORIENTED_EDGE('',*,*,#6538,.T.);
#6538 = EDGE_CURVE('',#1025,#3346,#6539,.T.);
#6539 = LINE('',#6540,#6541);
#6540 = CARTESIAN_POINT('',(158.923035,25.015224,0.));
#6541 = VECTOR('',#6542,1.);
#6542 = DIRECTION('',(0.,0.,1.));
#6543 = ORIENTED_EDGE('',*,*,#3353,.F.);
#6544 = ORIENTED_EDGE('',*,*,#6516,.F.);
#6545 = PLANE('',#6546);
#6546 = AXIS2_PLACEMENT_3D('',#6547,#6548,#6549);
#6547 = CARTESIAN_POINT('',(158.923035,25.015224,0.));
#6548 = DIRECTION('',(-1.,0.,0.));
#6549 = DIRECTION('',(0.,1.,0.));
#6550 = ADVANCED_FACE('',(#6551),#6562,.F.);
#6551 = FACE_BOUND('',#6552,.F.);
#6552 = EDGE_LOOP('',(#6553,#6554,#6560,#6561));
#6553 = ORIENTED_EDGE('',*,*,#1024,.F.);
#6554 = ORIENTED_EDGE('',*,*,#6555,.T.);
#6555 = EDGE_CURVE('',#1017,#3336,#6556,.T.);
#6556 = LINE('',#6557,#6558);
#6557 = CARTESIAN_POINT('',(172.970444,25.015224,0.));
#6558 = VECTOR('',#6559,1.);
#6559 = DIRECTION('',(0.,0.,1.));
#6560 = ORIENTED_EDGE('',*,*,#3345,.F.);
#6561 = ORIENTED_EDGE('',*,*,#6538,.F.);
#6562 = PLANE('',#6563);
#6563 = AXIS2_PLACEMENT_3D('',#6564,#6565,#6566);
#6564 = CARTESIAN_POINT('',(172.970444,25.015224,0.));
#6565 = DIRECTION('',(0.,-1.,0.));
#6566 = DIRECTION('',(-1.,0.,0.));
#6567 = ADVANCED_FACE('',(#6568),#6574,.F.);
#6568 = FACE_BOUND('',#6569,.F.);
#6569 = EDGE_LOOP('',(#6570,#6571,#6572,#6573));
#6570 = ORIENTED_EDGE('',*,*,#1016,.F.);
#6571 = ORIENTED_EDGE('',*,*,#6523,.T.);
#6572 = ORIENTED_EDGE('',*,*,#3335,.F.);
#6573 = ORIENTED_EDGE('',*,*,#6555,.F.);
#6574 = PLANE('',#6575);
#6575 = AXIS2_PLACEMENT_3D('',#6576,#6577,#6578);
#6576 = CARTESIAN_POINT('',(172.970444,39.104065,0.));
#6577 = DIRECTION('',(1.,0.,0.));
#6578 = DIRECTION('',(0.,-1.,0.));
#6579 = ADVANCED_FACE('',(#6580),#6596,.F.);
#6580 = FACE_BOUND('',#6581,.F.);
#6581 = EDGE_LOOP('',(#6582,#6583,#6589,#6590));
#6582 = ORIENTED_EDGE('',*,*,#1040,.F.);
#6583 = ORIENTED_EDGE('',*,*,#6584,.T.);
#6584 = EDGE_CURVE('',#1041,#3388,#6585,.T.);
#6585 = LINE('',#6586,#6587);
#6586 = CARTESIAN_POINT('',(177.774673,39.12664,0.));
#6587 = VECTOR('',#6588,1.);
#6588 = DIRECTION('',(0.,0.,1.));
#6589 = ORIENTED_EDGE('',*,*,#3395,.F.);
#6590 = ORIENTED_EDGE('',*,*,#6591,.F.);
#6591 = EDGE_CURVE('',#1043,#3372,#6592,.T.);
#6592 = LINE('',#6593,#6594);
#6593 = CARTESIAN_POINT('',(191.838501,39.12664,0.));
#6594 = VECTOR('',#6595,1.);
#6595 = DIRECTION('',(0.,0.,1.));
#6596 = PLANE('',#6597);
#6597 = AXIS2_PLACEMENT_3D('',#6598,#6599,#6600);
#6598 = CARTESIAN_POINT('',(177.774673,39.12664,0.));
#6599 = DIRECTION('',(0.,1.,0.));
#6600 = DIRECTION('',(1.,0.,0.));
#6601 = ADVANCED_FACE('',(#6602),#6613,.F.);
#6602 = FACE_BOUND('',#6603,.F.);
#6603 = EDGE_LOOP('',(#6604,#6605,#6611,#6612));
#6604 = ORIENTED_EDGE('',*,*,#1066,.F.);
#6605 = ORIENTED_EDGE('',*,*,#6606,.T.);
#6606 = EDGE_CURVE('',#1059,#3380,#6607,.T.);
#6607 = LINE('',#6608,#6609);
#6608 = CARTESIAN_POINT('',(177.774673,25.138704,0.));
#6609 = VECTOR('',#6610,1.);
#6610 = DIRECTION('',(0.,0.,1.));
#6611 = ORIENTED_EDGE('',*,*,#3387,.F.);
#6612 = ORIENTED_EDGE('',*,*,#6584,.F.);
#6613 = PLANE('',#6614);
#6614 = AXIS2_PLACEMENT_3D('',#6615,#6616,#6617);
#6615 = CARTESIAN_POINT('',(177.774673,25.138704,0.));
#6616 = DIRECTION('',(-1.,0.,0.));
#6617 = DIRECTION('',(0.,1.,0.));
#6618 = ADVANCED_FACE('',(#6619),#6630,.F.);
#6619 = FACE_BOUND('',#6620,.F.);
#6620 = EDGE_LOOP('',(#6621,#6622,#6628,#6629));
#6621 = ORIENTED_EDGE('',*,*,#1058,.F.);
#6622 = ORIENTED_EDGE('',*,*,#6623,.T.);
#6623 = EDGE_CURVE('',#1051,#3370,#6624,.T.);
#6624 = LINE('',#6625,#6626);
#6625 = CARTESIAN_POINT('',(191.838501,25.138704,0.));
#6626 = VECTOR('',#6627,1.);
#6627 = DIRECTION('',(0.,0.,1.));
#6628 = ORIENTED_EDGE('',*,*,#3379,.F.);
#6629 = ORIENTED_EDGE('',*,*,#6606,.F.);
#6630 = PLANE('',#6631);
#6631 = AXIS2_PLACEMENT_3D('',#6632,#6633,#6634);
#6632 = CARTESIAN_POINT('',(191.838501,25.138704,0.));
#6633 = DIRECTION('',(0.,-1.,0.));
#6634 = DIRECTION('',(-1.,0.,0.));
#6635 = ADVANCED_FACE('',(#6636),#6642,.F.);
#6636 = FACE_BOUND('',#6637,.F.);
#6637 = EDGE_LOOP('',(#6638,#6639,#6640,#6641));
#6638 = ORIENTED_EDGE('',*,*,#1050,.F.);
#6639 = ORIENTED_EDGE('',*,*,#6591,.T.);
#6640 = ORIENTED_EDGE('',*,*,#3369,.F.);
#6641 = ORIENTED_EDGE('',*,*,#6623,.F.);
#6642 = PLANE('',#6643);
#6643 = AXIS2_PLACEMENT_3D('',#6644,#6645,#6646);
#6644 = CARTESIAN_POINT('',(191.838501,39.12664,0.));
#6645 = DIRECTION('',(1.,0.,0.));
#6646 = DIRECTION('',(0.,-1.,0.));
#6647 = ADVANCED_FACE('',(#6648),#6664,.F.);
#6648 = FACE_BOUND('',#6649,.F.);
#6649 = EDGE_LOOP('',(#6650,#6651,#6657,#6658));
#6650 = ORIENTED_EDGE('',*,*,#1074,.F.);
#6651 = ORIENTED_EDGE('',*,*,#6652,.T.);
#6652 = EDGE_CURVE('',#1075,#3422,#6653,.T.);
#6653 = LINE('',#6654,#6655);
#6654 = CARTESIAN_POINT('',(196.71402,39.099403,0.));
#6655 = VECTOR('',#6656,1.);
#6656 = DIRECTION('',(0.,0.,1.));
#6657 = ORIENTED_EDGE('',*,*,#3429,.F.);
#6658 = ORIENTED_EDGE('',*,*,#6659,.F.);
#6659 = EDGE_CURVE('',#1077,#3406,#6660,.T.);
#6660 = LINE('',#6661,#6662);
#6661 = CARTESIAN_POINT('',(210.769562,39.099403,0.));
#6662 = VECTOR('',#6663,1.);
#6663 = DIRECTION('',(0.,0.,1.));
#6664 = PLANE('',#6665);
#6665 = AXIS2_PLACEMENT_3D('',#6666,#6667,#6668);
#6666 = CARTESIAN_POINT('',(196.71402,39.099403,0.));
#6667 = DIRECTION('',(0.,1.,0.));
#6668 = DIRECTION('',(1.,0.,0.));
#6669 = ADVANCED_FACE('',(#6670),#6681,.F.);
#6670 = FACE_BOUND('',#6671,.F.);
#6671 = EDGE_LOOP('',(#6672,#6673,#6679,#6680));
#6672 = ORIENTED_EDGE('',*,*,#1100,.F.);
#6673 = ORIENTED_EDGE('',*,*,#6674,.T.);
#6674 = EDGE_CURVE('',#1093,#3414,#6675,.T.);
#6675 = LINE('',#6676,#6677);
#6676 = CARTESIAN_POINT('',(196.71402,25.02832,0.));
#6677 = VECTOR('',#6678,1.);
#6678 = DIRECTION('',(0.,0.,1.));
#6679 = ORIENTED_EDGE('',*,*,#3421,.F.);
#6680 = ORIENTED_EDGE('',*,*,#6652,.F.);
#6681 = PLANE('',#6682);
#6682 = AXIS2_PLACEMENT_3D('',#6683,#6684,#6685);
#6683 = CARTESIAN_POINT('',(196.71402,25.02832,0.));
#6684 = DIRECTION('',(-1.,0.,0.));
#6685 = DIRECTION('',(0.,1.,0.));
#6686 = ADVANCED_FACE('',(#6687),#6698,.F.);
#6687 = FACE_BOUND('',#6688,.F.);
#6688 = EDGE_LOOP('',(#6689,#6690,#6696,#6697));
#6689 = ORIENTED_EDGE('',*,*,#1092,.F.);
#6690 = ORIENTED_EDGE('',*,*,#6691,.T.);
#6691 = EDGE_CURVE('',#1085,#3404,#6692,.T.);
#6692 = LINE('',#6693,#6694);
#6693 = CARTESIAN_POINT('',(210.769562,25.02832,0.));
#6694 = VECTOR('',#6695,1.);
#6695 = DIRECTION('',(0.,0.,1.));
#6696 = ORIENTED_EDGE('',*,*,#3413,.F.);
#6697 = ORIENTED_EDGE('',*,*,#6674,.F.);
#6698 = PLANE('',#6699);
#6699 = AXIS2_PLACEMENT_3D('',#6700,#6701,#6702);
#6700 = CARTESIAN_POINT('',(210.769562,25.02832,0.));
#6701 = DIRECTION('',(0.,-1.,0.));
#6702 = DIRECTION('',(-1.,0.,0.));
#6703 = ADVANCED_FACE('',(#6704),#6710,.F.);
#6704 = FACE_BOUND('',#6705,.F.);
#6705 = EDGE_LOOP('',(#6706,#6707,#6708,#6709));
#6706 = ORIENTED_EDGE('',*,*,#1084,.F.);
#6707 = ORIENTED_EDGE('',*,*,#6659,.T.);
#6708 = ORIENTED_EDGE('',*,*,#3403,.F.);
#6709 = ORIENTED_EDGE('',*,*,#6691,.F.);
#6710 = PLANE('',#6711);
#6711 = AXIS2_PLACEMENT_3D('',#6712,#6713,#6714);
#6712 = CARTESIAN_POINT('',(210.769562,39.099403,0.));
#6713 = DIRECTION('',(1.,0.,0.));
#6714 = DIRECTION('',(0.,-1.,0.));
#6715 = ADVANCED_FACE('',(#6716),#6732,.F.);
#6716 = FACE_BOUND('',#6717,.F.);
#6717 = EDGE_LOOP('',(#6718,#6719,#6725,#6726));
#6718 = ORIENTED_EDGE('',*,*,#1108,.F.);
#6719 = ORIENTED_EDGE('',*,*,#6720,.T.);
#6720 = EDGE_CURVE('',#1109,#3456,#6721,.T.);
#6721 = LINE('',#6722,#6723);
#6722 = CARTESIAN_POINT('',(215.640472,38.965725,0.));
#6723 = VECTOR('',#6724,1.);
#6724 = DIRECTION('',(0.,0.,1.));
#6725 = ORIENTED_EDGE('',*,*,#3463,.F.);
#6726 = ORIENTED_EDGE('',*,*,#6727,.F.);
#6727 = EDGE_CURVE('',#1111,#3440,#6728,.T.);
#6728 = LINE('',#6729,#6730);
#6729 = CARTESIAN_POINT('',(229.740692,38.965725,0.));
#6730 = VECTOR('',#6731,1.);
#6731 = DIRECTION('',(0.,0.,1.));
#6732 = PLANE('',#6733);
#6733 = AXIS2_PLACEMENT_3D('',#6734,#6735,#6736);
#6734 = CARTESIAN_POINT('',(215.640472,38.965725,0.));
#6735 = DIRECTION('',(0.,1.,0.));
#6736 = DIRECTION('',(1.,0.,0.));
#6737 = ADVANCED_FACE('',(#6738),#6749,.F.);
#6738 = FACE_BOUND('',#6739,.F.);
#6739 = EDGE_LOOP('',(#6740,#6741,#6747,#6748));
#6740 = ORIENTED_EDGE('',*,*,#1134,.F.);
#6741 = ORIENTED_EDGE('',*,*,#6742,.T.);
#6742 = EDGE_CURVE('',#1127,#3448,#6743,.T.);
#6743 = LINE('',#6744,#6745);
#6744 = CARTESIAN_POINT('',(215.640472,24.773357,0.));
#6745 = VECTOR('',#6746,1.);
#6746 = DIRECTION('',(0.,0.,1.));
#6747 = ORIENTED_EDGE('',*,*,#3455,.F.);
#6748 = ORIENTED_EDGE('',*,*,#6720,.F.);
#6749 = PLANE('',#6750);
#6750 = AXIS2_PLACEMENT_3D('',#6751,#6752,#6753);
#6751 = CARTESIAN_POINT('',(215.640472,24.773357,0.));
#6752 = DIRECTION('',(-1.,0.,0.));
#6753 = DIRECTION('',(0.,1.,0.));
#6754 = ADVANCED_FACE('',(#6755),#6766,.F.);
#6755 = FACE_BOUND('',#6756,.F.);
#6756 = EDGE_LOOP('',(#6757,#6758,#6764,#6765));
#6757 = ORIENTED_EDGE('',*,*,#1126,.F.);
#6758 = ORIENTED_EDGE('',*,*,#6759,.T.);
#6759 = EDGE_CURVE('',#1119,#3438,#6760,.T.);
#6760 = LINE('',#6761,#6762);
#6761 = CARTESIAN_POINT('',(229.740692,24.773357,0.));
#6762 = VECTOR('',#6763,1.);
#6763 = DIRECTION('',(0.,0.,1.));
#6764 = ORIENTED_EDGE('',*,*,#3447,.F.);
#6765 = ORIENTED_EDGE('',*,*,#6742,.F.);
#6766 = PLANE('',#6767);
#6767 = AXIS2_PLACEMENT_3D('',#6768,#6769,#6770);
#6768 = CARTESIAN_POINT('',(229.740692,24.773357,0.));
#6769 = DIRECTION('',(0.,-1.,0.));
#6770 = DIRECTION('',(-1.,0.,0.));
#6771 = ADVANCED_FACE('',(#6772),#6778,.F.);
#6772 = FACE_BOUND('',#6773,.F.);
#6773 = EDGE_LOOP('',(#6774,#6775,#6776,#6777));
#6774 = ORIENTED_EDGE('',*,*,#1118,.F.);
#6775 = ORIENTED_EDGE('',*,*,#6727,.T.);
#6776 = ORIENTED_EDGE('',*,*,#3437,.F.);
#6777 = ORIENTED_EDGE('',*,*,#6759,.F.);
#6778 = PLANE('',#6779);
#6779 = AXIS2_PLACEMENT_3D('',#6780,#6781,#6782);
#6780 = CARTESIAN_POINT('',(229.740692,38.965725,0.));
#6781 = DIRECTION('',(1.,0.,0.));
#6782 = DIRECTION('',(0.,-1.,0.));
#6783 = ADVANCED_FACE('',(#6784),#6800,.F.);
#6784 = FACE_BOUND('',#6785,.F.);
#6785 = EDGE_LOOP('',(#6786,#6787,#6793,#6794));
#6786 = ORIENTED_EDGE('',*,*,#1142,.F.);
#6787 = ORIENTED_EDGE('',*,*,#6788,.T.);
#6788 = EDGE_CURVE('',#1143,#3490,#6789,.T.);
#6789 = LINE('',#6790,#6791);
#6790 = CARTESIAN_POINT('',(154.082947,58.252357,0.));
#6791 = VECTOR('',#6792,1.);
#6792 = DIRECTION('',(0.,0.,1.));
#6793 = ORIENTED_EDGE('',*,*,#3497,.F.);
#6794 = ORIENTED_EDGE('',*,*,#6795,.F.);
#6795 = EDGE_CURVE('',#1145,#3474,#6796,.T.);
#6796 = LINE('',#6797,#6798);
#6797 = CARTESIAN_POINT('',(168.078125,58.252357,0.));
#6798 = VECTOR('',#6799,1.);
#6799 = DIRECTION('',(0.,0.,1.));
#6800 = PLANE('',#6801);
#6801 = AXIS2_PLACEMENT_3D('',#6802,#6803,#6804);
#6802 = CARTESIAN_POINT('',(154.082947,58.252357,0.));
#6803 = DIRECTION('',(0.,1.,0.));
#6804 = DIRECTION('',(1.,0.,0.));
#6805 = ADVANCED_FACE('',(#6806),#6817,.F.);
#6806 = FACE_BOUND('',#6807,.F.);
#6807 = EDGE_LOOP('',(#6808,#6809,#6815,#6816));
#6808 = ORIENTED_EDGE('',*,*,#1168,.F.);
#6809 = ORIENTED_EDGE('',*,*,#6810,.T.);
#6810 = EDGE_CURVE('',#1161,#3482,#6811,.T.);
#6811 = LINE('',#6812,#6813);
#6812 = CARTESIAN_POINT('',(154.082947,44.038712,0.));
#6813 = VECTOR('',#6814,1.);
#6814 = DIRECTION('',(0.,0.,1.));
#6815 = ORIENTED_EDGE('',*,*,#3489,.F.);
#6816 = ORIENTED_EDGE('',*,*,#6788,.F.);
#6817 = PLANE('',#6818);
#6818 = AXIS2_PLACEMENT_3D('',#6819,#6820,#6821);
#6819 = CARTESIAN_POINT('',(154.082947,44.038712,0.));
#6820 = DIRECTION('',(-1.,0.,0.));
#6821 = DIRECTION('',(0.,1.,0.));
#6822 = ADVANCED_FACE('',(#6823),#6834,.F.);
#6823 = FACE_BOUND('',#6824,.F.);
#6824 = EDGE_LOOP('',(#6825,#6826,#6832,#6833));
#6825 = ORIENTED_EDGE('',*,*,#1160,.F.);
#6826 = ORIENTED_EDGE('',*,*,#6827,.T.);
#6827 = EDGE_CURVE('',#1153,#3472,#6828,.T.);
#6828 = LINE('',#6829,#6830);
#6829 = CARTESIAN_POINT('',(168.078125,44.038712,0.));
#6830 = VECTOR('',#6831,1.);
#6831 = DIRECTION('',(0.,0.,1.));
#6832 = ORIENTED_EDGE('',*,*,#3481,.F.);
#6833 = ORIENTED_EDGE('',*,*,#6810,.F.);
#6834 = PLANE('',#6835);
#6835 = AXIS2_PLACEMENT_3D('',#6836,#6837,#6838);
#6836 = CARTESIAN_POINT('',(168.078125,44.038712,0.));
#6837 = DIRECTION('',(0.,-1.,0.));
#6838 = DIRECTION('',(-1.,0.,0.));
#6839 = ADVANCED_FACE('',(#6840),#6846,.F.);
#6840 = FACE_BOUND('',#6841,.F.);
#6841 = EDGE_LOOP('',(#6842,#6843,#6844,#6845));
#6842 = ORIENTED_EDGE('',*,*,#1152,.F.);
#6843 = ORIENTED_EDGE('',*,*,#6795,.T.);
#6844 = ORIENTED_EDGE('',*,*,#3471,.F.);
#6845 = ORIENTED_EDGE('',*,*,#6827,.F.);
#6846 = PLANE('',#6847);
#6847 = AXIS2_PLACEMENT_3D('',#6848,#6849,#6850);
#6848 = CARTESIAN_POINT('',(168.078125,58.252357,0.));
#6849 = DIRECTION('',(1.,0.,0.));
#6850 = DIRECTION('',(0.,-1.,0.));
#6851 = ADVANCED_FACE('',(#6852),#6868,.F.);
#6852 = FACE_BOUND('',#6853,.F.);
#6853 = EDGE_LOOP('',(#6854,#6855,#6861,#6862));
#6854 = ORIENTED_EDGE('',*,*,#1176,.F.);
#6855 = ORIENTED_EDGE('',*,*,#6856,.T.);
#6856 = EDGE_CURVE('',#1177,#3524,#6857,.T.);
#6857 = LINE('',#6858,#6859);
#6858 = CARTESIAN_POINT('',(172.953522,58.128384,0.));
#6859 = VECTOR('',#6860,1.);
#6860 = DIRECTION('',(0.,0.,1.));
#6861 = ORIENTED_EDGE('',*,*,#3531,.F.);
#6862 = ORIENTED_EDGE('',*,*,#6863,.F.);
#6863 = EDGE_CURVE('',#1179,#3508,#6864,.T.);
#6864 = LINE('',#6865,#6866);
#6865 = CARTESIAN_POINT('',(186.948105,58.128384,0.));
#6866 = VECTOR('',#6867,1.);
#6867 = DIRECTION('',(0.,0.,1.));
#6868 = PLANE('',#6869);
#6869 = AXIS2_PLACEMENT_3D('',#6870,#6871,#6872);
#6870 = CARTESIAN_POINT('',(172.953522,58.128384,0.));
#6871 = DIRECTION('',(0.,1.,0.));
#6872 = DIRECTION('',(1.,0.,0.));
#6873 = ADVANCED_FACE('',(#6874),#6885,.F.);
#6874 = FACE_BOUND('',#6875,.F.);
#6875 = EDGE_LOOP('',(#6876,#6877,#6883,#6884));
#6876 = ORIENTED_EDGE('',*,*,#1202,.F.);
#6877 = ORIENTED_EDGE('',*,*,#6878,.T.);
#6878 = EDGE_CURVE('',#1195,#3516,#6879,.T.);
#6879 = LINE('',#6880,#6881);
#6880 = CARTESIAN_POINT('',(172.953522,44.119499,0.));
#6881 = VECTOR('',#6882,1.);
#6882 = DIRECTION('',(0.,0.,1.));
#6883 = ORIENTED_EDGE('',*,*,#3523,.F.);
#6884 = ORIENTED_EDGE('',*,*,#6856,.F.);
#6885 = PLANE('',#6886);
#6886 = AXIS2_PLACEMENT_3D('',#6887,#6888,#6889);
#6887 = CARTESIAN_POINT('',(172.953522,44.119499,0.));
#6888 = DIRECTION('',(-1.,0.,0.));
#6889 = DIRECTION('',(0.,1.,0.));
#6890 = ADVANCED_FACE('',(#6891),#6902,.F.);
#6891 = FACE_BOUND('',#6892,.F.);
#6892 = EDGE_LOOP('',(#6893,#6894,#6900,#6901));
#6893 = ORIENTED_EDGE('',*,*,#1194,.F.);
#6894 = ORIENTED_EDGE('',*,*,#6895,.T.);
#6895 = EDGE_CURVE('',#1187,#3506,#6896,.T.);
#6896 = LINE('',#6897,#6898);
#6897 = CARTESIAN_POINT('',(186.948105,44.119499,0.));
#6898 = VECTOR('',#6899,1.);
#6899 = DIRECTION('',(0.,0.,1.));
#6900 = ORIENTED_EDGE('',*,*,#3515,.F.);
#6901 = ORIENTED_EDGE('',*,*,#6878,.F.);
#6902 = PLANE('',#6903);
#6903 = AXIS2_PLACEMENT_3D('',#6904,#6905,#6906);
#6904 = CARTESIAN_POINT('',(186.948105,44.119499,0.));
#6905 = DIRECTION('',(0.,-1.,0.));
#6906 = DIRECTION('',(-1.,0.,0.));
#6907 = ADVANCED_FACE('',(#6908),#6914,.F.);
#6908 = FACE_BOUND('',#6909,.F.);
#6909 = EDGE_LOOP('',(#6910,#6911,#6912,#6913));
#6910 = ORIENTED_EDGE('',*,*,#1186,.F.);
#6911 = ORIENTED_EDGE('',*,*,#6863,.T.);
#6912 = ORIENTED_EDGE('',*,*,#3505,.F.);
#6913 = ORIENTED_EDGE('',*,*,#6895,.F.);
#6914 = PLANE('',#6915);
#6915 = AXIS2_PLACEMENT_3D('',#6916,#6917,#6918);
#6916 = CARTESIAN_POINT('',(186.948105,58.128384,0.));
#6917 = DIRECTION('',(1.,0.,0.));
#6918 = DIRECTION('',(0.,-1.,0.));
#6919 = ADVANCED_FACE('',(#6920),#6936,.F.);
#6920 = FACE_BOUND('',#6921,.F.);
#6921 = EDGE_LOOP('',(#6922,#6923,#6929,#6930));
#6922 = ORIENTED_EDGE('',*,*,#1210,.F.);
#6923 = ORIENTED_EDGE('',*,*,#6924,.T.);
#6924 = EDGE_CURVE('',#1211,#3558,#6925,.T.);
#6925 = LINE('',#6926,#6927);
#6926 = CARTESIAN_POINT('',(191.873184,58.034641,0.));
#6927 = VECTOR('',#6928,1.);
#6928 = DIRECTION('',(0.,0.,1.));
#6929 = ORIENTED_EDGE('',*,*,#3565,.F.);
#6930 = ORIENTED_EDGE('',*,*,#6931,.F.);
#6931 = EDGE_CURVE('',#1213,#3542,#6932,.T.);
#6932 = LINE('',#6933,#6934);
#6933 = CARTESIAN_POINT('',(205.83255,58.034641,0.));
#6934 = VECTOR('',#6935,1.);
#6935 = DIRECTION('',(0.,0.,1.));
#6936 = PLANE('',#6937);
#6937 = AXIS2_PLACEMENT_3D('',#6938,#6939,#6940);
#6938 = CARTESIAN_POINT('',(191.873184,58.034641,0.));
#6939 = DIRECTION('',(0.,1.,0.));
#6940 = DIRECTION('',(1.,0.,0.));
#6941 = ADVANCED_FACE('',(#6942),#6953,.F.);
#6942 = FACE_BOUND('',#6943,.F.);
#6943 = EDGE_LOOP('',(#6944,#6945,#6951,#6952));
#6944 = ORIENTED_EDGE('',*,*,#1236,.F.);
#6945 = ORIENTED_EDGE('',*,*,#6946,.T.);
#6946 = EDGE_CURVE('',#1229,#3550,#6947,.T.);
#6947 = LINE('',#6948,#6949);
#6948 = CARTESIAN_POINT('',(191.873184,44.075291,0.));
#6949 = VECTOR('',#6950,1.);
#6950 = DIRECTION('',(0.,0.,1.));
#6951 = ORIENTED_EDGE('',*,*,#3557,.F.);
#6952 = ORIENTED_EDGE('',*,*,#6924,.F.);
#6953 = PLANE('',#6954);
#6954 = AXIS2_PLACEMENT_3D('',#6955,#6956,#6957);
#6955 = CARTESIAN_POINT('',(191.873184,44.075291,0.));
#6956 = DIRECTION('',(-1.,0.,0.));
#6957 = DIRECTION('',(0.,1.,0.));
#6958 = ADVANCED_FACE('',(#6959),#6970,.F.);
#6959 = FACE_BOUND('',#6960,.F.);
#6960 = EDGE_LOOP('',(#6961,#6962,#6968,#6969));
#6961 = ORIENTED_EDGE('',*,*,#1228,.F.);
#6962 = ORIENTED_EDGE('',*,*,#6963,.T.);
#6963 = EDGE_CURVE('',#1221,#3540,#6964,.T.);
#6964 = LINE('',#6965,#6966);
#6965 = CARTESIAN_POINT('',(205.83255,44.075291,0.));
#6966 = VECTOR('',#6967,1.);
#6967 = DIRECTION('',(0.,0.,1.));
#6968 = ORIENTED_EDGE('',*,*,#3549,.F.);
#6969 = ORIENTED_EDGE('',*,*,#6946,.F.);
#6970 = PLANE('',#6971);
#6971 = AXIS2_PLACEMENT_3D('',#6972,#6973,#6974);
#6972 = CARTESIAN_POINT('',(205.83255,44.075291,0.));
#6973 = DIRECTION('',(0.,-1.,0.));
#6974 = DIRECTION('',(-1.,0.,0.));
#6975 = ADVANCED_FACE('',(#6976),#6982,.F.);
#6976 = FACE_BOUND('',#6977,.F.);
#6977 = EDGE_LOOP('',(#6978,#6979,#6980,#6981));
#6978 = ORIENTED_EDGE('',*,*,#1220,.F.);
#6979 = ORIENTED_EDGE('',*,*,#6931,.T.);
#6980 = ORIENTED_EDGE('',*,*,#3539,.F.);
#6981 = ORIENTED_EDGE('',*,*,#6963,.F.);
#6982 = PLANE('',#6983);
#6983 = AXIS2_PLACEMENT_3D('',#6984,#6985,#6986);
#6984 = CARTESIAN_POINT('',(205.83255,58.034641,0.));
#6985 = DIRECTION('',(1.,0.,0.));
#6986 = DIRECTION('',(0.,-1.,0.));
#6987 = ADVANCED_FACE('',(#6988),#7004,.F.);
#6988 = FACE_BOUND('',#6989,.F.);
#6989 = EDGE_LOOP('',(#6990,#6991,#6997,#6998));
#6990 = ORIENTED_EDGE('',*,*,#1244,.F.);
#6991 = ORIENTED_EDGE('',*,*,#6992,.T.);
#6992 = EDGE_CURVE('',#1245,#3592,#6993,.T.);
#6993 = LINE('',#6994,#6995);
#6994 = CARTESIAN_POINT('',(210.786163,58.13707,0.));
#6995 = VECTOR('',#6996,1.);
#6996 = DIRECTION('',(0.,0.,1.));
#6997 = ORIENTED_EDGE('',*,*,#3599,.F.);
#6998 = ORIENTED_EDGE('',*,*,#6999,.F.);
#6999 = EDGE_CURVE('',#1247,#3576,#7000,.T.);
#7000 = LINE('',#7001,#7002);
#7001 = CARTESIAN_POINT('',(224.895798,58.13707,0.));
#7002 = VECTOR('',#7003,1.);
#7003 = DIRECTION('',(0.,0.,1.));
#7004 = PLANE('',#7005);
#7005 = AXIS2_PLACEMENT_3D('',#7006,#7007,#7008);
#7006 = CARTESIAN_POINT('',(210.786163,58.13707,0.));
#7007 = DIRECTION('',(0.,1.,0.));
#7008 = DIRECTION('',(1.,0.,0.));
#7009 = ADVANCED_FACE('',(#7010),#7021,.F.);
#7010 = FACE_BOUND('',#7011,.F.);
#7011 = EDGE_LOOP('',(#7012,#7013,#7019,#7020));
#7012 = ORIENTED_EDGE('',*,*,#1270,.F.);
#7013 = ORIENTED_EDGE('',*,*,#7014,.T.);
#7014 = EDGE_CURVE('',#1263,#3584,#7015,.T.);
#7015 = LINE('',#7016,#7017);
#7016 = CARTESIAN_POINT('',(210.786163,44.102898,0.));
#7017 = VECTOR('',#7018,1.);
#7018 = DIRECTION('',(0.,0.,1.));
#7019 = ORIENTED_EDGE('',*,*,#3591,.F.);
#7020 = ORIENTED_EDGE('',*,*,#6992,.F.);
#7021 = PLANE('',#7022);
#7022 = AXIS2_PLACEMENT_3D('',#7023,#7024,#7025);
#7023 = CARTESIAN_POINT('',(210.786163,44.102898,0.));
#7024 = DIRECTION('',(-1.,0.,0.));
#7025 = DIRECTION('',(0.,1.,0.));
#7026 = ADVANCED_FACE('',(#7027),#7038,.F.);
#7027 = FACE_BOUND('',#7028,.F.);
#7028 = EDGE_LOOP('',(#7029,#7030,#7036,#7037));
#7029 = ORIENTED_EDGE('',*,*,#1262,.F.);
#7030 = ORIENTED_EDGE('',*,*,#7031,.T.);
#7031 = EDGE_CURVE('',#1255,#3574,#7032,.T.);
#7032 = LINE('',#7033,#7034);
#7033 = CARTESIAN_POINT('',(224.895798,44.102898,0.));
#7034 = VECTOR('',#7035,1.);
#7035 = DIRECTION('',(0.,0.,1.));
#7036 = ORIENTED_EDGE('',*,*,#3583,.F.);
#7037 = ORIENTED_EDGE('',*,*,#7014,.F.);
#7038 = PLANE('',#7039);
#7039 = AXIS2_PLACEMENT_3D('',#7040,#7041,#7042);
#7040 = CARTESIAN_POINT('',(224.895798,44.102898,0.));
#7041 = DIRECTION('',(0.,-1.,0.));
#7042 = DIRECTION('',(-1.,0.,0.));
#7043 = ADVANCED_FACE('',(#7044),#7050,.F.);
#7044 = FACE_BOUND('',#7045,.F.);
#7045 = EDGE_LOOP('',(#7046,#7047,#7048,#7049));
#7046 = ORIENTED_EDGE('',*,*,#1254,.F.);
#7047 = ORIENTED_EDGE('',*,*,#6999,.T.);
#7048 = ORIENTED_EDGE('',*,*,#3573,.F.);
#7049 = ORIENTED_EDGE('',*,*,#7031,.F.);
#7050 = PLANE('',#7051);
#7051 = AXIS2_PLACEMENT_3D('',#7052,#7053,#7054);
#7052 = CARTESIAN_POINT('',(224.895798,58.13707,0.));
#7053 = DIRECTION('',(1.,0.,0.));
#7054 = DIRECTION('',(0.,-1.,0.));
#7055 = ADVANCED_FACE('',(#7056),#7072,.F.);
#7056 = FACE_BOUND('',#7057,.F.);
#7057 = EDGE_LOOP('',(#7058,#7059,#7065,#7066));
#7058 = ORIENTED_EDGE('',*,*,#1278,.F.);
#7059 = ORIENTED_EDGE('',*,*,#7060,.T.);
#7060 = EDGE_CURVE('',#1279,#3626,#7061,.T.);
#7061 = LINE('',#7062,#7063);
#7062 = CARTESIAN_POINT('',(239.347504,39.166824,0.));
#7063 = VECTOR('',#7064,1.);
#7064 = DIRECTION('',(0.,0.,1.));
#7065 = ORIENTED_EDGE('',*,*,#3633,.F.);
#7066 = ORIENTED_EDGE('',*,*,#7067,.F.);
#7067 = EDGE_CURVE('',#1281,#3610,#7068,.T.);
#7068 = LINE('',#7069,#7070);
#7069 = CARTESIAN_POINT('',(253.521606,39.166824,0.));
#7070 = VECTOR('',#7071,1.);
#7071 = DIRECTION('',(0.,0.,1.));
#7072 = PLANE('',#7073);
#7073 = AXIS2_PLACEMENT_3D('',#7074,#7075,#7076);
#7074 = CARTESIAN_POINT('',(239.347504,39.166824,0.));
#7075 = DIRECTION('',(0.,1.,0.));
#7076 = DIRECTION('',(1.,0.,0.));
#7077 = ADVANCED_FACE('',(#7078),#7089,.F.);
#7078 = FACE_BOUND('',#7079,.F.);
#7079 = EDGE_LOOP('',(#7080,#7081,#7087,#7088));
#7080 = ORIENTED_EDGE('',*,*,#1304,.F.);
#7081 = ORIENTED_EDGE('',*,*,#7082,.T.);
#7082 = EDGE_CURVE('',#1297,#3618,#7083,.T.);
#7083 = LINE('',#7084,#7085);
#7084 = CARTESIAN_POINT('',(239.347504,25.188343,0.));
#7085 = VECTOR('',#7086,1.);
#7086 = DIRECTION('',(0.,0.,1.));
#7087 = ORIENTED_EDGE('',*,*,#3625,.F.);
#7088 = ORIENTED_EDGE('',*,*,#7060,.F.);
#7089 = PLANE('',#7090);
#7090 = AXIS2_PLACEMENT_3D('',#7091,#7092,#7093);
#7091 = CARTESIAN_POINT('',(239.347504,25.188343,0.));
#7092 = DIRECTION('',(-1.,0.,0.));
#7093 = DIRECTION('',(0.,1.,0.));
#7094 = ADVANCED_FACE('',(#7095),#7106,.F.);
#7095 = FACE_BOUND('',#7096,.F.);
#7096 = EDGE_LOOP('',(#7097,#7098,#7104,#7105));
#7097 = ORIENTED_EDGE('',*,*,#1296,.F.);
#7098 = ORIENTED_EDGE('',*,*,#7099,.T.);
#7099 = EDGE_CURVE('',#1289,#3608,#7100,.T.);
#7100 = LINE('',#7101,#7102);
#7101 = CARTESIAN_POINT('',(253.521606,25.188343,0.));
#7102 = VECTOR('',#7103,1.);
#7103 = DIRECTION('',(0.,0.,1.));
#7104 = ORIENTED_EDGE('',*,*,#3617,.F.);
#7105 = ORIENTED_EDGE('',*,*,#7082,.F.);
#7106 = PLANE('',#7107);
#7107 = AXIS2_PLACEMENT_3D('',#7108,#7109,#7110);
#7108 = CARTESIAN_POINT('',(253.521606,25.188343,0.));
#7109 = DIRECTION('',(0.,-1.,0.));
#7110 = DIRECTION('',(-1.,0.,0.));
#7111 = ADVANCED_FACE('',(#7112),#7118,.F.);
#7112 = FACE_BOUND('',#7113,.F.);
#7113 = EDGE_LOOP('',(#7114,#7115,#7116,#7117));
#7114 = ORIENTED_EDGE('',*,*,#1288,.F.);
#7115 = ORIENTED_EDGE('',*,*,#7067,.T.);
#7116 = ORIENTED_EDGE('',*,*,#3607,.F.);
#7117 = ORIENTED_EDGE('',*,*,#7099,.F.);
#7118 = PLANE('',#7119);
#7119 = AXIS2_PLACEMENT_3D('',#7120,#7121,#7122);
#7120 = CARTESIAN_POINT('',(253.521606,39.166824,0.));
#7121 = DIRECTION('',(1.,0.,0.));
#7122 = DIRECTION('',(0.,-1.,0.));
#7123 = ADVANCED_FACE('',(#7124),#7140,.F.);
#7124 = FACE_BOUND('',#7125,.F.);
#7125 = EDGE_LOOP('',(#7126,#7127,#7133,#7134));
#7126 = ORIENTED_EDGE('',*,*,#1312,.F.);
#7127 = ORIENTED_EDGE('',*,*,#7128,.T.);
#7128 = EDGE_CURVE('',#1313,#3660,#7129,.T.);
#7129 = LINE('',#7130,#7131);
#7130 = CARTESIAN_POINT('',(265.314789,39.066174,0.));
#7131 = VECTOR('',#7132,1.);
#7132 = DIRECTION('',(0.,0.,1.));
#7133 = ORIENTED_EDGE('',*,*,#3667,.F.);
#7134 = ORIENTED_EDGE('',*,*,#7135,.F.);
#7135 = EDGE_CURVE('',#1315,#3644,#7136,.T.);
#7136 = LINE('',#7137,#7138);
#7137 = CARTESIAN_POINT('',(279.507111,39.066174,0.));
#7138 = VECTOR('',#7139,1.);
#7139 = DIRECTION('',(0.,0.,1.));
#7140 = PLANE('',#7141);
#7141 = AXIS2_PLACEMENT_3D('',#7142,#7143,#7144);
#7142 = CARTESIAN_POINT('',(265.314789,39.066174,0.));
#7143 = DIRECTION('',(0.,1.,0.));
#7144 = DIRECTION('',(1.,0.,0.));
#7145 = ADVANCED_FACE('',(#7146),#7157,.F.);
#7146 = FACE_BOUND('',#7147,.F.);
#7147 = EDGE_LOOP('',(#7148,#7149,#7155,#7156));
#7148 = ORIENTED_EDGE('',*,*,#1338,.F.);
#7149 = ORIENTED_EDGE('',*,*,#7150,.T.);
#7150 = EDGE_CURVE('',#1331,#3652,#7151,.T.);
#7151 = LINE('',#7152,#7153);
#7152 = CARTESIAN_POINT('',(265.314789,25.242496,0.));
#7153 = VECTOR('',#7154,1.);
#7154 = DIRECTION('',(0.,0.,1.));
#7155 = ORIENTED_EDGE('',*,*,#3659,.F.);
#7156 = ORIENTED_EDGE('',*,*,#7128,.F.);
#7157 = PLANE('',#7158);
#7158 = AXIS2_PLACEMENT_3D('',#7159,#7160,#7161);
#7159 = CARTESIAN_POINT('',(265.314789,25.242496,0.));
#7160 = DIRECTION('',(-1.,0.,0.));
#7161 = DIRECTION('',(0.,1.,0.));
#7162 = ADVANCED_FACE('',(#7163),#7174,.F.);
#7163 = FACE_BOUND('',#7164,.F.);
#7164 = EDGE_LOOP('',(#7165,#7166,#7167,#7168));
#7165 = ORIENTED_EDGE('',*,*,#1322,.F.);
#7166 = ORIENTED_EDGE('',*,*,#7135,.T.);
#7167 = ORIENTED_EDGE('',*,*,#3641,.F.);
#7168 = ORIENTED_EDGE('',*,*,#7169,.F.);
#7169 = EDGE_CURVE('',#1323,#3642,#7170,.T.);
#7170 = LINE('',#7171,#7172);
#7171 = CARTESIAN_POINT('',(279.507111,25.242496,0.));
#7172 = VECTOR('',#7173,1.);
#7173 = DIRECTION('',(0.,0.,1.));
#7174 = PLANE('',#7175);
#7175 = AXIS2_PLACEMENT_3D('',#7176,#7177,#7178);
#7176 = CARTESIAN_POINT('',(279.507111,39.066174,0.));
#7177 = DIRECTION('',(1.,0.,0.));
#7178 = DIRECTION('',(0.,-1.,0.));
#7179 = ADVANCED_FACE('',(#7180),#7186,.F.);
#7180 = FACE_BOUND('',#7181,.F.);
#7181 = EDGE_LOOP('',(#7182,#7183,#7184,#7185));
#7182 = ORIENTED_EDGE('',*,*,#1330,.F.);
#7183 = ORIENTED_EDGE('',*,*,#7169,.T.);
#7184 = ORIENTED_EDGE('',*,*,#3651,.F.);
#7185 = ORIENTED_EDGE('',*,*,#7150,.F.);
#7186 = PLANE('',#7187);
#7187 = AXIS2_PLACEMENT_3D('',#7188,#7189,#7190);
#7188 = CARTESIAN_POINT('',(279.507111,25.242496,0.));
#7189 = DIRECTION('',(0.,-1.,0.));
#7190 = DIRECTION('',(-1.,0.,0.));
#7191 = ADVANCED_FACE('',(#7192),#7208,.F.);
#7192 = FACE_BOUND('',#7193,.F.);
#7193 = EDGE_LOOP('',(#7194,#7195,#7201,#7202));
#7194 = ORIENTED_EDGE('',*,*,#1346,.F.);
#7195 = ORIENTED_EDGE('',*,*,#7196,.T.);
#7196 = EDGE_CURVE('',#1347,#3694,#7197,.T.);
#7197 = LINE('',#7198,#7199);
#7198 = CARTESIAN_POINT('',(229.800217,58.094742,0.));
#7199 = VECTOR('',#7200,1.);
#7200 = DIRECTION('',(0.,0.,1.));
#7201 = ORIENTED_EDGE('',*,*,#3701,.F.);
#7202 = ORIENTED_EDGE('',*,*,#7203,.F.);
#7203 = EDGE_CURVE('',#1349,#3678,#7204,.T.);
#7204 = LINE('',#7205,#7206);
#7205 = CARTESIAN_POINT('',(243.806763,58.094742,0.));
#7206 = VECTOR('',#7207,1.);
#7207 = DIRECTION('',(0.,0.,1.));
#7208 = PLANE('',#7209);
#7209 = AXIS2_PLACEMENT_3D('',#7210,#7211,#7212);
#7210 = CARTESIAN_POINT('',(229.800217,58.094742,0.));
#7211 = DIRECTION('',(0.,1.,0.));
#7212 = DIRECTION('',(1.,0.,0.));
#7213 = ADVANCED_FACE('',(#7214),#7225,.F.);
#7214 = FACE_BOUND('',#7215,.F.);
#7215 = EDGE_LOOP('',(#7216,#7217,#7223,#7224));
#7216 = ORIENTED_EDGE('',*,*,#1372,.F.);
#7217 = ORIENTED_EDGE('',*,*,#7218,.T.);
#7218 = EDGE_CURVE('',#1365,#3686,#7219,.T.);
#7219 = LINE('',#7220,#7221);
#7220 = CARTESIAN_POINT('',(229.800217,44.10289,0.));
#7221 = VECTOR('',#7222,1.);
#7222 = DIRECTION('',(0.,0.,1.));
#7223 = ORIENTED_EDGE('',*,*,#3693,.F.);
#7224 = ORIENTED_EDGE('',*,*,#7196,.F.);
#7225 = PLANE('',#7226);
#7226 = AXIS2_PLACEMENT_3D('',#7227,#7228,#7229);
#7227 = CARTESIAN_POINT('',(229.800217,44.10289,0.));
#7228 = DIRECTION('',(-1.,0.,0.));
#7229 = DIRECTION('',(0.,1.,0.));
#7230 = ADVANCED_FACE('',(#7231),#7242,.F.);
#7231 = FACE_BOUND('',#7232,.F.);
#7232 = EDGE_LOOP('',(#7233,#7234,#7240,#7241));
#7233 = ORIENTED_EDGE('',*,*,#1364,.F.);
#7234 = ORIENTED_EDGE('',*,*,#7235,.T.);
#7235 = EDGE_CURVE('',#1357,#3676,#7236,.T.);
#7236 = LINE('',#7237,#7238);
#7237 = CARTESIAN_POINT('',(243.806763,44.10289,0.));
#7238 = VECTOR('',#7239,1.);
#7239 = DIRECTION('',(0.,0.,1.));
#7240 = ORIENTED_EDGE('',*,*,#3685,.F.);
#7241 = ORIENTED_EDGE('',*,*,#7218,.F.);
#7242 = PLANE('',#7243);
#7243 = AXIS2_PLACEMENT_3D('',#7244,#7245,#7246);
#7244 = CARTESIAN_POINT('',(243.806763,44.10289,0.));
#7245 = DIRECTION('',(0.,-1.,0.));
#7246 = DIRECTION('',(-1.,0.,0.));
#7247 = ADVANCED_FACE('',(#7248),#7254,.F.);
#7248 = FACE_BOUND('',#7249,.F.);
#7249 = EDGE_LOOP('',(#7250,#7251,#7252,#7253));
#7250 = ORIENTED_EDGE('',*,*,#1356,.F.);
#7251 = ORIENTED_EDGE('',*,*,#7203,.T.);
#7252 = ORIENTED_EDGE('',*,*,#3675,.F.);
#7253 = ORIENTED_EDGE('',*,*,#7235,.F.);
#7254 = PLANE('',#7255);
#7255 = AXIS2_PLACEMENT_3D('',#7256,#7257,#7258);
#7256 = CARTESIAN_POINT('',(243.806763,58.094742,0.));
#7257 = DIRECTION('',(1.,0.,0.));
#7258 = DIRECTION('',(0.,-1.,0.));
#7259 = ADVANCED_FACE('',(#7260),#7276,.F.);
#7260 = FACE_BOUND('',#7261,.F.);
#7261 = EDGE_LOOP('',(#7262,#7263,#7269,#7270));
#7262 = ORIENTED_EDGE('',*,*,#1380,.F.);
#7263 = ORIENTED_EDGE('',*,*,#7264,.T.);
#7264 = EDGE_CURVE('',#1381,#3728,#7265,.T.);
#7265 = LINE('',#7266,#7267);
#7266 = CARTESIAN_POINT('',(253.553192,58.055431,0.));
#7267 = VECTOR('',#7268,1.);
#7268 = DIRECTION('',(0.,0.,1.));
#7269 = ORIENTED_EDGE('',*,*,#3735,.F.);
#7270 = ORIENTED_EDGE('',*,*,#7271,.F.);
#7271 = EDGE_CURVE('',#1383,#3712,#7272,.T.);
#7272 = LINE('',#7273,#7274);
#7273 = CARTESIAN_POINT('',(267.874603,58.055431,0.));
#7274 = VECTOR('',#7275,1.);
#7275 = DIRECTION('',(0.,0.,1.));
#7276 = PLANE('',#7277);
#7277 = AXIS2_PLACEMENT_3D('',#7278,#7279,#7280);
#7278 = CARTESIAN_POINT('',(253.553192,58.055431,0.));
#7279 = DIRECTION('',(0.,1.,0.));
#7280 = DIRECTION('',(1.,0.,0.));
#7281 = ADVANCED_FACE('',(#7282),#7293,.F.);
#7282 = FACE_BOUND('',#7283,.F.);
#7283 = EDGE_LOOP('',(#7284,#7285,#7291,#7292));
#7284 = ORIENTED_EDGE('',*,*,#1406,.F.);
#7285 = ORIENTED_EDGE('',*,*,#7286,.T.);
#7286 = EDGE_CURVE('',#1399,#3720,#7287,.T.);
#7287 = LINE('',#7288,#7289);
#7288 = CARTESIAN_POINT('',(253.553192,43.976906,0.));
#7289 = VECTOR('',#7290,1.);
#7290 = DIRECTION('',(0.,0.,1.));
#7291 = ORIENTED_EDGE('',*,*,#3727,.F.);
#7292 = ORIENTED_EDGE('',*,*,#7264,.F.);
#7293 = PLANE('',#7294);
#7294 = AXIS2_PLACEMENT_3D('',#7295,#7296,#7297);
#7295 = CARTESIAN_POINT('',(253.553192,43.976906,0.));
#7296 = DIRECTION('',(-1.,0.,0.));
#7297 = DIRECTION('',(0.,1.,0.));
#7298 = ADVANCED_FACE('',(#7299),#7310,.F.);
#7299 = FACE_BOUND('',#7300,.F.);
#7300 = EDGE_LOOP('',(#7301,#7302,#7303,#7304));
#7301 = ORIENTED_EDGE('',*,*,#1390,.F.);
#7302 = ORIENTED_EDGE('',*,*,#7271,.T.);
#7303 = ORIENTED_EDGE('',*,*,#3709,.F.);
#7304 = ORIENTED_EDGE('',*,*,#7305,.F.);
#7305 = EDGE_CURVE('',#1391,#3710,#7306,.T.);
#7306 = LINE('',#7307,#7308);
#7307 = CARTESIAN_POINT('',(267.874603,43.976906,0.));
#7308 = VECTOR('',#7309,1.);
#7309 = DIRECTION('',(0.,0.,1.));
#7310 = PLANE('',#7311);
#7311 = AXIS2_PLACEMENT_3D('',#7312,#7313,#7314);
#7312 = CARTESIAN_POINT('',(267.874603,58.055431,0.));
#7313 = DIRECTION('',(1.,0.,0.));
#7314 = DIRECTION('',(0.,-1.,0.));
#7315 = ADVANCED_FACE('',(#7316),#7322,.F.);
#7316 = FACE_BOUND('',#7317,.F.);
#7317 = EDGE_LOOP('',(#7318,#7319,#7320,#7321));
#7318 = ORIENTED_EDGE('',*,*,#1398,.F.);
#7319 = ORIENTED_EDGE('',*,*,#7305,.T.);
#7320 = ORIENTED_EDGE('',*,*,#3719,.F.);
#7321 = ORIENTED_EDGE('',*,*,#7286,.F.);
#7322 = PLANE('',#7323);
#7323 = AXIS2_PLACEMENT_3D('',#7324,#7325,#7326);
#7324 = CARTESIAN_POINT('',(267.874603,43.976906,0.));
#7325 = DIRECTION('',(0.,-1.,0.));
#7326 = DIRECTION('',(-1.,0.,0.));
#7327 = ADVANCED_FACE('',(#7328),#7344,.F.);
#7328 = FACE_BOUND('',#7329,.F.);
#7329 = EDGE_LOOP('',(#7330,#7331,#7337,#7338));
#7330 = ORIENTED_EDGE('',*,*,#1414,.F.);
#7331 = ORIENTED_EDGE('',*,*,#7332,.T.);
#7332 = EDGE_CURVE('',#1415,#3762,#7333,.T.);
#7333 = LINE('',#7334,#7335);
#7334 = CARTESIAN_POINT('',(281.698273,55.659321,0.));
#7335 = VECTOR('',#7336,1.);
#7336 = DIRECTION('',(0.,0.,1.));
#7337 = ORIENTED_EDGE('',*,*,#3769,.F.);
#7338 = ORIENTED_EDGE('',*,*,#7339,.F.);
#7339 = EDGE_CURVE('',#1417,#3746,#7340,.T.);
#7340 = LINE('',#7341,#7342);
#7341 = CARTESIAN_POINT('',(295.982758,55.659321,0.));
#7342 = VECTOR('',#7343,1.);
#7343 = DIRECTION('',(0.,0.,1.));
#7344 = PLANE('',#7345);
#7345 = AXIS2_PLACEMENT_3D('',#7346,#7347,#7348);
#7346 = CARTESIAN_POINT('',(281.698273,55.659321,0.));
#7347 = DIRECTION('',(0.,1.,0.));
#7348 = DIRECTION('',(1.,0.,0.));
#7349 = ADVANCED_FACE('',(#7350),#7361,.F.);
#7350 = FACE_BOUND('',#7351,.F.);
#7351 = EDGE_LOOP('',(#7352,#7353,#7359,#7360));
#7352 = ORIENTED_EDGE('',*,*,#1440,.F.);
#7353 = ORIENTED_EDGE('',*,*,#7354,.T.);
#7354 = EDGE_CURVE('',#1433,#3754,#7355,.T.);
#7355 = LINE('',#7356,#7357);
#7356 = CARTESIAN_POINT('',(281.698273,41.559174,0.));
#7357 = VECTOR('',#7358,1.);
#7358 = DIRECTION('',(0.,0.,1.));
#7359 = ORIENTED_EDGE('',*,*,#3761,.F.);
#7360 = ORIENTED_EDGE('',*,*,#7332,.F.);
#7361 = PLANE('',#7362);
#7362 = AXIS2_PLACEMENT_3D('',#7363,#7364,#7365);
#7363 = CARTESIAN_POINT('',(281.698273,41.559174,0.));
#7364 = DIRECTION('',(-1.,0.,0.));
#7365 = DIRECTION('',(0.,1.,0.));
#7366 = ADVANCED_FACE('',(#7367),#7378,.F.);
#7367 = FACE_BOUND('',#7368,.F.);
#7368 = EDGE_LOOP('',(#7369,#7370,#7371,#7372));
#7369 = ORIENTED_EDGE('',*,*,#1424,.F.);
#7370 = ORIENTED_EDGE('',*,*,#7339,.T.);
#7371 = ORIENTED_EDGE('',*,*,#3743,.F.);
#7372 = ORIENTED_EDGE('',*,*,#7373,.F.);
#7373 = EDGE_CURVE('',#1425,#3744,#7374,.T.);
#7374 = LINE('',#7375,#7376);
#7375 = CARTESIAN_POINT('',(295.982758,41.559174,0.));
#7376 = VECTOR('',#7377,1.);
#7377 = DIRECTION('',(0.,0.,1.));
#7378 = PLANE('',#7379);
#7379 = AXIS2_PLACEMENT_3D('',#7380,#7381,#7382);
#7380 = CARTESIAN_POINT('',(295.982758,55.659321,0.));
#7381 = DIRECTION('',(1.,0.,0.));
#7382 = DIRECTION('',(0.,-1.,0.));
#7383 = ADVANCED_FACE('',(#7384),#7390,.F.);
#7384 = FACE_BOUND('',#7385,.F.);
#7385 = EDGE_LOOP('',(#7386,#7387,#7388,#7389));
#7386 = ORIENTED_EDGE('',*,*,#1432,.F.);
#7387 = ORIENTED_EDGE('',*,*,#7373,.T.);
#7388 = ORIENTED_EDGE('',*,*,#3753,.F.);
#7389 = ORIENTED_EDGE('',*,*,#7354,.F.);
#7390 = PLANE('',#7391);
#7391 = AXIS2_PLACEMENT_3D('',#7392,#7393,#7394);
#7392 = CARTESIAN_POINT('',(295.982758,41.559174,0.));
#7393 = DIRECTION('',(0.,-1.,0.));
#7394 = DIRECTION('',(-1.,0.,0.));
#7395 = ADVANCED_FACE('',(#7396),#7412,.F.);
#7396 = FACE_BOUND('',#7397,.F.);
#7397 = EDGE_LOOP('',(#7398,#7399,#7405,#7406));
#7398 = ORIENTED_EDGE('',*,*,#1448,.F.);
#7399 = ORIENTED_EDGE('',*,*,#7400,.T.);
#7400 = EDGE_CURVE('',#1449,#3796,#7401,.T.);
#7401 = LINE('',#7402,#7403);
#7402 = CARTESIAN_POINT('',(10.578156,77.184532,0.));
#7403 = VECTOR('',#7404,1.);
#7404 = DIRECTION('',(0.,0.,1.));
#7405 = ORIENTED_EDGE('',*,*,#3803,.F.);
#7406 = ORIENTED_EDGE('',*,*,#7407,.F.);
#7407 = EDGE_CURVE('',#1451,#3780,#7408,.T.);
#7408 = LINE('',#7409,#7410);
#7409 = CARTESIAN_POINT('',(24.601149,77.184532,0.));
#7410 = VECTOR('',#7411,1.);
#7411 = DIRECTION('',(0.,0.,1.));
#7412 = PLANE('',#7413);
#7413 = AXIS2_PLACEMENT_3D('',#7414,#7415,#7416);
#7414 = CARTESIAN_POINT('',(10.578156,77.184532,0.));
#7415 = DIRECTION('',(0.,1.,0.));
#7416 = DIRECTION('',(1.,0.,0.));
#7417 = ADVANCED_FACE('',(#7418),#7429,.F.);
#7418 = FACE_BOUND('',#7419,.F.);
#7419 = EDGE_LOOP('',(#7420,#7421,#7427,#7428));
#7420 = ORIENTED_EDGE('',*,*,#1474,.F.);
#7421 = ORIENTED_EDGE('',*,*,#7422,.T.);
#7422 = EDGE_CURVE('',#1467,#3788,#7423,.T.);
#7423 = LINE('',#7424,#7425);
#7424 = CARTESIAN_POINT('',(10.578156,63.22332,0.));
#7425 = VECTOR('',#7426,1.);
#7426 = DIRECTION('',(0.,0.,1.));
#7427 = ORIENTED_EDGE('',*,*,#3795,.F.);
#7428 = ORIENTED_EDGE('',*,*,#7400,.F.);
#7429 = PLANE('',#7430);
#7430 = AXIS2_PLACEMENT_3D('',#7431,#7432,#7433);
#7431 = CARTESIAN_POINT('',(10.578156,63.22332,0.));
#7432 = DIRECTION('',(-1.,0.,0.));
#7433 = DIRECTION('',(0.,1.,0.));
#7434 = ADVANCED_FACE('',(#7435),#7446,.F.);
#7435 = FACE_BOUND('',#7436,.F.);
#7436 = EDGE_LOOP('',(#7437,#7438,#7439,#7440));
#7437 = ORIENTED_EDGE('',*,*,#1458,.F.);
#7438 = ORIENTED_EDGE('',*,*,#7407,.T.);
#7439 = ORIENTED_EDGE('',*,*,#3777,.F.);
#7440 = ORIENTED_EDGE('',*,*,#7441,.F.);
#7441 = EDGE_CURVE('',#1459,#3778,#7442,.T.);
#7442 = LINE('',#7443,#7444);
#7443 = CARTESIAN_POINT('',(24.601149,63.22332,0.));
#7444 = VECTOR('',#7445,1.);
#7445 = DIRECTION('',(0.,0.,1.));
#7446 = PLANE('',#7447);
#7447 = AXIS2_PLACEMENT_3D('',#7448,#7449,#7450);
#7448 = CARTESIAN_POINT('',(24.601149,77.184532,0.));
#7449 = DIRECTION('',(1.,0.,0.));
#7450 = DIRECTION('',(0.,-1.,0.));
#7451 = ADVANCED_FACE('',(#7452),#7458,.F.);
#7452 = FACE_BOUND('',#7453,.F.);
#7453 = EDGE_LOOP('',(#7454,#7455,#7456,#7457));
#7454 = ORIENTED_EDGE('',*,*,#1466,.F.);
#7455 = ORIENTED_EDGE('',*,*,#7441,.T.);
#7456 = ORIENTED_EDGE('',*,*,#3787,.F.);
#7457 = ORIENTED_EDGE('',*,*,#7422,.F.);
#7458 = PLANE('',#7459);
#7459 = AXIS2_PLACEMENT_3D('',#7460,#7461,#7462);
#7460 = CARTESIAN_POINT('',(24.601149,63.22332,0.));
#7461 = DIRECTION('',(0.,-1.,0.));
#7462 = DIRECTION('',(-1.,0.,0.));
#7463 = ADVANCED_FACE('',(#7464),#7480,.F.);
#7464 = FACE_BOUND('',#7465,.F.);
#7465 = EDGE_LOOP('',(#7466,#7467,#7473,#7474));
#7466 = ORIENTED_EDGE('',*,*,#1482,.F.);
#7467 = ORIENTED_EDGE('',*,*,#7468,.T.);
#7468 = EDGE_CURVE('',#1483,#3830,#7469,.T.);
#7469 = LINE('',#7470,#7471);
#7470 = CARTESIAN_POINT('',(34.176315,77.308075,0.));
#7471 = VECTOR('',#7472,1.);
#7472 = DIRECTION('',(0.,0.,1.));
#7473 = ORIENTED_EDGE('',*,*,#3837,.F.);
#7474 = ORIENTED_EDGE('',*,*,#7475,.F.);
#7475 = EDGE_CURVE('',#1485,#3814,#7476,.T.);
#7476 = LINE('',#7477,#7478);
#7477 = CARTESIAN_POINT('',(48.261086,77.308075,0.));
#7478 = VECTOR('',#7479,1.);
#7479 = DIRECTION('',(0.,0.,1.));
#7480 = PLANE('',#7481);
#7481 = AXIS2_PLACEMENT_3D('',#7482,#7483,#7484);
#7482 = CARTESIAN_POINT('',(34.176315,77.308075,0.));
#7483 = DIRECTION('',(0.,1.,0.));
#7484 = DIRECTION('',(1.,0.,0.));
#7485 = ADVANCED_FACE('',(#7486),#7497,.F.);
#7486 = FACE_BOUND('',#7487,.F.);
#7487 = EDGE_LOOP('',(#7488,#7489,#7495,#7496));
#7488 = ORIENTED_EDGE('',*,*,#1508,.F.);
#7489 = ORIENTED_EDGE('',*,*,#7490,.T.);
#7490 = EDGE_CURVE('',#1501,#3822,#7491,.T.);
#7491 = LINE('',#7492,#7493);
#7492 = CARTESIAN_POINT('',(34.176315,63.223312,0.));
#7493 = VECTOR('',#7494,1.);
#7494 = DIRECTION('',(0.,0.,1.));
#7495 = ORIENTED_EDGE('',*,*,#3829,.F.);
#7496 = ORIENTED_EDGE('',*,*,#7468,.F.);
#7497 = PLANE('',#7498);
#7498 = AXIS2_PLACEMENT_3D('',#7499,#7500,#7501);
#7499 = CARTESIAN_POINT('',(34.176315,63.223312,0.));
#7500 = DIRECTION('',(-1.,0.,0.));
#7501 = DIRECTION('',(0.,1.,0.));
#7502 = ADVANCED_FACE('',(#7503),#7514,.F.);
#7503 = FACE_BOUND('',#7504,.F.);
#7504 = EDGE_LOOP('',(#7505,#7506,#7507,#7508));
#7505 = ORIENTED_EDGE('',*,*,#1492,.F.);
#7506 = ORIENTED_EDGE('',*,*,#7475,.T.);
#7507 = ORIENTED_EDGE('',*,*,#3811,.F.);
#7508 = ORIENTED_EDGE('',*,*,#7509,.F.);
#7509 = EDGE_CURVE('',#1493,#3812,#7510,.T.);
#7510 = LINE('',#7511,#7512);
#7511 = CARTESIAN_POINT('',(48.261086,63.223312,0.));
#7512 = VECTOR('',#7513,1.);
#7513 = DIRECTION('',(0.,0.,1.));
#7514 = PLANE('',#7515);
#7515 = AXIS2_PLACEMENT_3D('',#7516,#7517,#7518);
#7516 = CARTESIAN_POINT('',(48.261086,77.308075,0.));
#7517 = DIRECTION('',(1.,0.,0.));
#7518 = DIRECTION('',(0.,-1.,0.));
#7519 = ADVANCED_FACE('',(#7520),#7526,.F.);
#7520 = FACE_BOUND('',#7521,.F.);
#7521 = EDGE_LOOP('',(#7522,#7523,#7524,#7525));
#7522 = ORIENTED_EDGE('',*,*,#1500,.F.);
#7523 = ORIENTED_EDGE('',*,*,#7509,.T.);
#7524 = ORIENTED_EDGE('',*,*,#3821,.F.);
#7525 = ORIENTED_EDGE('',*,*,#7490,.F.);
#7526 = PLANE('',#7527);
#7527 = AXIS2_PLACEMENT_3D('',#7528,#7529,#7530);
#7528 = CARTESIAN_POINT('',(48.261086,63.223312,0.));
#7529 = DIRECTION('',(0.,-1.,0.));
#7530 = DIRECTION('',(-1.,0.,0.));
#7531 = ADVANCED_FACE('',(#7532),#7548,.F.);
#7532 = FACE_BOUND('',#7533,.F.);
#7533 = EDGE_LOOP('',(#7534,#7535,#7541,#7542));
#7534 = ORIENTED_EDGE('',*,*,#1516,.F.);
#7535 = ORIENTED_EDGE('',*,*,#7536,.T.);
#7536 = EDGE_CURVE('',#1517,#3864,#7537,.T.);
#7537 = LINE('',#7538,#7539);
#7538 = CARTESIAN_POINT('',(53.698143,77.179237,0.));
#7539 = VECTOR('',#7540,1.);
#7540 = DIRECTION('',(0.,0.,1.));
#7541 = ORIENTED_EDGE('',*,*,#3871,.F.);
#7542 = ORIENTED_EDGE('',*,*,#7543,.F.);
#7543 = EDGE_CURVE('',#1519,#3848,#7544,.T.);
#7544 = LINE('',#7545,#7546);
#7545 = CARTESIAN_POINT('',(67.883217,77.179237,0.));
#7546 = VECTOR('',#7547,1.);
#7547 = DIRECTION('',(0.,0.,1.));
#7548 = PLANE('',#7549);
#7549 = AXIS2_PLACEMENT_3D('',#7550,#7551,#7552);
#7550 = CARTESIAN_POINT('',(53.698143,77.179237,0.));
#7551 = DIRECTION('',(0.,1.,0.));
#7552 = DIRECTION('',(1.,0.,0.));
#7553 = ADVANCED_FACE('',(#7554),#7565,.F.);
#7554 = FACE_BOUND('',#7555,.F.);
#7555 = EDGE_LOOP('',(#7556,#7557,#7563,#7564));
#7556 = ORIENTED_EDGE('',*,*,#1542,.F.);
#7557 = ORIENTED_EDGE('',*,*,#7558,.T.);
#7558 = EDGE_CURVE('',#1535,#3856,#7559,.T.);
#7559 = LINE('',#7560,#7561);
#7560 = CARTESIAN_POINT('',(53.698143,63.220528,0.));
#7561 = VECTOR('',#7562,1.);
#7562 = DIRECTION('',(0.,0.,1.));
#7563 = ORIENTED_EDGE('',*,*,#3863,.F.);
#7564 = ORIENTED_EDGE('',*,*,#7536,.F.);
#7565 = PLANE('',#7566);
#7566 = AXIS2_PLACEMENT_3D('',#7567,#7568,#7569);
#7567 = CARTESIAN_POINT('',(53.698143,63.220528,0.));
#7568 = DIRECTION('',(-1.,0.,0.));
#7569 = DIRECTION('',(0.,1.,0.));
#7570 = ADVANCED_FACE('',(#7571),#7582,.F.);
#7571 = FACE_BOUND('',#7572,.F.);
#7572 = EDGE_LOOP('',(#7573,#7574,#7575,#7576));
#7573 = ORIENTED_EDGE('',*,*,#1526,.F.);
#7574 = ORIENTED_EDGE('',*,*,#7543,.T.);
#7575 = ORIENTED_EDGE('',*,*,#3845,.F.);
#7576 = ORIENTED_EDGE('',*,*,#7577,.F.);
#7577 = EDGE_CURVE('',#1527,#3846,#7578,.T.);
#7578 = LINE('',#7579,#7580);
#7579 = CARTESIAN_POINT('',(67.883217,63.220528,0.));
#7580 = VECTOR('',#7581,1.);
#7581 = DIRECTION('',(0.,0.,1.));
#7582 = PLANE('',#7583);
#7583 = AXIS2_PLACEMENT_3D('',#7584,#7585,#7586);
#7584 = CARTESIAN_POINT('',(67.883217,77.179237,0.));
#7585 = DIRECTION('',(1.,0.,0.));
#7586 = DIRECTION('',(0.,-1.,0.));
#7587 = ADVANCED_FACE('',(#7588),#7594,.F.);
#7588 = FACE_BOUND('',#7589,.F.);
#7589 = EDGE_LOOP('',(#7590,#7591,#7592,#7593));
#7590 = ORIENTED_EDGE('',*,*,#1534,.F.);
#7591 = ORIENTED_EDGE('',*,*,#7577,.T.);
#7592 = ORIENTED_EDGE('',*,*,#3855,.F.);
#7593 = ORIENTED_EDGE('',*,*,#7558,.F.);
#7594 = PLANE('',#7595);
#7595 = AXIS2_PLACEMENT_3D('',#7596,#7597,#7598);
#7596 = CARTESIAN_POINT('',(67.883217,63.220528,0.));
#7597 = DIRECTION('',(0.,-1.,0.));
#7598 = DIRECTION('',(-1.,0.,0.));
#7599 = ADVANCED_FACE('',(#7600),#7616,.F.);
#7600 = FACE_BOUND('',#7601,.F.);
#7601 = EDGE_LOOP('',(#7602,#7603,#7609,#7610));
#7602 = ORIENTED_EDGE('',*,*,#1550,.F.);
#7603 = ORIENTED_EDGE('',*,*,#7604,.T.);
#7604 = EDGE_CURVE('',#1551,#3898,#7605,.T.);
#7605 = LINE('',#7606,#7607);
#7606 = CARTESIAN_POINT('',(72.969887,77.18502,0.));
#7607 = VECTOR('',#7608,1.);
#7608 = DIRECTION('',(0.,0.,1.));
#7609 = ORIENTED_EDGE('',*,*,#3905,.F.);
#7610 = ORIENTED_EDGE('',*,*,#7611,.F.);
#7611 = EDGE_CURVE('',#1553,#3882,#7612,.T.);
#7612 = LINE('',#7613,#7614);
#7613 = CARTESIAN_POINT('',(86.928612,77.18502,0.));
#7614 = VECTOR('',#7615,1.);
#7615 = DIRECTION('',(0.,0.,1.));
#7616 = PLANE('',#7617);
#7617 = AXIS2_PLACEMENT_3D('',#7618,#7619,#7620);
#7618 = CARTESIAN_POINT('',(72.969887,77.18502,0.));
#7619 = DIRECTION('',(0.,1.,0.));
#7620 = DIRECTION('',(1.,0.,0.));
#7621 = ADVANCED_FACE('',(#7622),#7633,.F.);
#7622 = FACE_BOUND('',#7623,.F.);
#7623 = EDGE_LOOP('',(#7624,#7625,#7631,#7632));
#7624 = ORIENTED_EDGE('',*,*,#1576,.F.);
#7625 = ORIENTED_EDGE('',*,*,#7626,.T.);
#7626 = EDGE_CURVE('',#1569,#3890,#7627,.T.);
#7627 = LINE('',#7628,#7629);
#7628 = CARTESIAN_POINT('',(72.969887,63.15086,0.));
#7629 = VECTOR('',#7630,1.);
#7630 = DIRECTION('',(0.,0.,1.));
#7631 = ORIENTED_EDGE('',*,*,#3897,.F.);
#7632 = ORIENTED_EDGE('',*,*,#7604,.F.);
#7633 = PLANE('',#7634);
#7634 = AXIS2_PLACEMENT_3D('',#7635,#7636,#7637);
#7635 = CARTESIAN_POINT('',(72.969887,63.15086,0.));
#7636 = DIRECTION('',(-1.,0.,0.));
#7637 = DIRECTION('',(0.,1.,0.));
#7638 = ADVANCED_FACE('',(#7639),#7650,.F.);
#7639 = FACE_BOUND('',#7640,.F.);
#7640 = EDGE_LOOP('',(#7641,#7642,#7643,#7644));
#7641 = ORIENTED_EDGE('',*,*,#1560,.F.);
#7642 = ORIENTED_EDGE('',*,*,#7611,.T.);
#7643 = ORIENTED_EDGE('',*,*,#3879,.F.);
#7644 = ORIENTED_EDGE('',*,*,#7645,.F.);
#7645 = EDGE_CURVE('',#1561,#3880,#7646,.T.);
#7646 = LINE('',#7647,#7648);
#7647 = CARTESIAN_POINT('',(86.928612,63.15086,0.));
#7648 = VECTOR('',#7649,1.);
#7649 = DIRECTION('',(0.,0.,1.));
#7650 = PLANE('',#7651);
#7651 = AXIS2_PLACEMENT_3D('',#7652,#7653,#7654);
#7652 = CARTESIAN_POINT('',(86.928612,77.18502,0.));
#7653 = DIRECTION('',(1.,0.,0.));
#7654 = DIRECTION('',(0.,-1.,0.));
#7655 = ADVANCED_FACE('',(#7656),#7662,.F.);
#7656 = FACE_BOUND('',#7657,.F.);
#7657 = EDGE_LOOP('',(#7658,#7659,#7660,#7661));
#7658 = ORIENTED_EDGE('',*,*,#1568,.F.);
#7659 = ORIENTED_EDGE('',*,*,#7645,.T.);
#7660 = ORIENTED_EDGE('',*,*,#3889,.F.);
#7661 = ORIENTED_EDGE('',*,*,#7626,.F.);
#7662 = PLANE('',#7663);
#7663 = AXIS2_PLACEMENT_3D('',#7664,#7665,#7666);
#7664 = CARTESIAN_POINT('',(86.928612,63.15086,0.));
#7665 = DIRECTION('',(0.,-1.,0.));
#7666 = DIRECTION('',(-1.,0.,0.));
#7667 = ADVANCED_FACE('',(#7668),#7684,.F.);
#7668 = FACE_BOUND('',#7669,.F.);
#7669 = EDGE_LOOP('',(#7670,#7671,#7677,#7678));
#7670 = ORIENTED_EDGE('',*,*,#1584,.F.);
#7671 = ORIENTED_EDGE('',*,*,#7672,.T.);
#7672 = EDGE_CURVE('',#1585,#3932,#7673,.T.);
#7673 = LINE('',#7674,#7675);
#7674 = CARTESIAN_POINT('',(91.977104,77.140495,0.));
#7675 = VECTOR('',#7676,1.);
#7676 = DIRECTION('',(0.,0.,1.));
#7677 = ORIENTED_EDGE('',*,*,#3939,.F.);
#7678 = ORIENTED_EDGE('',*,*,#7679,.F.);
#7679 = EDGE_CURVE('',#1587,#3916,#7680,.T.);
#7680 = LINE('',#7681,#7682);
#7681 = CARTESIAN_POINT('',(106.061874,77.140495,0.));
#7682 = VECTOR('',#7683,1.);
#7683 = DIRECTION('',(0.,0.,1.));
#7684 = PLANE('',#7685);
#7685 = AXIS2_PLACEMENT_3D('',#7686,#7687,#7688);
#7686 = CARTESIAN_POINT('',(91.977104,77.140495,0.));
#7687 = DIRECTION('',(0.,1.,0.));
#7688 = DIRECTION('',(1.,0.,0.));
#7689 = ADVANCED_FACE('',(#7690),#7701,.F.);
#7690 = FACE_BOUND('',#7691,.F.);
#7691 = EDGE_LOOP('',(#7692,#7693,#7699,#7700));
#7692 = ORIENTED_EDGE('',*,*,#1610,.F.);
#7693 = ORIENTED_EDGE('',*,*,#7694,.T.);
#7694 = EDGE_CURVE('',#1603,#3924,#7695,.T.);
#7695 = LINE('',#7696,#7697);
#7696 = CARTESIAN_POINT('',(91.977104,63.179283,0.));
#7697 = VECTOR('',#7698,1.);
#7698 = DIRECTION('',(0.,0.,1.));
#7699 = ORIENTED_EDGE('',*,*,#3931,.F.);
#7700 = ORIENTED_EDGE('',*,*,#7672,.F.);
#7701 = PLANE('',#7702);
#7702 = AXIS2_PLACEMENT_3D('',#7703,#7704,#7705);
#7703 = CARTESIAN_POINT('',(91.977104,63.179283,0.));
#7704 = DIRECTION('',(-1.,0.,0.));
#7705 = DIRECTION('',(0.,1.,0.));
#7706 = ADVANCED_FACE('',(#7707),#7718,.F.);
#7707 = FACE_BOUND('',#7708,.F.);
#7708 = EDGE_LOOP('',(#7709,#7710,#7711,#7712));
#7709 = ORIENTED_EDGE('',*,*,#1594,.F.);
#7710 = ORIENTED_EDGE('',*,*,#7679,.T.);
#7711 = ORIENTED_EDGE('',*,*,#3913,.F.);
#7712 = ORIENTED_EDGE('',*,*,#7713,.F.);
#7713 = EDGE_CURVE('',#1595,#3914,#7714,.T.);
#7714 = LINE('',#7715,#7716);
#7715 = CARTESIAN_POINT('',(106.061874,63.179283,0.));
#7716 = VECTOR('',#7717,1.);
#7717 = DIRECTION('',(0.,0.,1.));
#7718 = PLANE('',#7719);
#7719 = AXIS2_PLACEMENT_3D('',#7720,#7721,#7722);
#7720 = CARTESIAN_POINT('',(106.061874,77.140495,0.));
#7721 = DIRECTION('',(1.,0.,0.));
#7722 = DIRECTION('',(0.,-1.,0.));
#7723 = ADVANCED_FACE('',(#7724),#7730,.F.);
#7724 = FACE_BOUND('',#7725,.F.);
#7725 = EDGE_LOOP('',(#7726,#7727,#7728,#7729));
#7726 = ORIENTED_EDGE('',*,*,#1602,.F.);
#7727 = ORIENTED_EDGE('',*,*,#7713,.T.);
#7728 = ORIENTED_EDGE('',*,*,#3923,.F.);
#7729 = ORIENTED_EDGE('',*,*,#7694,.F.);
#7730 = PLANE('',#7731);
#7731 = AXIS2_PLACEMENT_3D('',#7732,#7733,#7734);
#7732 = CARTESIAN_POINT('',(106.061874,63.179283,0.));
#7733 = DIRECTION('',(0.,-1.,0.));
#7734 = DIRECTION('',(-1.,0.,0.));
#7735 = ADVANCED_FACE('',(#7736),#7752,.F.);
#7736 = FACE_BOUND('',#7737,.F.);
#7737 = EDGE_LOOP('',(#7738,#7739,#7745,#7746));
#7738 = ORIENTED_EDGE('',*,*,#1618,.F.);
#7739 = ORIENTED_EDGE('',*,*,#7740,.T.);
#7740 = EDGE_CURVE('',#1619,#3966,#7741,.T.);
#7741 = LINE('',#7742,#7743);
#7742 = CARTESIAN_POINT('',(111.274422,77.052162,0.));
#7743 = VECTOR('',#7744,1.);
#7744 = DIRECTION('',(0.,0.,1.));
#7745 = ORIENTED_EDGE('',*,*,#3973,.F.);
#7746 = ORIENTED_EDGE('',*,*,#7747,.F.);
#7747 = EDGE_CURVE('',#1621,#3950,#7748,.T.);
#7748 = LINE('',#7749,#7750);
#7749 = CARTESIAN_POINT('',(125.235641,77.052162,0.));
#7750 = VECTOR('',#7751,1.);
#7751 = DIRECTION('',(0.,0.,1.));
#7752 = PLANE('',#7753);
#7753 = AXIS2_PLACEMENT_3D('',#7754,#7755,#7756);
#7754 = CARTESIAN_POINT('',(111.274422,77.052162,0.));
#7755 = DIRECTION('',(0.,1.,0.));
#7756 = DIRECTION('',(1.,0.,0.));
#7757 = ADVANCED_FACE('',(#7758),#7769,.F.);
#7758 = FACE_BOUND('',#7759,.F.);
#7759 = EDGE_LOOP('',(#7760,#7761,#7767,#7768));
#7760 = ORIENTED_EDGE('',*,*,#1644,.F.);
#7761 = ORIENTED_EDGE('',*,*,#7762,.T.);
#7762 = EDGE_CURVE('',#1637,#3958,#7763,.T.);
#7763 = LINE('',#7764,#7765);
#7764 = CARTESIAN_POINT('',(111.274422,63.152721,0.));
#7765 = VECTOR('',#7766,1.);
#7766 = DIRECTION('',(0.,0.,1.));
#7767 = ORIENTED_EDGE('',*,*,#3965,.F.);
#7768 = ORIENTED_EDGE('',*,*,#7740,.F.);
#7769 = PLANE('',#7770);
#7770 = AXIS2_PLACEMENT_3D('',#7771,#7772,#7773);
#7771 = CARTESIAN_POINT('',(111.274422,63.152721,0.));
#7772 = DIRECTION('',(-1.,0.,0.));
#7773 = DIRECTION('',(0.,1.,0.));
#7774 = ADVANCED_FACE('',(#7775),#7786,.F.);
#7775 = FACE_BOUND('',#7776,.F.);
#7776 = EDGE_LOOP('',(#7777,#7778,#7779,#7780));
#7777 = ORIENTED_EDGE('',*,*,#1628,.F.);
#7778 = ORIENTED_EDGE('',*,*,#7747,.T.);
#7779 = ORIENTED_EDGE('',*,*,#3947,.F.);
#7780 = ORIENTED_EDGE('',*,*,#7781,.F.);
#7781 = EDGE_CURVE('',#1629,#3948,#7782,.T.);
#7782 = LINE('',#7783,#7784);
#7783 = CARTESIAN_POINT('',(125.235641,63.152721,0.));
#7784 = VECTOR('',#7785,1.);
#7785 = DIRECTION('',(0.,0.,1.));
#7786 = PLANE('',#7787);
#7787 = AXIS2_PLACEMENT_3D('',#7788,#7789,#7790);
#7788 = CARTESIAN_POINT('',(125.235641,77.052162,0.));
#7789 = DIRECTION('',(1.,0.,0.));
#7790 = DIRECTION('',(0.,-1.,0.));
#7791 = ADVANCED_FACE('',(#7792),#7798,.F.);
#7792 = FACE_BOUND('',#7793,.F.);
#7793 = EDGE_LOOP('',(#7794,#7795,#7796,#7797));
#7794 = ORIENTED_EDGE('',*,*,#1636,.F.);
#7795 = ORIENTED_EDGE('',*,*,#7781,.T.);
#7796 = ORIENTED_EDGE('',*,*,#3957,.F.);
#7797 = ORIENTED_EDGE('',*,*,#7762,.F.);
#7798 = PLANE('',#7799);
#7799 = AXIS2_PLACEMENT_3D('',#7800,#7801,#7802);
#7800 = CARTESIAN_POINT('',(125.235641,63.152721,0.));
#7801 = DIRECTION('',(0.,-1.,0.));
#7802 = DIRECTION('',(-1.,0.,0.));
#7803 = ADVANCED_FACE('',(#7804),#7820,.F.);
#7804 = FACE_BOUND('',#7805,.F.);
#7805 = EDGE_LOOP('',(#7806,#7807,#7813,#7814));
#7806 = ORIENTED_EDGE('',*,*,#1652,.F.);
#7807 = ORIENTED_EDGE('',*,*,#7808,.T.);
#7808 = EDGE_CURVE('',#1653,#4000,#7809,.T.);
#7809 = LINE('',#7810,#7811);
#7810 = CARTESIAN_POINT('',(130.239441,77.23748,0.));
#7811 = VECTOR('',#7812,1.);
#7812 = DIRECTION('',(0.,0.,1.));
#7813 = ORIENTED_EDGE('',*,*,#4007,.F.);
#7814 = ORIENTED_EDGE('',*,*,#7815,.F.);
#7815 = EDGE_CURVE('',#1655,#3984,#7816,.T.);
#7816 = LINE('',#7817,#7818);
#7817 = CARTESIAN_POINT('',(144.447754,77.23748,0.));
#7818 = VECTOR('',#7819,1.);
#7819 = DIRECTION('',(0.,0.,1.));
#7820 = PLANE('',#7821);
#7821 = AXIS2_PLACEMENT_3D('',#7822,#7823,#7824);
#7822 = CARTESIAN_POINT('',(130.239441,77.23748,0.));
#7823 = DIRECTION('',(0.,1.,0.));
#7824 = DIRECTION('',(1.,0.,0.));
#7825 = ADVANCED_FACE('',(#7826),#7837,.F.);
#7826 = FACE_BOUND('',#7827,.F.);
#7827 = EDGE_LOOP('',(#7828,#7829,#7835,#7836));
#7828 = ORIENTED_EDGE('',*,*,#1678,.F.);
#7829 = ORIENTED_EDGE('',*,*,#7830,.T.);
#7830 = EDGE_CURVE('',#1671,#3992,#7831,.T.);
#7831 = LINE('',#7832,#7833);
#7832 = CARTESIAN_POINT('',(130.239441,63.214493,0.));
#7833 = VECTOR('',#7834,1.);
#7834 = DIRECTION('',(0.,0.,1.));
#7835 = ORIENTED_EDGE('',*,*,#3999,.F.);
#7836 = ORIENTED_EDGE('',*,*,#7808,.F.);
#7837 = PLANE('',#7838);
#7838 = AXIS2_PLACEMENT_3D('',#7839,#7840,#7841);
#7839 = CARTESIAN_POINT('',(130.239441,63.214493,0.));
#7840 = DIRECTION('',(-1.,0.,0.));
#7841 = DIRECTION('',(0.,1.,0.));
#7842 = ADVANCED_FACE('',(#7843),#7854,.F.);
#7843 = FACE_BOUND('',#7844,.F.);
#7844 = EDGE_LOOP('',(#7845,#7846,#7847,#7848));
#7845 = ORIENTED_EDGE('',*,*,#1662,.F.);
#7846 = ORIENTED_EDGE('',*,*,#7815,.T.);
#7847 = ORIENTED_EDGE('',*,*,#3981,.F.);
#7848 = ORIENTED_EDGE('',*,*,#7849,.F.);
#7849 = EDGE_CURVE('',#1663,#3982,#7850,.T.);
#7850 = LINE('',#7851,#7852);
#7851 = CARTESIAN_POINT('',(144.447754,63.214493,0.));
#7852 = VECTOR('',#7853,1.);
#7853 = DIRECTION('',(0.,0.,1.));
#7854 = PLANE('',#7855);
#7855 = AXIS2_PLACEMENT_3D('',#7856,#7857,#7858);
#7856 = CARTESIAN_POINT('',(144.447754,77.23748,0.));
#7857 = DIRECTION('',(1.,0.,0.));
#7858 = DIRECTION('',(0.,-1.,0.));
#7859 = ADVANCED_FACE('',(#7860),#7866,.F.);
#7860 = FACE_BOUND('',#7861,.F.);
#7861 = EDGE_LOOP('',(#7862,#7863,#7864,#7865));
#7862 = ORIENTED_EDGE('',*,*,#1670,.F.);
#7863 = ORIENTED_EDGE('',*,*,#7849,.T.);
#7864 = ORIENTED_EDGE('',*,*,#3991,.F.);
#7865 = ORIENTED_EDGE('',*,*,#7830,.F.);
#7866 = PLANE('',#7867);
#7867 = AXIS2_PLACEMENT_3D('',#7868,#7869,#7870);
#7868 = CARTESIAN_POINT('',(144.447754,63.214493,0.));
#7869 = DIRECTION('',(0.,-1.,0.));
#7870 = DIRECTION('',(-1.,0.,0.));
#7871 = ADVANCED_FACE('',(#7872),#7888,.F.);
#7872 = FACE_BOUND('',#7873,.F.);
#7873 = EDGE_LOOP('',(#7874,#7875,#7881,#7882));
#7874 = ORIENTED_EDGE('',*,*,#1686,.F.);
#7875 = ORIENTED_EDGE('',*,*,#7876,.T.);
#7876 = EDGE_CURVE('',#1687,#4034,#7877,.T.);
#7877 = LINE('',#7878,#7879);
#7878 = CARTESIAN_POINT('',(5.965772,96.749092,0.));
#7879 = VECTOR('',#7880,1.);
#7880 = DIRECTION('',(0.,0.,1.));
#7881 = ORIENTED_EDGE('',*,*,#4041,.F.);
#7882 = ORIENTED_EDGE('',*,*,#7883,.F.);
#7883 = EDGE_CURVE('',#1689,#4018,#7884,.T.);
#7884 = LINE('',#7885,#7886);
#7885 = CARTESIAN_POINT('',(20.190042,96.749092,0.));
#7886 = VECTOR('',#7887,1.);
#7887 = DIRECTION('',(0.,0.,1.));
#7888 = PLANE('',#7889);
#7889 = AXIS2_PLACEMENT_3D('',#7890,#7891,#7892);
#7890 = CARTESIAN_POINT('',(5.965772,96.749092,0.));
#7891 = DIRECTION('',(0.,1.,0.));
#7892 = DIRECTION('',(1.,0.,0.));
#7893 = ADVANCED_FACE('',(#7894),#7905,.F.);
#7894 = FACE_BOUND('',#7895,.F.);
#7895 = EDGE_LOOP('',(#7896,#7897,#7903,#7904));
#7896 = ORIENTED_EDGE('',*,*,#1712,.F.);
#7897 = ORIENTED_EDGE('',*,*,#7898,.T.);
#7898 = EDGE_CURVE('',#1705,#4026,#7899,.T.);
#7899 = LINE('',#7900,#7901);
#7900 = CARTESIAN_POINT('',(5.965772,82.700844,0.));
#7901 = VECTOR('',#7902,1.);
#7902 = DIRECTION('',(0.,0.,1.));
#7903 = ORIENTED_EDGE('',*,*,#4033,.F.);
#7904 = ORIENTED_EDGE('',*,*,#7876,.F.);
#7905 = PLANE('',#7906);
#7906 = AXIS2_PLACEMENT_3D('',#7907,#7908,#7909);
#7907 = CARTESIAN_POINT('',(5.965772,82.700844,0.));
#7908 = DIRECTION('',(-1.,0.,0.));
#7909 = DIRECTION('',(0.,1.,0.));
#7910 = ADVANCED_FACE('',(#7911),#7922,.F.);
#7911 = FACE_BOUND('',#7912,.F.);
#7912 = EDGE_LOOP('',(#7913,#7914,#7915,#7916));
#7913 = ORIENTED_EDGE('',*,*,#1696,.F.);
#7914 = ORIENTED_EDGE('',*,*,#7883,.T.);
#7915 = ORIENTED_EDGE('',*,*,#4015,.F.);
#7916 = ORIENTED_EDGE('',*,*,#7917,.F.);
#7917 = EDGE_CURVE('',#1697,#4016,#7918,.T.);
#7918 = LINE('',#7919,#7920);
#7919 = CARTESIAN_POINT('',(20.190042,82.700844,0.));
#7920 = VECTOR('',#7921,1.);
#7921 = DIRECTION('',(0.,0.,1.));
#7922 = PLANE('',#7923);
#7923 = AXIS2_PLACEMENT_3D('',#7924,#7925,#7926);
#7924 = CARTESIAN_POINT('',(20.190042,96.749092,0.));
#7925 = DIRECTION('',(1.,0.,0.));
#7926 = DIRECTION('',(0.,-1.,0.));
#7927 = ADVANCED_FACE('',(#7928),#7934,.F.);
#7928 = FACE_BOUND('',#7929,.F.);
#7929 = EDGE_LOOP('',(#7930,#7931,#7932,#7933));
#7930 = ORIENTED_EDGE('',*,*,#1704,.F.);
#7931 = ORIENTED_EDGE('',*,*,#7917,.T.);
#7932 = ORIENTED_EDGE('',*,*,#4025,.F.);
#7933 = ORIENTED_EDGE('',*,*,#7898,.F.);
#7934 = PLANE('',#7935);
#7935 = AXIS2_PLACEMENT_3D('',#7936,#7937,#7938);
#7936 = CARTESIAN_POINT('',(20.190042,82.700844,0.));
#7937 = DIRECTION('',(0.,-1.,0.));
#7938 = DIRECTION('',(-1.,0.,0.));
#7939 = ADVANCED_FACE('',(#7940),#7956,.F.);
#7940 = FACE_BOUND('',#7941,.F.);
#7941 = EDGE_LOOP('',(#7942,#7943,#7949,#7950));
#7942 = ORIENTED_EDGE('',*,*,#1720,.F.);
#7943 = ORIENTED_EDGE('',*,*,#7944,.T.);
#7944 = EDGE_CURVE('',#1721,#4068,#7945,.T.);
#7945 = LINE('',#7946,#7947);
#7946 = CARTESIAN_POINT('',(24.717196,96.749084,0.));
#7947 = VECTOR('',#7948,1.);
#7948 = DIRECTION('',(0.,0.,1.));
#7949 = ORIENTED_EDGE('',*,*,#4075,.F.);
#7950 = ORIENTED_EDGE('',*,*,#7951,.F.);
#7951 = EDGE_CURVE('',#1723,#4052,#7952,.T.);
#7952 = LINE('',#7953,#7954);
#7953 = CARTESIAN_POINT('',(38.977734,96.749084,0.));
#7954 = VECTOR('',#7955,1.);
#7955 = DIRECTION('',(0.,0.,1.));
#7956 = PLANE('',#7957);
#7957 = AXIS2_PLACEMENT_3D('',#7958,#7959,#7960);
#7958 = CARTESIAN_POINT('',(24.717196,96.749084,0.));
#7959 = DIRECTION('',(0.,1.,0.));
#7960 = DIRECTION('',(1.,0.,0.));
#7961 = ADVANCED_FACE('',(#7962),#7973,.F.);
#7962 = FACE_BOUND('',#7963,.F.);
#7963 = EDGE_LOOP('',(#7964,#7965,#7971,#7972));
#7964 = ORIENTED_EDGE('',*,*,#1746,.F.);
#7965 = ORIENTED_EDGE('',*,*,#7966,.T.);
#7966 = EDGE_CURVE('',#1739,#4060,#7967,.T.);
#7967 = LINE('',#7968,#7969);
#7968 = CARTESIAN_POINT('',(24.717196,82.488556,0.));
#7969 = VECTOR('',#7970,1.);
#7970 = DIRECTION('',(0.,0.,1.));
#7971 = ORIENTED_EDGE('',*,*,#4067,.F.);
#7972 = ORIENTED_EDGE('',*,*,#7944,.F.);
#7973 = PLANE('',#7974);
#7974 = AXIS2_PLACEMENT_3D('',#7975,#7976,#7977);
#7975 = CARTESIAN_POINT('',(24.717196,82.488556,0.));
#7976 = DIRECTION('',(-1.,0.,0.));
#7977 = DIRECTION('',(0.,1.,0.));
#7978 = ADVANCED_FACE('',(#7979),#7990,.F.);
#7979 = FACE_BOUND('',#7980,.F.);
#7980 = EDGE_LOOP('',(#7981,#7982,#7983,#7984));
#7981 = ORIENTED_EDGE('',*,*,#1730,.F.);
#7982 = ORIENTED_EDGE('',*,*,#7951,.T.);
#7983 = ORIENTED_EDGE('',*,*,#4049,.F.);
#7984 = ORIENTED_EDGE('',*,*,#7985,.F.);
#7985 = EDGE_CURVE('',#1731,#4050,#7986,.T.);
#7986 = LINE('',#7987,#7988);
#7987 = CARTESIAN_POINT('',(38.977734,82.488556,0.));
#7988 = VECTOR('',#7989,1.);
#7989 = DIRECTION('',(0.,0.,1.));
#7990 = PLANE('',#7991);
#7991 = AXIS2_PLACEMENT_3D('',#7992,#7993,#7994);
#7992 = CARTESIAN_POINT('',(38.977734,96.749084,0.));
#7993 = DIRECTION('',(1.,0.,0.));
#7994 = DIRECTION('',(0.,-1.,0.));
#7995 = ADVANCED_FACE('',(#7996),#8002,.F.);
#7996 = FACE_BOUND('',#7997,.F.);
#7997 = EDGE_LOOP('',(#7998,#7999,#8000,#8001));
#7998 = ORIENTED_EDGE('',*,*,#1738,.F.);
#7999 = ORIENTED_EDGE('',*,*,#7985,.T.);
#8000 = ORIENTED_EDGE('',*,*,#4059,.F.);
#8001 = ORIENTED_EDGE('',*,*,#7966,.F.);
#8002 = PLANE('',#8003);
#8003 = AXIS2_PLACEMENT_3D('',#8004,#8005,#8006);
#8004 = CARTESIAN_POINT('',(38.977734,82.488556,0.));
#8005 = DIRECTION('',(0.,-1.,0.));
#8006 = DIRECTION('',(-1.,0.,0.));
#8007 = ADVANCED_FACE('',(#8008),#8024,.F.);
#8008 = FACE_BOUND('',#8009,.F.);
#8009 = EDGE_LOOP('',(#8010,#8011,#8017,#8018));
#8010 = ORIENTED_EDGE('',*,*,#1754,.F.);
#8011 = ORIENTED_EDGE('',*,*,#8012,.T.);
#8012 = EDGE_CURVE('',#1755,#4102,#8013,.T.);
#8013 = LINE('',#8014,#8015);
#8014 = CARTESIAN_POINT('',(43.74028,96.578804,0.));
#8015 = VECTOR('',#8016,1.);
#8016 = DIRECTION('',(0.,0.,1.));
#8017 = ORIENTED_EDGE('',*,*,#4109,.F.);
#8018 = ORIENTED_EDGE('',*,*,#8019,.F.);
#8019 = EDGE_CURVE('',#1757,#4086,#8020,.T.);
#8020 = LINE('',#8021,#8022);
#8021 = CARTESIAN_POINT('',(57.849911,96.578804,0.));
#8022 = VECTOR('',#8023,1.);
#8023 = DIRECTION('',(0.,0.,1.));
#8024 = PLANE('',#8025);
#8025 = AXIS2_PLACEMENT_3D('',#8026,#8027,#8028);
#8026 = CARTESIAN_POINT('',(43.74028,96.578804,0.));
#8027 = DIRECTION('',(0.,1.,0.));
#8028 = DIRECTION('',(1.,0.,0.));
#8029 = ADVANCED_FACE('',(#8030),#8041,.F.);
#8030 = FACE_BOUND('',#8031,.F.);
#8031 = EDGE_LOOP('',(#8032,#8033,#8039,#8040));
#8032 = ORIENTED_EDGE('',*,*,#1780,.F.);
#8033 = ORIENTED_EDGE('',*,*,#8034,.T.);
#8034 = EDGE_CURVE('',#1773,#4094,#8035,.T.);
#8035 = LINE('',#8036,#8037);
#8036 = CARTESIAN_POINT('',(43.74028,82.393723,0.));
#8037 = VECTOR('',#8038,1.);
#8038 = DIRECTION('',(0.,0.,1.));
#8039 = ORIENTED_EDGE('',*,*,#4101,.F.);
#8040 = ORIENTED_EDGE('',*,*,#8012,.F.);
#8041 = PLANE('',#8042);
#8042 = AXIS2_PLACEMENT_3D('',#8043,#8044,#8045);
#8043 = CARTESIAN_POINT('',(43.74028,82.393723,0.));
#8044 = DIRECTION('',(-1.,0.,0.));
#8045 = DIRECTION('',(0.,1.,0.));
#8046 = ADVANCED_FACE('',(#8047),#8058,.F.);
#8047 = FACE_BOUND('',#8048,.F.);
#8048 = EDGE_LOOP('',(#8049,#8050,#8051,#8052));
#8049 = ORIENTED_EDGE('',*,*,#1764,.F.);
#8050 = ORIENTED_EDGE('',*,*,#8019,.T.);
#8051 = ORIENTED_EDGE('',*,*,#4083,.F.);
#8052 = ORIENTED_EDGE('',*,*,#8053,.F.);
#8053 = EDGE_CURVE('',#1765,#4084,#8054,.T.);
#8054 = LINE('',#8055,#8056);
#8055 = CARTESIAN_POINT('',(57.849911,82.393723,0.));
#8056 = VECTOR('',#8057,1.);
#8057 = DIRECTION('',(0.,0.,1.));
#8058 = PLANE('',#8059);
#8059 = AXIS2_PLACEMENT_3D('',#8060,#8061,#8062);
#8060 = CARTESIAN_POINT('',(57.849911,96.578804,0.));
#8061 = DIRECTION('',(1.,0.,0.));
#8062 = DIRECTION('',(0.,-1.,0.));
#8063 = ADVANCED_FACE('',(#8064),#8070,.F.);
#8064 = FACE_BOUND('',#8065,.F.);
#8065 = EDGE_LOOP('',(#8066,#8067,#8068,#8069));
#8066 = ORIENTED_EDGE('',*,*,#1772,.F.);
#8067 = ORIENTED_EDGE('',*,*,#8053,.T.);
#8068 = ORIENTED_EDGE('',*,*,#4093,.F.);
#8069 = ORIENTED_EDGE('',*,*,#8034,.F.);
#8070 = PLANE('',#8071);
#8071 = AXIS2_PLACEMENT_3D('',#8072,#8073,#8074);
#8072 = CARTESIAN_POINT('',(57.849911,82.393723,0.));
#8073 = DIRECTION('',(0.,-1.,0.));
#8074 = DIRECTION('',(-1.,0.,0.));
#8075 = ADVANCED_FACE('',(#8076),#8092,.F.);
#8076 = FACE_BOUND('',#8077,.F.);
#8077 = EDGE_LOOP('',(#8078,#8079,#8085,#8086));
#8078 = ORIENTED_EDGE('',*,*,#1788,.F.);
#8079 = ORIENTED_EDGE('',*,*,#8080,.T.);
#8080 = EDGE_CURVE('',#1789,#4136,#8081,.T.);
#8081 = LINE('',#8082,#8083);
#8082 = CARTESIAN_POINT('',(62.989738,96.652122,0.));
#8083 = VECTOR('',#8084,1.);
#8084 = DIRECTION('',(0.,0.,1.));
#8085 = ORIENTED_EDGE('',*,*,#4143,.F.);
#8086 = ORIENTED_EDGE('',*,*,#8087,.F.);
#8087 = EDGE_CURVE('',#1791,#4120,#8088,.T.);
#8088 = LINE('',#8089,#8090);
#8089 = CARTESIAN_POINT('',(77.366386,96.652122,0.));
#8090 = VECTOR('',#8091,1.);
#8091 = DIRECTION('',(0.,0.,1.));
#8092 = PLANE('',#8093);
#8093 = AXIS2_PLACEMENT_3D('',#8094,#8095,#8096);
#8094 = CARTESIAN_POINT('',(62.989738,96.652122,0.));
#8095 = DIRECTION('',(0.,1.,0.));
#8096 = DIRECTION('',(1.,0.,0.));
#8097 = ADVANCED_FACE('',(#8098),#8109,.F.);
#8098 = FACE_BOUND('',#8099,.F.);
#8099 = EDGE_LOOP('',(#8100,#8101,#8107,#8108));
#8100 = ORIENTED_EDGE('',*,*,#1814,.F.);
#8101 = ORIENTED_EDGE('',*,*,#8102,.T.);
#8102 = EDGE_CURVE('',#1807,#4128,#8103,.T.);
#8103 = LINE('',#8104,#8105);
#8104 = CARTESIAN_POINT('',(62.989738,82.459801,0.));
#8105 = VECTOR('',#8106,1.);
#8106 = DIRECTION('',(0.,0.,1.));
#8107 = ORIENTED_EDGE('',*,*,#4135,.F.);
#8108 = ORIENTED_EDGE('',*,*,#8080,.F.);
#8109 = PLANE('',#8110);
#8110 = AXIS2_PLACEMENT_3D('',#8111,#8112,#8113);
#8111 = CARTESIAN_POINT('',(62.989738,82.459801,0.));
#8112 = DIRECTION('',(-1.,0.,0.));
#8113 = DIRECTION('',(0.,1.,0.));
#8114 = ADVANCED_FACE('',(#8115),#8126,.F.);
#8115 = FACE_BOUND('',#8116,.F.);
#8116 = EDGE_LOOP('',(#8117,#8118,#8119,#8120));
#8117 = ORIENTED_EDGE('',*,*,#1798,.F.);
#8118 = ORIENTED_EDGE('',*,*,#8087,.T.);
#8119 = ORIENTED_EDGE('',*,*,#4117,.F.);
#8120 = ORIENTED_EDGE('',*,*,#8121,.F.);
#8121 = EDGE_CURVE('',#1799,#4118,#8122,.T.);
#8122 = LINE('',#8123,#8124);
#8123 = CARTESIAN_POINT('',(77.366386,82.459801,0.));
#8124 = VECTOR('',#8125,1.);
#8125 = DIRECTION('',(0.,0.,1.));
#8126 = PLANE('',#8127);
#8127 = AXIS2_PLACEMENT_3D('',#8128,#8129,#8130);
#8128 = CARTESIAN_POINT('',(77.366386,96.652122,0.));
#8129 = DIRECTION('',(1.,0.,0.));
#8130 = DIRECTION('',(0.,-1.,0.));
#8131 = ADVANCED_FACE('',(#8132),#8138,.F.);
#8132 = FACE_BOUND('',#8133,.F.);
#8133 = EDGE_LOOP('',(#8134,#8135,#8136,#8137));
#8134 = ORIENTED_EDGE('',*,*,#1806,.F.);
#8135 = ORIENTED_EDGE('',*,*,#8121,.T.);
#8136 = ORIENTED_EDGE('',*,*,#4127,.F.);
#8137 = ORIENTED_EDGE('',*,*,#8102,.F.);
#8138 = PLANE('',#8139);
#8139 = AXIS2_PLACEMENT_3D('',#8140,#8141,#8142);
#8140 = CARTESIAN_POINT('',(77.366386,82.459801,0.));
#8141 = DIRECTION('',(0.,-1.,0.));
#8142 = DIRECTION('',(-1.,0.,0.));
#8143 = ADVANCED_FACE('',(#8144),#8160,.F.);
#8144 = FACE_BOUND('',#8145,.F.);
#8145 = EDGE_LOOP('',(#8146,#8147,#8153,#8154));
#8146 = ORIENTED_EDGE('',*,*,#1822,.F.);
#8147 = ORIENTED_EDGE('',*,*,#8148,.T.);
#8148 = EDGE_CURVE('',#1823,#4170,#8149,.T.);
#8149 = LINE('',#8150,#8151);
#8150 = CARTESIAN_POINT('',(82.527229,96.559959,0.));
#8151 = VECTOR('',#8152,1.);
#8152 = DIRECTION('',(0.,0.,1.));
#8153 = ORIENTED_EDGE('',*,*,#4177,.F.);
#8154 = ORIENTED_EDGE('',*,*,#8155,.F.);
#8155 = EDGE_CURVE('',#1825,#4154,#8156,.T.);
#8156 = LINE('',#8157,#8158);
#8157 = CARTESIAN_POINT('',(96.627403,96.559959,0.));
#8158 = VECTOR('',#8159,1.);
#8159 = DIRECTION('',(0.,0.,1.));
#8160 = PLANE('',#8161);
#8161 = AXIS2_PLACEMENT_3D('',#8162,#8163,#8164);
#8162 = CARTESIAN_POINT('',(82.527229,96.559959,0.));
#8163 = DIRECTION('',(0.,1.,0.));
#8164 = DIRECTION('',(1.,0.,0.));
#8165 = ADVANCED_FACE('',(#8166),#8177,.F.);
#8166 = FACE_BOUND('',#8167,.F.);
#8167 = EDGE_LOOP('',(#8168,#8169,#8175,#8176));
#8168 = ORIENTED_EDGE('',*,*,#1848,.F.);
#8169 = ORIENTED_EDGE('',*,*,#8170,.T.);
#8170 = EDGE_CURVE('',#1841,#4162,#8171,.T.);
#8171 = LINE('',#8172,#8173);
#8172 = CARTESIAN_POINT('',(82.527229,82.551956,0.));
#8173 = VECTOR('',#8174,1.);
#8174 = DIRECTION('',(0.,0.,1.));
#8175 = ORIENTED_EDGE('',*,*,#4169,.F.);
#8176 = ORIENTED_EDGE('',*,*,#8148,.F.);
#8177 = PLANE('',#8178);
#8178 = AXIS2_PLACEMENT_3D('',#8179,#8180,#8181);
#8179 = CARTESIAN_POINT('',(82.527229,82.551956,0.));
#8180 = DIRECTION('',(-1.,0.,0.));
#8181 = DIRECTION('',(0.,1.,0.));
#8182 = ADVANCED_FACE('',(#8183),#8194,.F.);
#8183 = FACE_BOUND('',#8184,.F.);
#8184 = EDGE_LOOP('',(#8185,#8186,#8187,#8188));
#8185 = ORIENTED_EDGE('',*,*,#1832,.F.);
#8186 = ORIENTED_EDGE('',*,*,#8155,.T.);
#8187 = ORIENTED_EDGE('',*,*,#4151,.F.);
#8188 = ORIENTED_EDGE('',*,*,#8189,.F.);
#8189 = EDGE_CURVE('',#1833,#4152,#8190,.T.);
#8190 = LINE('',#8191,#8192);
#8191 = CARTESIAN_POINT('',(96.627403,82.551956,0.));
#8192 = VECTOR('',#8193,1.);
#8193 = DIRECTION('',(0.,0.,1.));
#8194 = PLANE('',#8195);
#8195 = AXIS2_PLACEMENT_3D('',#8196,#8197,#8198);
#8196 = CARTESIAN_POINT('',(96.627403,96.559959,0.));
#8197 = DIRECTION('',(1.,0.,0.));
#8198 = DIRECTION('',(0.,-1.,0.));
#8199 = ADVANCED_FACE('',(#8200),#8206,.F.);
#8200 = FACE_BOUND('',#8201,.F.);
#8201 = EDGE_LOOP('',(#8202,#8203,#8204,#8205));
#8202 = ORIENTED_EDGE('',*,*,#1840,.F.);
#8203 = ORIENTED_EDGE('',*,*,#8189,.T.);
#8204 = ORIENTED_EDGE('',*,*,#4161,.F.);
#8205 = ORIENTED_EDGE('',*,*,#8170,.F.);
#8206 = PLANE('',#8207);
#8207 = AXIS2_PLACEMENT_3D('',#8208,#8209,#8210);
#8208 = CARTESIAN_POINT('',(96.627403,82.551956,0.));
#8209 = DIRECTION('',(0.,-1.,0.));
#8210 = DIRECTION('',(-1.,0.,0.));
#8211 = ADVANCED_FACE('',(#8212),#8228,.F.);
#8212 = FACE_BOUND('',#8213,.F.);
#8213 = EDGE_LOOP('',(#8214,#8215,#8221,#8222));
#8214 = ORIENTED_EDGE('',*,*,#1856,.F.);
#8215 = ORIENTED_EDGE('',*,*,#8216,.T.);
#8216 = EDGE_CURVE('',#1857,#4204,#8217,.T.);
#8217 = LINE('',#8218,#8219);
#8218 = CARTESIAN_POINT('',(101.333855,96.588234,0.));
#8219 = VECTOR('',#8220,1.);
#8220 = DIRECTION('',(0.,0.,1.));
#8221 = ORIENTED_EDGE('',*,*,#4211,.F.);
#8222 = ORIENTED_EDGE('',*,*,#8223,.F.);
#8223 = EDGE_CURVE('',#1859,#4188,#8224,.T.);
#8224 = LINE('',#8225,#8226);
#8225 = CARTESIAN_POINT('',(115.519264,96.588234,0.));
#8226 = VECTOR('',#8227,1.);
#8227 = DIRECTION('',(0.,0.,1.));
#8228 = PLANE('',#8229);
#8229 = AXIS2_PLACEMENT_3D('',#8230,#8231,#8232);
#8230 = CARTESIAN_POINT('',(101.333855,96.588234,0.));
#8231 = DIRECTION('',(0.,1.,0.));
#8232 = DIRECTION('',(1.,0.,0.));
#8233 = ADVANCED_FACE('',(#8234),#8245,.F.);
#8234 = FACE_BOUND('',#8235,.F.);
#8235 = EDGE_LOOP('',(#8236,#8237,#8243,#8244));
#8236 = ORIENTED_EDGE('',*,*,#1882,.F.);
#8237 = ORIENTED_EDGE('',*,*,#8238,.T.);
#8238 = EDGE_CURVE('',#1875,#4196,#8239,.T.);
#8239 = LINE('',#8240,#8241);
#8240 = CARTESIAN_POINT('',(101.333855,82.6064,0.));
#8241 = VECTOR('',#8242,1.);
#8242 = DIRECTION('',(0.,0.,1.));
#8243 = ORIENTED_EDGE('',*,*,#4203,.F.);
#8244 = ORIENTED_EDGE('',*,*,#8216,.F.);
#8245 = PLANE('',#8246);
#8246 = AXIS2_PLACEMENT_3D('',#8247,#8248,#8249);
#8247 = CARTESIAN_POINT('',(101.333855,82.6064,0.));
#8248 = DIRECTION('',(-1.,0.,0.));
#8249 = DIRECTION('',(0.,1.,0.));
#8250 = ADVANCED_FACE('',(#8251),#8262,.F.);
#8251 = FACE_BOUND('',#8252,.F.);
#8252 = EDGE_LOOP('',(#8253,#8254,#8255,#8256));
#8253 = ORIENTED_EDGE('',*,*,#1866,.F.);
#8254 = ORIENTED_EDGE('',*,*,#8223,.T.);
#8255 = ORIENTED_EDGE('',*,*,#4185,.F.);
#8256 = ORIENTED_EDGE('',*,*,#8257,.F.);
#8257 = EDGE_CURVE('',#1867,#4186,#8258,.T.);
#8258 = LINE('',#8259,#8260);
#8259 = CARTESIAN_POINT('',(115.519264,82.6064,0.));
#8260 = VECTOR('',#8261,1.);
#8261 = DIRECTION('',(0.,0.,1.));
#8262 = PLANE('',#8263);
#8263 = AXIS2_PLACEMENT_3D('',#8264,#8265,#8266);
#8264 = CARTESIAN_POINT('',(115.519264,96.588234,0.));
#8265 = DIRECTION('',(1.,0.,0.));
#8266 = DIRECTION('',(0.,-1.,0.));
#8267 = ADVANCED_FACE('',(#8268),#8274,.F.);
#8268 = FACE_BOUND('',#8269,.F.);
#8269 = EDGE_LOOP('',(#8270,#8271,#8272,#8273));
#8270 = ORIENTED_EDGE('',*,*,#1874,.F.);
#8271 = ORIENTED_EDGE('',*,*,#8257,.T.);
#8272 = ORIENTED_EDGE('',*,*,#4195,.F.);
#8273 = ORIENTED_EDGE('',*,*,#8238,.F.);
#8274 = PLANE('',#8275);
#8275 = AXIS2_PLACEMENT_3D('',#8276,#8277,#8278);
#8276 = CARTESIAN_POINT('',(115.519264,82.6064,0.));
#8277 = DIRECTION('',(0.,-1.,0.));
#8278 = DIRECTION('',(-1.,0.,0.));
#8279 = ADVANCED_FACE('',(#8280),#8296,.F.);
#8280 = FACE_BOUND('',#8281,.F.);
#8281 = EDGE_LOOP('',(#8282,#8283,#8289,#8290));
#8282 = ORIENTED_EDGE('',*,*,#1890,.F.);
#8283 = ORIENTED_EDGE('',*,*,#8284,.T.);
#8284 = EDGE_CURVE('',#1891,#4238,#8285,.T.);
#8285 = LINE('',#8286,#8287);
#8286 = CARTESIAN_POINT('',(120.523056,96.526459,0.));
#8287 = VECTOR('',#8288,1.);
#8288 = DIRECTION('',(0.,0.,1.));
#8289 = ORIENTED_EDGE('',*,*,#4245,.F.);
#8290 = ORIENTED_EDGE('',*,*,#8291,.F.);
#8291 = EDGE_CURVE('',#1893,#4222,#8292,.T.);
#8292 = LINE('',#8293,#8294);
#8293 = CARTESIAN_POINT('',(134.669617,96.526459,0.));
#8294 = VECTOR('',#8295,1.);
#8295 = DIRECTION('',(0.,0.,1.));
#8296 = PLANE('',#8297);
#8297 = AXIS2_PLACEMENT_3D('',#8298,#8299,#8300);
#8298 = CARTESIAN_POINT('',(120.523056,96.526459,0.));
#8299 = DIRECTION('',(0.,1.,0.));
#8300 = DIRECTION('',(1.,0.,0.));
#8301 = ADVANCED_FACE('',(#8302),#8313,.F.);
#8302 = FACE_BOUND('',#8303,.F.);
#8303 = EDGE_LOOP('',(#8304,#8305,#8311,#8312));
#8304 = ORIENTED_EDGE('',*,*,#1916,.F.);
#8305 = ORIENTED_EDGE('',*,*,#8306,.T.);
#8306 = EDGE_CURVE('',#1909,#4230,#8307,.T.);
#8307 = LINE('',#8308,#8309);
#8308 = CARTESIAN_POINT('',(120.523056,82.503464,0.));
#8309 = VECTOR('',#8310,1.);
#8310 = DIRECTION('',(0.,0.,1.));
#8311 = ORIENTED_EDGE('',*,*,#4237,.F.);
#8312 = ORIENTED_EDGE('',*,*,#8284,.F.);
#8313 = PLANE('',#8314);
#8314 = AXIS2_PLACEMENT_3D('',#8315,#8316,#8317);
#8315 = CARTESIAN_POINT('',(120.523056,82.503464,0.));
#8316 = DIRECTION('',(-1.,0.,0.));
#8317 = DIRECTION('',(0.,1.,0.));
#8318 = ADVANCED_FACE('',(#8319),#8330,.F.);
#8319 = FACE_BOUND('',#8320,.F.);
#8320 = EDGE_LOOP('',(#8321,#8322,#8323,#8324));
#8321 = ORIENTED_EDGE('',*,*,#1900,.F.);
#8322 = ORIENTED_EDGE('',*,*,#8291,.T.);
#8323 = ORIENTED_EDGE('',*,*,#4219,.F.);
#8324 = ORIENTED_EDGE('',*,*,#8325,.F.);
#8325 = EDGE_CURVE('',#1901,#4220,#8326,.T.);
#8326 = LINE('',#8327,#8328);
#8327 = CARTESIAN_POINT('',(134.669617,82.503464,0.));
#8328 = VECTOR('',#8329,1.);
#8329 = DIRECTION('',(0.,0.,1.));
#8330 = PLANE('',#8331);
#8331 = AXIS2_PLACEMENT_3D('',#8332,#8333,#8334);
#8332 = CARTESIAN_POINT('',(134.669617,96.526459,0.));
#8333 = DIRECTION('',(1.,0.,0.));
#8334 = DIRECTION('',(0.,-1.,0.));
#8335 = ADVANCED_FACE('',(#8336),#8342,.F.);
#8336 = FACE_BOUND('',#8337,.F.);
#8337 = EDGE_LOOP('',(#8338,#8339,#8340,#8341));
#8338 = ORIENTED_EDGE('',*,*,#1908,.F.);
#8339 = ORIENTED_EDGE('',*,*,#8325,.T.);
#8340 = ORIENTED_EDGE('',*,*,#4229,.F.);
#8341 = ORIENTED_EDGE('',*,*,#8306,.F.);
#8342 = PLANE('',#8343);
#8343 = AXIS2_PLACEMENT_3D('',#8344,#8345,#8346);
#8344 = CARTESIAN_POINT('',(134.669617,82.503464,0.));
#8345 = DIRECTION('',(0.,-1.,0.));
#8346 = DIRECTION('',(-1.,0.,0.));
#8347 = ADVANCED_FACE('',(#8348),#8364,.F.);
#8348 = FACE_BOUND('',#8349,.F.);
#8349 = EDGE_LOOP('',(#8350,#8351,#8357,#8358));
#8350 = ORIENTED_EDGE('',*,*,#1924,.F.);
#8351 = ORIENTED_EDGE('',*,*,#8352,.T.);
#8352 = EDGE_CURVE('',#1925,#4272,#8353,.T.);
#8353 = LINE('',#8354,#8355);
#8354 = CARTESIAN_POINT('',(139.910248,96.681137,0.));
#8355 = VECTOR('',#8356,1.);
#8356 = DIRECTION('',(0.,0.,1.));
#8357 = ORIENTED_EDGE('',*,*,#4279,.F.);
#8358 = ORIENTED_EDGE('',*,*,#8359,.F.);
#8359 = EDGE_CURVE('',#1927,#4256,#8360,.T.);
#8360 = LINE('',#8361,#8362);
#8361 = CARTESIAN_POINT('',(154.019882,96.681137,0.));
#8362 = VECTOR('',#8363,1.);
#8363 = DIRECTION('',(0.,0.,1.));
#8364 = PLANE('',#8365);
#8365 = AXIS2_PLACEMENT_3D('',#8366,#8367,#8368);
#8366 = CARTESIAN_POINT('',(139.910248,96.681137,0.));
#8367 = DIRECTION('',(0.,1.,0.));
#8368 = DIRECTION('',(1.,0.,0.));
#8369 = ADVANCED_FACE('',(#8370),#8381,.F.);
#8370 = FACE_BOUND('',#8371,.F.);
#8371 = EDGE_LOOP('',(#8372,#8373,#8379,#8380));
#8372 = ORIENTED_EDGE('',*,*,#1950,.F.);
#8373 = ORIENTED_EDGE('',*,*,#8374,.T.);
#8374 = EDGE_CURVE('',#1943,#4264,#8375,.T.);
#8375 = LINE('',#8376,#8377);
#8376 = CARTESIAN_POINT('',(139.910248,82.646973,0.));
#8377 = VECTOR('',#8378,1.);
#8378 = DIRECTION('',(0.,0.,1.));
#8379 = ORIENTED_EDGE('',*,*,#4271,.F.);
#8380 = ORIENTED_EDGE('',*,*,#8352,.F.);
#8381 = PLANE('',#8382);
#8382 = AXIS2_PLACEMENT_3D('',#8383,#8384,#8385);
#8383 = CARTESIAN_POINT('',(139.910248,82.646973,0.));
#8384 = DIRECTION('',(-1.,0.,0.));
#8385 = DIRECTION('',(0.,1.,0.));
#8386 = ADVANCED_FACE('',(#8387),#8398,.F.);
#8387 = FACE_BOUND('',#8388,.F.);
#8388 = EDGE_LOOP('',(#8389,#8390,#8391,#8392));
#8389 = ORIENTED_EDGE('',*,*,#1934,.F.);
#8390 = ORIENTED_EDGE('',*,*,#8359,.T.);
#8391 = ORIENTED_EDGE('',*,*,#4253,.F.);
#8392 = ORIENTED_EDGE('',*,*,#8393,.F.);
#8393 = EDGE_CURVE('',#1935,#4254,#8394,.T.);
#8394 = LINE('',#8395,#8396);
#8395 = CARTESIAN_POINT('',(154.019882,82.646973,0.));
#8396 = VECTOR('',#8397,1.);
#8397 = DIRECTION('',(0.,0.,1.));
#8398 = PLANE('',#8399);
#8399 = AXIS2_PLACEMENT_3D('',#8400,#8401,#8402);
#8400 = CARTESIAN_POINT('',(154.019882,96.681137,0.));
#8401 = DIRECTION('',(1.,0.,0.));
#8402 = DIRECTION('',(0.,-1.,0.));
#8403 = ADVANCED_FACE('',(#8404),#8410,.F.);
#8404 = FACE_BOUND('',#8405,.F.);
#8405 = EDGE_LOOP('',(#8406,#8407,#8408,#8409));
#8406 = ORIENTED_EDGE('',*,*,#1942,.F.);
#8407 = ORIENTED_EDGE('',*,*,#8393,.T.);
#8408 = ORIENTED_EDGE('',*,*,#4263,.F.);
#8409 = ORIENTED_EDGE('',*,*,#8374,.F.);
#8410 = PLANE('',#8411);
#8411 = AXIS2_PLACEMENT_3D('',#8412,#8413,#8414);
#8412 = CARTESIAN_POINT('',(154.019882,82.646973,0.));
#8413 = DIRECTION('',(0.,-1.,0.));
#8414 = DIRECTION('',(-1.,0.,0.));
#8415 = ADVANCED_FACE('',(#8416),#8432,.F.);
#8416 = FACE_BOUND('',#8417,.F.);
#8417 = EDGE_LOOP('',(#8418,#8419,#8425,#8426));
#8418 = ORIENTED_EDGE('',*,*,#1958,.F.);
#8419 = ORIENTED_EDGE('',*,*,#8420,.T.);
#8420 = EDGE_CURVE('',#1959,#4306,#8421,.T.);
#8421 = LINE('',#8422,#8423);
#8422 = CARTESIAN_POINT('',(149.269333,77.132454,0.));
#8423 = VECTOR('',#8424,1.);
#8424 = DIRECTION('',(0.,0.,1.));
#8425 = ORIENTED_EDGE('',*,*,#4313,.F.);
#8426 = ORIENTED_EDGE('',*,*,#8427,.F.);
#8427 = EDGE_CURVE('',#1961,#4290,#8428,.T.);
#8428 = LINE('',#8429,#8430);
#8429 = CARTESIAN_POINT('',(163.281311,77.132454,0.));
#8430 = VECTOR('',#8431,1.);
#8431 = DIRECTION('',(0.,0.,1.));
#8432 = PLANE('',#8433);
#8433 = AXIS2_PLACEMENT_3D('',#8434,#8435,#8436);
#8434 = CARTESIAN_POINT('',(149.269333,77.132454,0.));
#8435 = DIRECTION('',(0.,1.,0.));
#8436 = DIRECTION('',(1.,0.,0.));
#8437 = ADVANCED_FACE('',(#8438),#8449,.F.);
#8438 = FACE_BOUND('',#8439,.F.);
#8439 = EDGE_LOOP('',(#8440,#8441,#8447,#8448));
#8440 = ORIENTED_EDGE('',*,*,#1984,.F.);
#8441 = ORIENTED_EDGE('',*,*,#8442,.T.);
#8442 = EDGE_CURVE('',#1977,#4298,#8443,.T.);
#8443 = LINE('',#8444,#8445);
#8444 = CARTESIAN_POINT('',(149.269333,63.09465,0.));
#8445 = VECTOR('',#8446,1.);
#8446 = DIRECTION('',(0.,0.,1.));
#8447 = ORIENTED_EDGE('',*,*,#4305,.F.);
#8448 = ORIENTED_EDGE('',*,*,#8420,.F.);
#8449 = PLANE('',#8450);
#8450 = AXIS2_PLACEMENT_3D('',#8451,#8452,#8453);
#8451 = CARTESIAN_POINT('',(149.269333,63.09465,0.));
#8452 = DIRECTION('',(-1.,0.,0.));
#8453 = DIRECTION('',(0.,1.,0.));
#8454 = ADVANCED_FACE('',(#8455),#8466,.F.);
#8455 = FACE_BOUND('',#8456,.F.);
#8456 = EDGE_LOOP('',(#8457,#8458,#8459,#8460));
#8457 = ORIENTED_EDGE('',*,*,#1968,.F.);
#8458 = ORIENTED_EDGE('',*,*,#8427,.T.);
#8459 = ORIENTED_EDGE('',*,*,#4287,.F.);
#8460 = ORIENTED_EDGE('',*,*,#8461,.F.);
#8461 = EDGE_CURVE('',#1969,#4288,#8462,.T.);
#8462 = LINE('',#8463,#8464);
#8463 = CARTESIAN_POINT('',(163.281311,63.09465,0.));
#8464 = VECTOR('',#8465,1.);
#8465 = DIRECTION('',(0.,0.,1.));
#8466 = PLANE('',#8467);
#8467 = AXIS2_PLACEMENT_3D('',#8468,#8469,#8470);
#8468 = CARTESIAN_POINT('',(163.281311,77.132454,0.));
#8469 = DIRECTION('',(1.,0.,0.));
#8470 = DIRECTION('',(0.,-1.,0.));
#8471 = ADVANCED_FACE('',(#8472),#8478,.F.);
#8472 = FACE_BOUND('',#8473,.F.);
#8473 = EDGE_LOOP('',(#8474,#8475,#8476,#8477));
#8474 = ORIENTED_EDGE('',*,*,#1976,.F.);
#8475 = ORIENTED_EDGE('',*,*,#8461,.T.);
#8476 = ORIENTED_EDGE('',*,*,#4297,.F.);
#8477 = ORIENTED_EDGE('',*,*,#8442,.F.);
#8478 = PLANE('',#8479);
#8479 = AXIS2_PLACEMENT_3D('',#8480,#8481,#8482);
#8480 = CARTESIAN_POINT('',(163.281311,63.09465,0.));
#8481 = DIRECTION('',(0.,-1.,0.));
#8482 = DIRECTION('',(-1.,0.,0.));
#8483 = ADVANCED_FACE('',(#8484),#8500,.F.);
#8484 = FACE_BOUND('',#8485,.F.);
#8485 = EDGE_LOOP('',(#8486,#8487,#8493,#8494));
#8486 = ORIENTED_EDGE('',*,*,#1992,.F.);
#8487 = ORIENTED_EDGE('',*,*,#8488,.T.);
#8488 = EDGE_CURVE('',#1993,#4340,#8489,.T.);
#8489 = LINE('',#8490,#8491);
#8490 = CARTESIAN_POINT('',(168.082657,77.114143,0.));
#8491 = VECTOR('',#8492,1.);
#8492 = DIRECTION('',(0.,0.,1.));
#8493 = ORIENTED_EDGE('',*,*,#4347,.F.);
#8494 = ORIENTED_EDGE('',*,*,#8495,.F.);
#8495 = EDGE_CURVE('',#1995,#4324,#8496,.T.);
#8496 = LINE('',#8497,#8498);
#8497 = CARTESIAN_POINT('',(182.192291,77.114143,0.));
#8498 = VECTOR('',#8499,1.);
#8499 = DIRECTION('',(0.,0.,1.));
#8500 = PLANE('',#8501);
#8501 = AXIS2_PLACEMENT_3D('',#8502,#8503,#8504);
#8502 = CARTESIAN_POINT('',(168.082657,77.114143,0.));
#8503 = DIRECTION('',(0.,1.,0.));
#8504 = DIRECTION('',(1.,0.,0.));
#8505 = ADVANCED_FACE('',(#8506),#8517,.F.);
#8506 = FACE_BOUND('',#8507,.F.);
#8507 = EDGE_LOOP('',(#8508,#8509,#8515,#8516));
#8508 = ORIENTED_EDGE('',*,*,#2018,.F.);
#8509 = ORIENTED_EDGE('',*,*,#8510,.T.);
#8510 = EDGE_CURVE('',#2011,#4332,#8511,.T.);
#8511 = LINE('',#8512,#8513);
#8512 = CARTESIAN_POINT('',(168.082657,63.155422,0.));
#8513 = VECTOR('',#8514,1.);
#8514 = DIRECTION('',(0.,0.,1.));
#8515 = ORIENTED_EDGE('',*,*,#4339,.F.);
#8516 = ORIENTED_EDGE('',*,*,#8488,.F.);
#8517 = PLANE('',#8518);
#8518 = AXIS2_PLACEMENT_3D('',#8519,#8520,#8521);
#8519 = CARTESIAN_POINT('',(168.082657,63.155422,0.));
#8520 = DIRECTION('',(-1.,0.,0.));
#8521 = DIRECTION('',(0.,1.,0.));
#8522 = ADVANCED_FACE('',(#8523),#8534,.F.);
#8523 = FACE_BOUND('',#8524,.F.);
#8524 = EDGE_LOOP('',(#8525,#8526,#8527,#8528));
#8525 = ORIENTED_EDGE('',*,*,#2002,.F.);
#8526 = ORIENTED_EDGE('',*,*,#8495,.T.);
#8527 = ORIENTED_EDGE('',*,*,#4321,.F.);
#8528 = ORIENTED_EDGE('',*,*,#8529,.F.);
#8529 = EDGE_CURVE('',#2003,#4322,#8530,.T.);
#8530 = LINE('',#8531,#8532);
#8531 = CARTESIAN_POINT('',(182.192291,63.155422,0.));
#8532 = VECTOR('',#8533,1.);
#8533 = DIRECTION('',(0.,0.,1.));
#8534 = PLANE('',#8535);
#8535 = AXIS2_PLACEMENT_3D('',#8536,#8537,#8538);
#8536 = CARTESIAN_POINT('',(182.192291,77.114143,0.));
#8537 = DIRECTION('',(1.,0.,0.));
#8538 = DIRECTION('',(0.,-1.,0.));
#8539 = ADVANCED_FACE('',(#8540),#8546,.F.);
#8540 = FACE_BOUND('',#8541,.F.);
#8541 = EDGE_LOOP('',(#8542,#8543,#8544,#8545));
#8542 = ORIENTED_EDGE('',*,*,#2010,.F.);
#8543 = ORIENTED_EDGE('',*,*,#8529,.T.);
#8544 = ORIENTED_EDGE('',*,*,#4331,.F.);
#8545 = ORIENTED_EDGE('',*,*,#8510,.F.);
#8546 = PLANE('',#8547);
#8547 = AXIS2_PLACEMENT_3D('',#8548,#8549,#8550);
#8548 = CARTESIAN_POINT('',(182.192291,63.155422,0.));
#8549 = DIRECTION('',(0.,-1.,0.));
#8550 = DIRECTION('',(-1.,0.,0.));
#8551 = ADVANCED_FACE('',(#8552),#8568,.F.);
#8552 = FACE_BOUND('',#8553,.F.);
#8553 = EDGE_LOOP('',(#8554,#8555,#8561,#8562));
#8554 = ORIENTED_EDGE('',*,*,#2026,.F.);
#8555 = ORIENTED_EDGE('',*,*,#8556,.T.);
#8556 = EDGE_CURVE('',#2027,#4374,#8557,.T.);
#8557 = LINE('',#8558,#8559);
#8558 = CARTESIAN_POINT('',(186.945801,77.265038,0.));
#8559 = VECTOR('',#8560,1.);
#8560 = DIRECTION('',(0.,0.,1.));
#8561 = ORIENTED_EDGE('',*,*,#4381,.F.);
#8562 = ORIENTED_EDGE('',*,*,#8563,.F.);
#8563 = EDGE_CURVE('',#2029,#4358,#8564,.T.);
#8564 = LINE('',#8565,#8566);
#8565 = CARTESIAN_POINT('',(201.130875,77.265038,0.));
#8566 = VECTOR('',#8567,1.);
#8567 = DIRECTION('',(0.,0.,1.));
#8568 = PLANE('',#8569);
#8569 = AXIS2_PLACEMENT_3D('',#8570,#8571,#8572);
#8570 = CARTESIAN_POINT('',(186.945801,77.265038,0.));
#8571 = DIRECTION('',(0.,1.,0.));
#8572 = DIRECTION('',(1.,0.,0.));
#8573 = ADVANCED_FACE('',(#8574),#8585,.F.);
#8574 = FACE_BOUND('',#8575,.F.);
#8575 = EDGE_LOOP('',(#8576,#8577,#8583,#8584));
#8576 = ORIENTED_EDGE('',*,*,#2052,.F.);
#8577 = ORIENTED_EDGE('',*,*,#8578,.T.);
#8578 = EDGE_CURVE('',#2045,#4366,#8579,.T.);
#8579 = LINE('',#8580,#8581);
#8580 = CARTESIAN_POINT('',(186.945801,63.155415,0.));
#8581 = VECTOR('',#8582,1.);
#8582 = DIRECTION('',(0.,0.,1.));
#8583 = ORIENTED_EDGE('',*,*,#4373,.F.);
#8584 = ORIENTED_EDGE('',*,*,#8556,.F.);
#8585 = PLANE('',#8586);
#8586 = AXIS2_PLACEMENT_3D('',#8587,#8588,#8589);
#8587 = CARTESIAN_POINT('',(186.945801,63.155415,0.));
#8588 = DIRECTION('',(-1.,0.,0.));
#8589 = DIRECTION('',(0.,1.,0.));
#8590 = ADVANCED_FACE('',(#8591),#8602,.F.);
#8591 = FACE_BOUND('',#8592,.F.);
#8592 = EDGE_LOOP('',(#8593,#8594,#8595,#8596));
#8593 = ORIENTED_EDGE('',*,*,#2036,.F.);
#8594 = ORIENTED_EDGE('',*,*,#8563,.T.);
#8595 = ORIENTED_EDGE('',*,*,#4355,.F.);
#8596 = ORIENTED_EDGE('',*,*,#8597,.F.);
#8597 = EDGE_CURVE('',#2037,#4356,#8598,.T.);
#8598 = LINE('',#8599,#8600);
#8599 = CARTESIAN_POINT('',(201.130875,63.155415,0.));
#8600 = VECTOR('',#8601,1.);
#8601 = DIRECTION('',(0.,0.,1.));
#8602 = PLANE('',#8603);
#8603 = AXIS2_PLACEMENT_3D('',#8604,#8605,#8606);
#8604 = CARTESIAN_POINT('',(201.130875,77.265038,0.));
#8605 = DIRECTION('',(1.,0.,0.));
#8606 = DIRECTION('',(0.,-1.,0.));
#8607 = ADVANCED_FACE('',(#8608),#8614,.F.);
#8608 = FACE_BOUND('',#8609,.F.);
#8609 = EDGE_LOOP('',(#8610,#8611,#8612,#8613));
#8610 = ORIENTED_EDGE('',*,*,#2044,.F.);
#8611 = ORIENTED_EDGE('',*,*,#8597,.T.);
#8612 = ORIENTED_EDGE('',*,*,#4365,.F.);
#8613 = ORIENTED_EDGE('',*,*,#8578,.F.);
#8614 = PLANE('',#8615);
#8615 = AXIS2_PLACEMENT_3D('',#8616,#8617,#8618);
#8616 = CARTESIAN_POINT('',(201.130875,63.155415,0.));
#8617 = DIRECTION('',(0.,-1.,0.));
#8618 = DIRECTION('',(-1.,0.,0.));
#8619 = ADVANCED_FACE('',(#8620),#8636,.F.);
#8620 = FACE_BOUND('',#8621,.F.);
#8621 = EDGE_LOOP('',(#8622,#8623,#8629,#8630));
#8622 = ORIENTED_EDGE('',*,*,#2060,.F.);
#8623 = ORIENTED_EDGE('',*,*,#8624,.T.);
#8624 = EDGE_CURVE('',#2061,#4408,#8625,.T.);
#8625 = LINE('',#8626,#8627);
#8626 = CARTESIAN_POINT('',(205.940933,77.345016,0.));
#8627 = VECTOR('',#8628,1.);
#8628 = DIRECTION('',(0.,0.,1.));
#8629 = ORIENTED_EDGE('',*,*,#4415,.F.);
#8630 = ORIENTED_EDGE('',*,*,#8631,.F.);
#8631 = EDGE_CURVE('',#2063,#4392,#8632,.T.);
#8632 = LINE('',#8633,#8634);
#8633 = CARTESIAN_POINT('',(220.025711,77.345016,0.));
#8634 = VECTOR('',#8635,1.);
#8635 = DIRECTION('',(0.,0.,1.));
#8636 = PLANE('',#8637);
#8637 = AXIS2_PLACEMENT_3D('',#8638,#8639,#8640);
#8638 = CARTESIAN_POINT('',(205.940933,77.345016,0.));
#8639 = DIRECTION('',(0.,1.,0.));
#8640 = DIRECTION('',(1.,0.,0.));
#8641 = ADVANCED_FACE('',(#8642),#8653,.F.);
#8642 = FACE_BOUND('',#8643,.F.);
#8643 = EDGE_LOOP('',(#8644,#8645,#8651,#8652));
#8644 = ORIENTED_EDGE('',*,*,#2086,.F.);
#8645 = ORIENTED_EDGE('',*,*,#8646,.T.);
#8646 = EDGE_CURVE('',#2079,#4400,#8647,.T.);
#8647 = LINE('',#8648,#8649);
#8648 = CARTESIAN_POINT('',(205.940933,63.198467,0.));
#8649 = VECTOR('',#8650,1.);
#8650 = DIRECTION('',(0.,0.,1.));
#8651 = ORIENTED_EDGE('',*,*,#4407,.F.);
#8652 = ORIENTED_EDGE('',*,*,#8624,.F.);
#8653 = PLANE('',#8654);
#8654 = AXIS2_PLACEMENT_3D('',#8655,#8656,#8657);
#8655 = CARTESIAN_POINT('',(205.940933,63.198467,0.));
#8656 = DIRECTION('',(-1.,0.,0.));
#8657 = DIRECTION('',(0.,1.,0.));
#8658 = ADVANCED_FACE('',(#8659),#8670,.F.);
#8659 = FACE_BOUND('',#8660,.F.);
#8660 = EDGE_LOOP('',(#8661,#8662,#8663,#8664));
#8661 = ORIENTED_EDGE('',*,*,#2070,.F.);
#8662 = ORIENTED_EDGE('',*,*,#8631,.T.);
#8663 = ORIENTED_EDGE('',*,*,#4389,.F.);
#8664 = ORIENTED_EDGE('',*,*,#8665,.F.);
#8665 = EDGE_CURVE('',#2071,#4390,#8666,.T.);
#8666 = LINE('',#8667,#8668);
#8667 = CARTESIAN_POINT('',(220.025711,63.198467,0.));
#8668 = VECTOR('',#8669,1.);
#8669 = DIRECTION('',(0.,0.,1.));
#8670 = PLANE('',#8671);
#8671 = AXIS2_PLACEMENT_3D('',#8672,#8673,#8674);
#8672 = CARTESIAN_POINT('',(220.025711,77.345016,0.));
#8673 = DIRECTION('',(1.,0.,0.));
#8674 = DIRECTION('',(0.,-1.,0.));
#8675 = ADVANCED_FACE('',(#8676),#8682,.F.);
#8676 = FACE_BOUND('',#8677,.F.);
#8677 = EDGE_LOOP('',(#8678,#8679,#8680,#8681));
#8678 = ORIENTED_EDGE('',*,*,#2078,.F.);
#8679 = ORIENTED_EDGE('',*,*,#8665,.T.);
#8680 = ORIENTED_EDGE('',*,*,#4399,.F.);
#8681 = ORIENTED_EDGE('',*,*,#8646,.F.);
#8682 = PLANE('',#8683);
#8683 = AXIS2_PLACEMENT_3D('',#8684,#8685,#8686);
#8684 = CARTESIAN_POINT('',(220.025711,63.198467,0.));
#8685 = DIRECTION('',(0.,-1.,0.));
#8686 = DIRECTION('',(-1.,0.,0.));
#8687 = ADVANCED_FACE('',(#8688),#8704,.F.);
#8688 = FACE_BOUND('',#8689,.F.);
#8689 = EDGE_LOOP('',(#8690,#8691,#8697,#8698));
#8690 = ORIENTED_EDGE('',*,*,#2094,.F.);
#8691 = ORIENTED_EDGE('',*,*,#8692,.T.);
#8692 = EDGE_CURVE('',#2095,#4442,#8693,.T.);
#8693 = LINE('',#8694,#8695);
#8694 = CARTESIAN_POINT('',(224.895493,77.09742,0.));
#8695 = VECTOR('',#8696,1.);
#8696 = DIRECTION('',(0.,0.,1.));
#8697 = ORIENTED_EDGE('',*,*,#4449,.F.);
#8698 = ORIENTED_EDGE('',*,*,#8699,.F.);
#8699 = EDGE_CURVE('',#2097,#4426,#8700,.T.);
#8700 = LINE('',#8701,#8702);
#8701 = CARTESIAN_POINT('',(239.227371,77.09742,0.));
#8702 = VECTOR('',#8703,1.);
#8703 = DIRECTION('',(0.,0.,1.));
#8704 = PLANE('',#8705);
#8705 = AXIS2_PLACEMENT_3D('',#8706,#8707,#8708);
#8706 = CARTESIAN_POINT('',(224.895493,77.09742,0.));
#8707 = DIRECTION('',(0.,1.,0.));
#8708 = DIRECTION('',(1.,0.,0.));
#8709 = ADVANCED_FACE('',(#8710),#8721,.F.);
#8710 = FACE_BOUND('',#8711,.F.);
#8711 = EDGE_LOOP('',(#8712,#8713,#8719,#8720));
#8712 = ORIENTED_EDGE('',*,*,#2120,.F.);
#8713 = ORIENTED_EDGE('',*,*,#8714,.T.);
#8714 = EDGE_CURVE('',#2113,#4434,#8715,.T.);
#8715 = LINE('',#8716,#8717);
#8716 = CARTESIAN_POINT('',(224.895493,63.1362,0.));
#8717 = VECTOR('',#8718,1.);
#8718 = DIRECTION('',(0.,0.,1.));
#8719 = ORIENTED_EDGE('',*,*,#4441,.F.);
#8720 = ORIENTED_EDGE('',*,*,#8692,.F.);
#8721 = PLANE('',#8722);
#8722 = AXIS2_PLACEMENT_3D('',#8723,#8724,#8725);
#8723 = CARTESIAN_POINT('',(224.895493,63.1362,0.));
#8724 = DIRECTION('',(-1.,0.,0.));
#8725 = DIRECTION('',(0.,1.,0.));
#8726 = ADVANCED_FACE('',(#8727),#8738,.F.);
#8727 = FACE_BOUND('',#8728,.F.);
#8728 = EDGE_LOOP('',(#8729,#8730,#8731,#8732));
#8729 = ORIENTED_EDGE('',*,*,#2104,.F.);
#8730 = ORIENTED_EDGE('',*,*,#8699,.T.);
#8731 = ORIENTED_EDGE('',*,*,#4423,.F.);
#8732 = ORIENTED_EDGE('',*,*,#8733,.F.);
#8733 = EDGE_CURVE('',#2105,#4424,#8734,.T.);
#8734 = LINE('',#8735,#8736);
#8735 = CARTESIAN_POINT('',(239.227371,63.1362,0.));
#8736 = VECTOR('',#8737,1.);
#8737 = DIRECTION('',(0.,0.,1.));
#8738 = PLANE('',#8739);
#8739 = AXIS2_PLACEMENT_3D('',#8740,#8741,#8742);
#8740 = CARTESIAN_POINT('',(239.227371,77.09742,0.));
#8741 = DIRECTION('',(1.,0.,0.));
#8742 = DIRECTION('',(0.,-1.,0.));
#8743 = ADVANCED_FACE('',(#8744),#8750,.F.);
#8744 = FACE_BOUND('',#8745,.F.);
#8745 = EDGE_LOOP('',(#8746,#8747,#8748,#8749));
#8746 = ORIENTED_EDGE('',*,*,#2112,.F.);
#8747 = ORIENTED_EDGE('',*,*,#8733,.T.);
#8748 = ORIENTED_EDGE('',*,*,#4433,.F.);
#8749 = ORIENTED_EDGE('',*,*,#8714,.F.);
#8750 = PLANE('',#8751);
#8751 = AXIS2_PLACEMENT_3D('',#8752,#8753,#8754);
#8752 = CARTESIAN_POINT('',(239.227371,63.1362,0.));
#8753 = DIRECTION('',(0.,-1.,0.));
#8754 = DIRECTION('',(-1.,0.,0.));
#8755 = ADVANCED_FACE('',(#8756),#8772,.F.);
#8756 = FACE_BOUND('',#8757,.F.);
#8757 = EDGE_LOOP('',(#8758,#8759,#8765,#8766));
#8758 = ORIENTED_EDGE('',*,*,#2128,.F.);
#8759 = ORIENTED_EDGE('',*,*,#8760,.T.);
#8760 = EDGE_CURVE('',#2129,#4476,#8761,.T.);
#8761 = LINE('',#8762,#8763);
#8762 = CARTESIAN_POINT('',(243.887711,77.245056,0.));
#8763 = VECTOR('',#8764,1.);
#8764 = DIRECTION('',(0.,0.,1.));
#8765 = ORIENTED_EDGE('',*,*,#4483,.F.);
#8766 = ORIENTED_EDGE('',*,*,#8767,.F.);
#8767 = EDGE_CURVE('',#2131,#4460,#8768,.T.);
#8768 = LINE('',#8769,#8770);
#8769 = CARTESIAN_POINT('',(258.183075,77.245056,0.));
#8770 = VECTOR('',#8771,1.);
#8771 = DIRECTION('',(0.,0.,1.));
#8772 = PLANE('',#8773);
#8773 = AXIS2_PLACEMENT_3D('',#8774,#8775,#8776);
#8774 = CARTESIAN_POINT('',(243.887711,77.245056,0.));
#8775 = DIRECTION('',(0.,1.,0.));
#8776 = DIRECTION('',(1.,0.,0.));
#8777 = ADVANCED_FACE('',(#8778),#8789,.F.);
#8778 = FACE_BOUND('',#8779,.F.);
#8779 = EDGE_LOOP('',(#8780,#8781,#8787,#8788));
#8780 = ORIENTED_EDGE('',*,*,#2154,.F.);
#8781 = ORIENTED_EDGE('',*,*,#8782,.T.);
#8782 = EDGE_CURVE('',#2147,#4468,#8783,.T.);
#8783 = LINE('',#8784,#8785);
#8784 = CARTESIAN_POINT('',(243.887711,62.949707,0.));
#8785 = VECTOR('',#8786,1.);
#8786 = DIRECTION('',(0.,0.,1.));
#8787 = ORIENTED_EDGE('',*,*,#4475,.F.);
#8788 = ORIENTED_EDGE('',*,*,#8760,.F.);
#8789 = PLANE('',#8790);
#8790 = AXIS2_PLACEMENT_3D('',#8791,#8792,#8793);
#8791 = CARTESIAN_POINT('',(243.887711,62.949707,0.));
#8792 = DIRECTION('',(-1.,0.,0.));
#8793 = DIRECTION('',(0.,1.,0.));
#8794 = ADVANCED_FACE('',(#8795),#8806,.F.);
#8795 = FACE_BOUND('',#8796,.F.);
#8796 = EDGE_LOOP('',(#8797,#8798,#8799,#8800));
#8797 = ORIENTED_EDGE('',*,*,#2138,.F.);
#8798 = ORIENTED_EDGE('',*,*,#8767,.T.);
#8799 = ORIENTED_EDGE('',*,*,#4457,.F.);
#8800 = ORIENTED_EDGE('',*,*,#8801,.F.);
#8801 = EDGE_CURVE('',#2139,#4458,#8802,.T.);
#8802 = LINE('',#8803,#8804);
#8803 = CARTESIAN_POINT('',(258.183075,62.949707,0.));
#8804 = VECTOR('',#8805,1.);
#8805 = DIRECTION('',(0.,0.,1.));
#8806 = PLANE('',#8807);
#8807 = AXIS2_PLACEMENT_3D('',#8808,#8809,#8810);
#8808 = CARTESIAN_POINT('',(258.183075,77.245056,0.));
#8809 = DIRECTION('',(1.,0.,0.));
#8810 = DIRECTION('',(0.,-1.,0.));
#8811 = ADVANCED_FACE('',(#8812),#8818,.F.);
#8812 = FACE_BOUND('',#8813,.F.);
#8813 = EDGE_LOOP('',(#8814,#8815,#8816,#8817));
#8814 = ORIENTED_EDGE('',*,*,#2146,.F.);
#8815 = ORIENTED_EDGE('',*,*,#8801,.T.);
#8816 = ORIENTED_EDGE('',*,*,#4467,.F.);
#8817 = ORIENTED_EDGE('',*,*,#8782,.F.);
#8818 = PLANE('',#8819);
#8819 = AXIS2_PLACEMENT_3D('',#8820,#8821,#8822);
#8820 = CARTESIAN_POINT('',(258.183075,62.949707,0.));
#8821 = DIRECTION('',(0.,-1.,0.));
#8822 = DIRECTION('',(-1.,0.,0.));
#8823 = ADVANCED_FACE('',(#8824),#8840,.F.);
#8824 = FACE_BOUND('',#8825,.F.);
#8825 = EDGE_LOOP('',(#8826,#8827,#8833,#8834));
#8826 = ORIENTED_EDGE('',*,*,#2162,.F.);
#8827 = ORIENTED_EDGE('',*,*,#8828,.T.);
#8828 = EDGE_CURVE('',#2163,#4510,#8829,.T.);
#8829 = LINE('',#8830,#8831);
#8830 = CARTESIAN_POINT('',(289.700378,71.504395,0.));
#8831 = VECTOR('',#8832,1.);
#8832 = DIRECTION('',(0.,0.,1.));
#8833 = ORIENTED_EDGE('',*,*,#4517,.F.);
#8834 = ORIENTED_EDGE('',*,*,#8835,.F.);
#8835 = EDGE_CURVE('',#2165,#4494,#8836,.T.);
#8836 = LINE('',#8837,#8838);
#8837 = CARTESIAN_POINT('',(303.658051,71.504395,0.));
#8838 = VECTOR('',#8839,1.);
#8839 = DIRECTION('',(0.,0.,1.));
#8840 = PLANE('',#8841);
#8841 = AXIS2_PLACEMENT_3D('',#8842,#8843,#8844);
#8842 = CARTESIAN_POINT('',(289.700378,71.504395,0.));
#8843 = DIRECTION('',(0.,1.,0.));
#8844 = DIRECTION('',(1.,0.,0.));
#8845 = ADVANCED_FACE('',(#8846),#8857,.F.);
#8846 = FACE_BOUND('',#8847,.F.);
#8847 = EDGE_LOOP('',(#8848,#8849,#8855,#8856));
#8848 = ORIENTED_EDGE('',*,*,#2188,.F.);
#8849 = ORIENTED_EDGE('',*,*,#8850,.T.);
#8850 = EDGE_CURVE('',#2181,#4502,#8851,.T.);
#8851 = LINE('',#8852,#8853);
#8852 = CARTESIAN_POINT('',(289.700378,57.434166,0.));
#8853 = VECTOR('',#8854,1.);
#8854 = DIRECTION('',(0.,0.,1.));
#8855 = ORIENTED_EDGE('',*,*,#4509,.F.);
#8856 = ORIENTED_EDGE('',*,*,#8828,.F.);
#8857 = PLANE('',#8858);
#8858 = AXIS2_PLACEMENT_3D('',#8859,#8860,#8861);
#8859 = CARTESIAN_POINT('',(289.700378,57.434166,0.));
#8860 = DIRECTION('',(-1.,0.,0.));
#8861 = DIRECTION('',(0.,1.,0.));
#8862 = ADVANCED_FACE('',(#8863),#8874,.F.);
#8863 = FACE_BOUND('',#8864,.F.);
#8864 = EDGE_LOOP('',(#8865,#8866,#8867,#8868));
#8865 = ORIENTED_EDGE('',*,*,#2172,.F.);
#8866 = ORIENTED_EDGE('',*,*,#8835,.T.);
#8867 = ORIENTED_EDGE('',*,*,#4491,.F.);
#8868 = ORIENTED_EDGE('',*,*,#8869,.F.);
#8869 = EDGE_CURVE('',#2173,#4492,#8870,.T.);
#8870 = LINE('',#8871,#8872);
#8871 = CARTESIAN_POINT('',(303.658051,57.434166,0.));
#8872 = VECTOR('',#8873,1.);
#8873 = DIRECTION('',(0.,0.,1.));
#8874 = PLANE('',#8875);
#8875 = AXIS2_PLACEMENT_3D('',#8876,#8877,#8878);
#8876 = CARTESIAN_POINT('',(303.658051,71.504395,0.));
#8877 = DIRECTION('',(1.,0.,0.));
#8878 = DIRECTION('',(0.,-1.,0.));
#8879 = ADVANCED_FACE('',(#8880),#8886,.F.);
#8880 = FACE_BOUND('',#8881,.F.);
#8881 = EDGE_LOOP('',(#8882,#8883,#8884,#8885));
#8882 = ORIENTED_EDGE('',*,*,#2180,.F.);
#8883 = ORIENTED_EDGE('',*,*,#8869,.T.);
#8884 = ORIENTED_EDGE('',*,*,#4501,.F.);
#8885 = ORIENTED_EDGE('',*,*,#8850,.F.);
#8886 = PLANE('',#8887);
#8887 = AXIS2_PLACEMENT_3D('',#8888,#8889,#8890);
#8888 = CARTESIAN_POINT('',(303.658051,57.434166,0.));
#8889 = DIRECTION('',(0.,-1.,0.));
#8890 = DIRECTION('',(-1.,0.,0.));
#8891 = ADVANCED_FACE('',(#8892),#8908,.F.);
#8892 = FACE_BOUND('',#8893,.F.);
#8893 = EDGE_LOOP('',(#8894,#8895,#8901,#8902));
#8894 = ORIENTED_EDGE('',*,*,#2196,.F.);
#8895 = ORIENTED_EDGE('',*,*,#8896,.T.);
#8896 = EDGE_CURVE('',#2197,#4544,#8897,.T.);
#8897 = LINE('',#8898,#8899);
#8898 = CARTESIAN_POINT('',(263.023224,77.245056,0.));
#8899 = VECTOR('',#8900,1.);
#8900 = DIRECTION('',(0.,0.,1.));
#8901 = ORIENTED_EDGE('',*,*,#4551,.F.);
#8902 = ORIENTED_EDGE('',*,*,#8903,.F.);
#8903 = EDGE_CURVE('',#2199,#4528,#8904,.T.);
#8904 = LINE('',#8905,#8906);
#8905 = CARTESIAN_POINT('',(277.431122,77.245056,0.));
#8906 = VECTOR('',#8907,1.);
#8907 = DIRECTION('',(0.,0.,1.));
#8908 = PLANE('',#8909);
#8909 = AXIS2_PLACEMENT_3D('',#8910,#8911,#8912);
#8910 = CARTESIAN_POINT('',(263.023224,77.245056,0.));
#8911 = DIRECTION('',(0.,1.,0.));
#8912 = DIRECTION('',(1.,0.,0.));
#8913 = ADVANCED_FACE('',(#8914),#8925,.F.);
#8914 = FACE_BOUND('',#8915,.F.);
#8915 = EDGE_LOOP('',(#8916,#8917,#8923,#8924));
#8916 = ORIENTED_EDGE('',*,*,#2222,.F.);
#8917 = ORIENTED_EDGE('',*,*,#8918,.T.);
#8918 = EDGE_CURVE('',#2215,#4536,#8919,.T.);
#8919 = LINE('',#8920,#8921);
#8920 = CARTESIAN_POINT('',(263.023224,63.174828,0.));
#8921 = VECTOR('',#8922,1.);
#8922 = DIRECTION('',(0.,0.,1.));
#8923 = ORIENTED_EDGE('',*,*,#4543,.F.);
#8924 = ORIENTED_EDGE('',*,*,#8896,.F.);
#8925 = PLANE('',#8926);
#8926 = AXIS2_PLACEMENT_3D('',#8927,#8928,#8929);
#8927 = CARTESIAN_POINT('',(263.023224,63.174828,0.));
#8928 = DIRECTION('',(-1.,0.,0.));
#8929 = DIRECTION('',(0.,1.,0.));
#8930 = ADVANCED_FACE('',(#8931),#8942,.F.);
#8931 = FACE_BOUND('',#8932,.F.);
#8932 = EDGE_LOOP('',(#8933,#8934,#8935,#8936));
#8933 = ORIENTED_EDGE('',*,*,#2206,.F.);
#8934 = ORIENTED_EDGE('',*,*,#8903,.T.);
#8935 = ORIENTED_EDGE('',*,*,#4525,.F.);
#8936 = ORIENTED_EDGE('',*,*,#8937,.F.);
#8937 = EDGE_CURVE('',#2207,#4526,#8938,.T.);
#8938 = LINE('',#8939,#8940);
#8939 = CARTESIAN_POINT('',(277.431122,63.174828,0.));
#8940 = VECTOR('',#8941,1.);
#8941 = DIRECTION('',(0.,0.,1.));
#8942 = PLANE('',#8943);
#8943 = AXIS2_PLACEMENT_3D('',#8944,#8945,#8946);
#8944 = CARTESIAN_POINT('',(277.431122,77.245056,0.));
#8945 = DIRECTION('',(1.,0.,0.));
#8946 = DIRECTION('',(0.,-1.,0.));
#8947 = ADVANCED_FACE('',(#8948),#8954,.F.);
#8948 = FACE_BOUND('',#8949,.F.);
#8949 = EDGE_LOOP('',(#8950,#8951,#8952,#8953));
#8950 = ORIENTED_EDGE('',*,*,#2214,.F.);
#8951 = ORIENTED_EDGE('',*,*,#8937,.T.);
#8952 = ORIENTED_EDGE('',*,*,#4535,.F.);
#8953 = ORIENTED_EDGE('',*,*,#8918,.F.);
#8954 = PLANE('',#8955);
#8955 = AXIS2_PLACEMENT_3D('',#8956,#8957,#8958);
#8956 = CARTESIAN_POINT('',(277.431122,63.174828,0.));
#8957 = DIRECTION('',(0.,-1.,0.));
#8958 = DIRECTION('',(-1.,0.,0.));
#8959 = ADVANCED_FACE('',(#8960),#8976,.F.);
#8960 = FACE_BOUND('',#8961,.F.);
#8961 = EDGE_LOOP('',(#8962,#8963,#8969,#8970));
#8962 = ORIENTED_EDGE('',*,*,#2230,.F.);
#8963 = ORIENTED_EDGE('',*,*,#8964,.T.);
#8964 = EDGE_CURVE('',#2231,#4578,#8965,.T.);
#8965 = LINE('',#8966,#8967);
#8966 = CARTESIAN_POINT('',(158.848846,96.605682,0.));
#8967 = VECTOR('',#8968,1.);
#8968 = DIRECTION('',(0.,0.,1.));
#8969 = ORIENTED_EDGE('',*,*,#4585,.F.);
#8970 = ORIENTED_EDGE('',*,*,#8971,.F.);
#8971 = EDGE_CURVE('',#2233,#4562,#8972,.T.);
#8972 = LINE('',#8973,#8974);
#8973 = CARTESIAN_POINT('',(172.958481,96.605682,0.));
#8974 = VECTOR('',#8975,1.);
#8975 = DIRECTION('',(0.,0.,1.));
#8976 = PLANE('',#8977);
#8977 = AXIS2_PLACEMENT_3D('',#8978,#8979,#8980);
#8978 = CARTESIAN_POINT('',(158.848846,96.605682,0.));
#8979 = DIRECTION('',(0.,1.,0.));
#8980 = DIRECTION('',(1.,0.,0.));
#8981 = ADVANCED_FACE('',(#8982),#8993,.F.);
#8982 = FACE_BOUND('',#8983,.F.);
#8983 = EDGE_LOOP('',(#8984,#8985,#8991,#8992));
#8984 = ORIENTED_EDGE('',*,*,#2256,.F.);
#8985 = ORIENTED_EDGE('',*,*,#8986,.T.);
#8986 = EDGE_CURVE('',#2249,#4570,#8987,.T.);
#8987 = LINE('',#8988,#8989);
#8988 = CARTESIAN_POINT('',(158.848846,82.57151,0.));
#8989 = VECTOR('',#8990,1.);
#8990 = DIRECTION('',(0.,0.,1.));
#8991 = ORIENTED_EDGE('',*,*,#4577,.F.);
#8992 = ORIENTED_EDGE('',*,*,#8964,.F.);
#8993 = PLANE('',#8994);
#8994 = AXIS2_PLACEMENT_3D('',#8995,#8996,#8997);
#8995 = CARTESIAN_POINT('',(158.848846,82.57151,0.));
#8996 = DIRECTION('',(-1.,0.,0.));
#8997 = DIRECTION('',(0.,1.,0.));
#8998 = ADVANCED_FACE('',(#8999),#9010,.F.);
#8999 = FACE_BOUND('',#9000,.F.);
#9000 = EDGE_LOOP('',(#9001,#9002,#9003,#9004));
#9001 = ORIENTED_EDGE('',*,*,#2240,.F.);
#9002 = ORIENTED_EDGE('',*,*,#8971,.T.);
#9003 = ORIENTED_EDGE('',*,*,#4559,.F.);
#9004 = ORIENTED_EDGE('',*,*,#9005,.F.);
#9005 = EDGE_CURVE('',#2241,#4560,#9006,.T.);
#9006 = LINE('',#9007,#9008);
#9007 = CARTESIAN_POINT('',(172.958481,82.57151,0.));
#9008 = VECTOR('',#9009,1.);
#9009 = DIRECTION('',(0.,0.,1.));
#9010 = PLANE('',#9011);
#9011 = AXIS2_PLACEMENT_3D('',#9012,#9013,#9014);
#9012 = CARTESIAN_POINT('',(172.958481,96.605682,0.));
#9013 = DIRECTION('',(1.,0.,0.));
#9014 = DIRECTION('',(0.,-1.,0.));
#9015 = ADVANCED_FACE('',(#9016),#9022,.F.);
#9016 = FACE_BOUND('',#9017,.F.);
#9017 = EDGE_LOOP('',(#9018,#9019,#9020,#9021));
#9018 = ORIENTED_EDGE('',*,*,#2248,.F.);
#9019 = ORIENTED_EDGE('',*,*,#9005,.T.);
#9020 = ORIENTED_EDGE('',*,*,#4569,.F.);
#9021 = ORIENTED_EDGE('',*,*,#8986,.F.);
#9022 = PLANE('',#9023);
#9023 = AXIS2_PLACEMENT_3D('',#9024,#9025,#9026);
#9024 = CARTESIAN_POINT('',(172.958481,82.57151,0.));
#9025 = DIRECTION('',(0.,-1.,0.));
#9026 = DIRECTION('',(-1.,0.,0.));
#9027 = ADVANCED_FACE('',(#9028),#9044,.F.);
#9028 = FACE_BOUND('',#9029,.F.);
#9029 = EDGE_LOOP('',(#9030,#9031,#9037,#9038));
#9030 = ORIENTED_EDGE('',*,*,#2264,.F.);
#9031 = ORIENTED_EDGE('',*,*,#9032,.T.);
#9032 = EDGE_CURVE('',#2265,#4612,#9033,.T.);
#9033 = LINE('',#9034,#9035);
#9034 = CARTESIAN_POINT('',(177.668518,96.590424,0.));
#9035 = VECTOR('',#9036,1.);
#9036 = DIRECTION('',(0.,0.,1.));
#9037 = ORIENTED_EDGE('',*,*,#4619,.F.);
#9038 = ORIENTED_EDGE('',*,*,#9039,.F.);
#9039 = EDGE_CURVE('',#2267,#4596,#9040,.T.);
#9040 = LINE('',#9041,#9042);
#9041 = CARTESIAN_POINT('',(191.769424,96.590424,0.));
#9042 = VECTOR('',#9043,1.);
#9043 = DIRECTION('',(0.,0.,1.));
#9044 = PLANE('',#9045);
#9045 = AXIS2_PLACEMENT_3D('',#9046,#9047,#9048);
#9046 = CARTESIAN_POINT('',(177.668518,96.590424,0.));
#9047 = DIRECTION('',(0.,1.,0.));
#9048 = DIRECTION('',(1.,0.,0.));
#9049 = ADVANCED_FACE('',(#9050),#9061,.F.);
#9050 = FACE_BOUND('',#9051,.F.);
#9051 = EDGE_LOOP('',(#9052,#9053,#9059,#9060));
#9052 = ORIENTED_EDGE('',*,*,#2290,.F.);
#9053 = ORIENTED_EDGE('',*,*,#9054,.T.);
#9054 = EDGE_CURVE('',#2283,#4604,#9055,.T.);
#9055 = LINE('',#9056,#9057);
#9056 = CARTESIAN_POINT('',(177.668518,82.544876,0.));
#9057 = VECTOR('',#9058,1.);
#9058 = DIRECTION('',(0.,0.,1.));
#9059 = ORIENTED_EDGE('',*,*,#4611,.F.);
#9060 = ORIENTED_EDGE('',*,*,#9032,.F.);
#9061 = PLANE('',#9062);
#9062 = AXIS2_PLACEMENT_3D('',#9063,#9064,#9065);
#9063 = CARTESIAN_POINT('',(177.668518,82.544876,0.));
#9064 = DIRECTION('',(-1.,0.,0.));
#9065 = DIRECTION('',(0.,1.,0.));
#9066 = ADVANCED_FACE('',(#9067),#9078,.F.);
#9067 = FACE_BOUND('',#9068,.F.);
#9068 = EDGE_LOOP('',(#9069,#9070,#9071,#9072));
#9069 = ORIENTED_EDGE('',*,*,#2274,.F.);
#9070 = ORIENTED_EDGE('',*,*,#9039,.T.);
#9071 = ORIENTED_EDGE('',*,*,#4593,.F.);
#9072 = ORIENTED_EDGE('',*,*,#9073,.F.);
#9073 = EDGE_CURVE('',#2275,#4594,#9074,.T.);
#9074 = LINE('',#9075,#9076);
#9075 = CARTESIAN_POINT('',(191.769424,82.544876,0.));
#9076 = VECTOR('',#9077,1.);
#9077 = DIRECTION('',(0.,0.,1.));
#9078 = PLANE('',#9079);
#9079 = AXIS2_PLACEMENT_3D('',#9080,#9081,#9082);
#9080 = CARTESIAN_POINT('',(191.769424,96.590424,0.));
#9081 = DIRECTION('',(1.,0.,0.));
#9082 = DIRECTION('',(0.,-1.,0.));
#9083 = ADVANCED_FACE('',(#9084),#9090,.F.);
#9084 = FACE_BOUND('',#9085,.F.);
#9085 = EDGE_LOOP('',(#9086,#9087,#9088,#9089));
#9086 = ORIENTED_EDGE('',*,*,#2282,.F.);
#9087 = ORIENTED_EDGE('',*,*,#9073,.T.);
#9088 = ORIENTED_EDGE('',*,*,#4603,.F.);
#9089 = ORIENTED_EDGE('',*,*,#9054,.F.);
#9090 = PLANE('',#9091);
#9091 = AXIS2_PLACEMENT_3D('',#9092,#9093,#9094);
#9092 = CARTESIAN_POINT('',(191.769424,82.544876,0.));
#9093 = DIRECTION('',(0.,-1.,0.));
#9094 = DIRECTION('',(-1.,0.,0.));
#9095 = ADVANCED_FACE('',(#9096),#9112,.F.);
#9096 = FACE_BOUND('',#9097,.F.);
#9097 = EDGE_LOOP('',(#9098,#9099,#9105,#9106));
#9098 = ORIENTED_EDGE('',*,*,#2298,.F.);
#9099 = ORIENTED_EDGE('',*,*,#9100,.T.);
#9100 = EDGE_CURVE('',#2299,#4646,#9101,.T.);
#9101 = LINE('',#9102,#9103);
#9102 = CARTESIAN_POINT('',(196.574265,96.525505,0.));
#9103 = VECTOR('',#9104,1.);
#9104 = DIRECTION('',(0.,0.,1.));
#9105 = ORIENTED_EDGE('',*,*,#4653,.F.);
#9106 = ORIENTED_EDGE('',*,*,#9107,.F.);
#9107 = EDGE_CURVE('',#2301,#4630,#9108,.T.);
#9108 = LINE('',#9109,#9110);
#9109 = CARTESIAN_POINT('',(210.60025,96.525505,0.));
#9110 = VECTOR('',#9111,1.);
#9111 = DIRECTION('',(0.,0.,1.));
#9112 = PLANE('',#9113);
#9113 = AXIS2_PLACEMENT_3D('',#9114,#9115,#9116);
#9114 = CARTESIAN_POINT('',(196.574265,96.525505,0.));
#9115 = DIRECTION('',(0.,1.,0.));
#9116 = DIRECTION('',(1.,0.,0.));
#9117 = ADVANCED_FACE('',(#9118),#9129,.F.);
#9118 = FACE_BOUND('',#9119,.F.);
#9119 = EDGE_LOOP('',(#9120,#9121,#9127,#9128));
#9120 = ORIENTED_EDGE('',*,*,#2324,.F.);
#9121 = ORIENTED_EDGE('',*,*,#9122,.T.);
#9122 = EDGE_CURVE('',#2317,#4638,#9123,.T.);
#9123 = LINE('',#9124,#9125);
#9124 = CARTESIAN_POINT('',(196.574265,82.428772,0.));
#9125 = VECTOR('',#9126,1.);
#9126 = DIRECTION('',(0.,0.,1.));
#9127 = ORIENTED_EDGE('',*,*,#4645,.F.);
#9128 = ORIENTED_EDGE('',*,*,#9100,.F.);
#9129 = PLANE('',#9130);
#9130 = AXIS2_PLACEMENT_3D('',#9131,#9132,#9133);
#9131 = CARTESIAN_POINT('',(196.574265,82.428772,0.));
#9132 = DIRECTION('',(-1.,0.,0.));
#9133 = DIRECTION('',(0.,1.,0.));
#9134 = ADVANCED_FACE('',(#9135),#9146,.F.);
#9135 = FACE_BOUND('',#9136,.F.);
#9136 = EDGE_LOOP('',(#9137,#9138,#9139,#9140));
#9137 = ORIENTED_EDGE('',*,*,#2308,.F.);
#9138 = ORIENTED_EDGE('',*,*,#9107,.T.);
#9139 = ORIENTED_EDGE('',*,*,#4627,.F.);
#9140 = ORIENTED_EDGE('',*,*,#9141,.F.);
#9141 = EDGE_CURVE('',#2309,#4628,#9142,.T.);
#9142 = LINE('',#9143,#9144);
#9143 = CARTESIAN_POINT('',(210.60025,82.428772,0.));
#9144 = VECTOR('',#9145,1.);
#9145 = DIRECTION('',(0.,0.,1.));
#9146 = PLANE('',#9147);
#9147 = AXIS2_PLACEMENT_3D('',#9148,#9149,#9150);
#9148 = CARTESIAN_POINT('',(210.60025,96.525505,0.));
#9149 = DIRECTION('',(1.,0.,0.));
#9150 = DIRECTION('',(0.,-1.,0.));
#9151 = ADVANCED_FACE('',(#9152),#9158,.F.);
#9152 = FACE_BOUND('',#9153,.F.);
#9153 = EDGE_LOOP('',(#9154,#9155,#9156,#9157));
#9154 = ORIENTED_EDGE('',*,*,#2316,.F.);
#9155 = ORIENTED_EDGE('',*,*,#9141,.T.);
#9156 = ORIENTED_EDGE('',*,*,#4637,.F.);
#9157 = ORIENTED_EDGE('',*,*,#9122,.F.);
#9158 = PLANE('',#9159);
#9159 = AXIS2_PLACEMENT_3D('',#9160,#9161,#9162);
#9160 = CARTESIAN_POINT('',(210.60025,82.428772,0.));
#9161 = DIRECTION('',(0.,-1.,0.));
#9162 = DIRECTION('',(-1.,0.,0.));
#9163 = ADVANCED_FACE('',(#9164),#9180,.F.);
#9164 = FACE_BOUND('',#9165,.F.);
#9165 = EDGE_LOOP('',(#9166,#9167,#9173,#9174));
#9166 = ORIENTED_EDGE('',*,*,#2332,.F.);
#9167 = ORIENTED_EDGE('',*,*,#9168,.T.);
#9168 = EDGE_CURVE('',#2333,#4680,#9169,.T.);
#9169 = LINE('',#9170,#9171);
#9170 = CARTESIAN_POINT('',(215.526947,96.709267,0.));
#9171 = VECTOR('',#9172,1.);
#9172 = DIRECTION('',(0.,0.,1.));
#9173 = ORIENTED_EDGE('',*,*,#4687,.F.);
#9174 = ORIENTED_EDGE('',*,*,#9175,.F.);
#9175 = EDGE_CURVE('',#2335,#4664,#9176,.T.);
#9176 = LINE('',#9177,#9178);
#9177 = CARTESIAN_POINT('',(229.606094,96.709267,0.));
#9178 = VECTOR('',#9179,1.);
#9179 = DIRECTION('',(0.,0.,1.));
#9180 = PLANE('',#9181);
#9181 = AXIS2_PLACEMENT_3D('',#9182,#9183,#9184);
#9182 = CARTESIAN_POINT('',(215.526947,96.709267,0.));
#9183 = DIRECTION('',(0.,1.,0.));
#9184 = DIRECTION('',(1.,0.,0.));
#9185 = ADVANCED_FACE('',(#9186),#9197,.F.);
#9186 = FACE_BOUND('',#9187,.F.);
#9187 = EDGE_LOOP('',(#9188,#9189,#9195,#9196));
#9188 = ORIENTED_EDGE('',*,*,#2358,.F.);
#9189 = ORIENTED_EDGE('',*,*,#9190,.T.);
#9190 = EDGE_CURVE('',#2351,#4672,#9191,.T.);
#9191 = LINE('',#9192,#9193);
#9192 = CARTESIAN_POINT('',(215.526947,82.547318,0.));
#9193 = VECTOR('',#9194,1.);
#9194 = DIRECTION('',(0.,0.,1.));
#9195 = ORIENTED_EDGE('',*,*,#4679,.F.);
#9196 = ORIENTED_EDGE('',*,*,#9168,.F.);
#9197 = PLANE('',#9198);
#9198 = AXIS2_PLACEMENT_3D('',#9199,#9200,#9201);
#9199 = CARTESIAN_POINT('',(215.526947,82.547318,0.));
#9200 = DIRECTION('',(-1.,0.,0.));
#9201 = DIRECTION('',(0.,1.,0.));
#9202 = ADVANCED_FACE('',(#9203),#9214,.F.);
#9203 = FACE_BOUND('',#9204,.F.);
#9204 = EDGE_LOOP('',(#9205,#9206,#9207,#9208));
#9205 = ORIENTED_EDGE('',*,*,#2342,.F.);
#9206 = ORIENTED_EDGE('',*,*,#9175,.T.);
#9207 = ORIENTED_EDGE('',*,*,#4661,.F.);
#9208 = ORIENTED_EDGE('',*,*,#9209,.F.);
#9209 = EDGE_CURVE('',#2343,#4662,#9210,.T.);
#9210 = LINE('',#9211,#9212);
#9211 = CARTESIAN_POINT('',(229.606094,82.547318,0.));
#9212 = VECTOR('',#9213,1.);
#9213 = DIRECTION('',(0.,0.,1.));
#9214 = PLANE('',#9215);
#9215 = AXIS2_PLACEMENT_3D('',#9216,#9217,#9218);
#9216 = CARTESIAN_POINT('',(229.606094,96.709267,0.));
#9217 = DIRECTION('',(1.,0.,0.));
#9218 = DIRECTION('',(0.,-1.,0.));
#9219 = ADVANCED_FACE('',(#9220),#9226,.F.);
#9220 = FACE_BOUND('',#9221,.F.);
#9221 = EDGE_LOOP('',(#9222,#9223,#9224,#9225));
#9222 = ORIENTED_EDGE('',*,*,#2350,.F.);
#9223 = ORIENTED_EDGE('',*,*,#9209,.T.);
#9224 = ORIENTED_EDGE('',*,*,#4671,.F.);
#9225 = ORIENTED_EDGE('',*,*,#9190,.F.);
#9226 = PLANE('',#9227);
#9227 = AXIS2_PLACEMENT_3D('',#9228,#9229,#9230);
#9228 = CARTESIAN_POINT('',(229.606094,82.547318,0.));
#9229 = DIRECTION('',(0.,-1.,0.));
#9230 = DIRECTION('',(-1.,0.,0.));
#9231 = ADVANCED_FACE('',(#9232),#9248,.F.);
#9232 = FACE_BOUND('',#9233,.F.);
#9233 = EDGE_LOOP('',(#9234,#9235,#9241,#9242));
#9234 = ORIENTED_EDGE('',*,*,#2366,.F.);
#9235 = ORIENTED_EDGE('',*,*,#9236,.T.);
#9236 = EDGE_CURVE('',#2367,#4714,#9237,.T.);
#9237 = LINE('',#9238,#9239);
#9238 = CARTESIAN_POINT('',(234.556747,96.56398,0.));
#9239 = VECTOR('',#9240,1.);
#9240 = DIRECTION('',(0.,0.,1.));
#9241 = ORIENTED_EDGE('',*,*,#4721,.F.);
#9242 = ORIENTED_EDGE('',*,*,#9243,.F.);
#9243 = EDGE_CURVE('',#2369,#4698,#9244,.T.);
#9244 = LINE('',#9245,#9246);
#9245 = CARTESIAN_POINT('',(248.532379,96.56398,0.));
#9246 = VECTOR('',#9247,1.);
#9247 = DIRECTION('',(0.,0.,1.));
#9248 = PLANE('',#9249);
#9249 = AXIS2_PLACEMENT_3D('',#9250,#9251,#9252);
#9250 = CARTESIAN_POINT('',(234.556747,96.56398,0.));
#9251 = DIRECTION('',(0.,1.,0.));
#9252 = DIRECTION('',(1.,0.,0.));
#9253 = ADVANCED_FACE('',(#9254),#9265,.F.);
#9254 = FACE_BOUND('',#9255,.F.);
#9255 = EDGE_LOOP('',(#9256,#9257,#9263,#9264));
#9256 = ORIENTED_EDGE('',*,*,#2392,.F.);
#9257 = ORIENTED_EDGE('',*,*,#9258,.T.);
#9258 = EDGE_CURVE('',#2385,#4706,#9259,.T.);
#9259 = LINE('',#9260,#9261);
#9260 = CARTESIAN_POINT('',(234.556747,82.617279,0.));
#9261 = VECTOR('',#9262,1.);
#9262 = DIRECTION('',(0.,0.,1.));
#9263 = ORIENTED_EDGE('',*,*,#4713,.F.);
#9264 = ORIENTED_EDGE('',*,*,#9236,.F.);
#9265 = PLANE('',#9266);
#9266 = AXIS2_PLACEMENT_3D('',#9267,#9268,#9269);
#9267 = CARTESIAN_POINT('',(234.556747,82.617279,0.));
#9268 = DIRECTION('',(-1.,0.,0.));
#9269 = DIRECTION('',(0.,1.,0.));
#9270 = ADVANCED_FACE('',(#9271),#9282,.F.);
#9271 = FACE_BOUND('',#9272,.F.);
#9272 = EDGE_LOOP('',(#9273,#9274,#9275,#9276));
#9273 = ORIENTED_EDGE('',*,*,#2376,.F.);
#9274 = ORIENTED_EDGE('',*,*,#9243,.T.);
#9275 = ORIENTED_EDGE('',*,*,#4695,.F.);
#9276 = ORIENTED_EDGE('',*,*,#9277,.F.);
#9277 = EDGE_CURVE('',#2377,#4696,#9278,.T.);
#9278 = LINE('',#9279,#9280);
#9279 = CARTESIAN_POINT('',(248.532379,82.617279,0.));
#9280 = VECTOR('',#9281,1.);
#9281 = DIRECTION('',(0.,0.,1.));
#9282 = PLANE('',#9283);
#9283 = AXIS2_PLACEMENT_3D('',#9284,#9285,#9286);
#9284 = CARTESIAN_POINT('',(248.532379,96.56398,0.));
#9285 = DIRECTION('',(1.,0.,0.));
#9286 = DIRECTION('',(0.,-1.,0.));
#9287 = ADVANCED_FACE('',(#9288),#9294,.F.);
#9288 = FACE_BOUND('',#9289,.F.);
#9289 = EDGE_LOOP('',(#9290,#9291,#9292,#9293));
#9290 = ORIENTED_EDGE('',*,*,#2384,.F.);
#9291 = ORIENTED_EDGE('',*,*,#9277,.T.);
#9292 = ORIENTED_EDGE('',*,*,#4705,.F.);
#9293 = ORIENTED_EDGE('',*,*,#9258,.F.);
#9294 = PLANE('',#9295);
#9295 = AXIS2_PLACEMENT_3D('',#9296,#9297,#9298);
#9296 = CARTESIAN_POINT('',(248.532379,82.617279,0.));
#9297 = DIRECTION('',(0.,-1.,0.));
#9298 = DIRECTION('',(-1.,0.,0.));
#9299 = ADVANCED_FACE('',(#9300),#9316,.F.);
#9300 = FACE_BOUND('',#9301,.F.);
#9301 = EDGE_LOOP('',(#9302,#9303,#9309,#9310));
#9302 = ORIENTED_EDGE('',*,*,#2400,.F.);
#9303 = ORIENTED_EDGE('',*,*,#9304,.T.);
#9304 = EDGE_CURVE('',#2401,#4748,#9305,.T.);
#9305 = LINE('',#9306,#9307);
#9306 = CARTESIAN_POINT('',(253.729095,96.601868,0.));
#9307 = VECTOR('',#9308,1.);
#9308 = DIRECTION('',(0.,0.,1.));
#9309 = ORIENTED_EDGE('',*,*,#4755,.F.);
#9310 = ORIENTED_EDGE('',*,*,#9311,.F.);
#9311 = EDGE_CURVE('',#2403,#4732,#9312,.T.);
#9312 = LINE('',#9313,#9314);
#9313 = CARTESIAN_POINT('',(267.612366,96.601868,0.));
#9314 = VECTOR('',#9315,1.);
#9315 = DIRECTION('',(0.,0.,1.));
#9316 = PLANE('',#9317);
#9317 = AXIS2_PLACEMENT_3D('',#9318,#9319,#9320);
#9318 = CARTESIAN_POINT('',(253.729095,96.601868,0.));
#9319 = DIRECTION('',(0.,1.,0.));
#9320 = DIRECTION('',(1.,0.,0.));
#9321 = ADVANCED_FACE('',(#9322),#9333,.F.);
#9322 = FACE_BOUND('',#9323,.F.);
#9323 = EDGE_LOOP('',(#9324,#9325,#9331,#9332));
#9324 = ORIENTED_EDGE('',*,*,#2426,.F.);
#9325 = ORIENTED_EDGE('',*,*,#9326,.T.);
#9326 = EDGE_CURVE('',#2419,#4740,#9327,.T.);
#9327 = LINE('',#9328,#9329);
#9328 = CARTESIAN_POINT('',(253.729095,82.492256,0.));
#9329 = VECTOR('',#9330,1.);
#9330 = DIRECTION('',(0.,0.,1.));
#9331 = ORIENTED_EDGE('',*,*,#4747,.F.);
#9332 = ORIENTED_EDGE('',*,*,#9304,.F.);
#9333 = PLANE('',#9334);
#9334 = AXIS2_PLACEMENT_3D('',#9335,#9336,#9337);
#9335 = CARTESIAN_POINT('',(253.729095,82.492256,0.));
#9336 = DIRECTION('',(-1.,0.,0.));
#9337 = DIRECTION('',(0.,1.,0.));
#9338 = ADVANCED_FACE('',(#9339),#9350,.F.);
#9339 = FACE_BOUND('',#9340,.F.);
#9340 = EDGE_LOOP('',(#9341,#9342,#9343,#9344));
#9341 = ORIENTED_EDGE('',*,*,#2410,.F.);
#9342 = ORIENTED_EDGE('',*,*,#9311,.T.);
#9343 = ORIENTED_EDGE('',*,*,#4729,.F.);
#9344 = ORIENTED_EDGE('',*,*,#9345,.F.);
#9345 = EDGE_CURVE('',#2411,#4730,#9346,.T.);
#9346 = LINE('',#9347,#9348);
#9347 = CARTESIAN_POINT('',(267.612366,82.492256,0.));
#9348 = VECTOR('',#9349,1.);
#9349 = DIRECTION('',(0.,0.,1.));
#9350 = PLANE('',#9351);
#9351 = AXIS2_PLACEMENT_3D('',#9352,#9353,#9354);
#9352 = CARTESIAN_POINT('',(267.612366,96.601868,0.));
#9353 = DIRECTION('',(1.,0.,0.));
#9354 = DIRECTION('',(0.,-1.,0.));
#9355 = ADVANCED_FACE('',(#9356),#9362,.F.);
#9356 = FACE_BOUND('',#9357,.F.);
#9357 = EDGE_LOOP('',(#9358,#9359,#9360,#9361));
#9358 = ORIENTED_EDGE('',*,*,#2418,.F.);
#9359 = ORIENTED_EDGE('',*,*,#9345,.T.);
#9360 = ORIENTED_EDGE('',*,*,#4739,.F.);
#9361 = ORIENTED_EDGE('',*,*,#9326,.F.);
#9362 = PLANE('',#9363);
#9363 = AXIS2_PLACEMENT_3D('',#9364,#9365,#9366);
#9364 = CARTESIAN_POINT('',(267.612366,82.492256,0.));
#9365 = DIRECTION('',(0.,-1.,0.));
#9366 = DIRECTION('',(-1.,0.,0.));
#9367 = ADVANCED_FACE('',(#9368),#9384,.F.);
#9368 = FACE_BOUND('',#9369,.F.);
#9369 = EDGE_LOOP('',(#9370,#9371,#9377,#9378));
#9370 = ORIENTED_EDGE('',*,*,#2434,.F.);
#9371 = ORIENTED_EDGE('',*,*,#9372,.T.);
#9372 = EDGE_CURVE('',#2435,#4782,#9373,.T.);
#9373 = LINE('',#9374,#9375);
#9374 = CARTESIAN_POINT('',(277.409515,96.628792,0.));
#9375 = VECTOR('',#9376,1.);
#9376 = DIRECTION('',(0.,0.,1.));
#9377 = ORIENTED_EDGE('',*,*,#4789,.F.);
#9378 = ORIENTED_EDGE('',*,*,#9379,.F.);
#9379 = EDGE_CURVE('',#2437,#4766,#9380,.T.);
#9380 = LINE('',#9381,#9382);
#9381 = CARTESIAN_POINT('',(291.556061,96.628792,0.));
#9382 = VECTOR('',#9383,1.);
#9383 = DIRECTION('',(0.,0.,1.));
#9384 = PLANE('',#9385);
#9385 = AXIS2_PLACEMENT_3D('',#9386,#9387,#9388);
#9386 = CARTESIAN_POINT('',(277.409515,96.628792,0.));
#9387 = DIRECTION('',(0.,1.,0.));
#9388 = DIRECTION('',(1.,0.,0.));
#9389 = ADVANCED_FACE('',(#9390),#9401,.F.);
#9390 = FACE_BOUND('',#9391,.F.);
#9391 = EDGE_LOOP('',(#9392,#9393,#9399,#9400));
#9392 = ORIENTED_EDGE('',*,*,#2460,.F.);
#9393 = ORIENTED_EDGE('',*,*,#9394,.T.);
#9394 = EDGE_CURVE('',#2453,#4774,#9395,.T.);
#9395 = LINE('',#9396,#9397);
#9396 = CARTESIAN_POINT('',(277.409515,82.605812,0.));
#9397 = VECTOR('',#9398,1.);
#9398 = DIRECTION('',(0.,0.,1.));
#9399 = ORIENTED_EDGE('',*,*,#4781,.F.);
#9400 = ORIENTED_EDGE('',*,*,#9372,.F.);
#9401 = PLANE('',#9402);
#9402 = AXIS2_PLACEMENT_3D('',#9403,#9404,#9405);
#9403 = CARTESIAN_POINT('',(277.409515,82.605812,0.));
#9404 = DIRECTION('',(-1.,0.,0.));
#9405 = DIRECTION('',(0.,1.,0.));
#9406 = ADVANCED_FACE('',(#9407),#9418,.F.);
#9407 = FACE_BOUND('',#9408,.F.);
#9408 = EDGE_LOOP('',(#9409,#9410,#9411,#9412));
#9409 = ORIENTED_EDGE('',*,*,#2444,.F.);
#9410 = ORIENTED_EDGE('',*,*,#9379,.T.);
#9411 = ORIENTED_EDGE('',*,*,#4763,.F.);
#9412 = ORIENTED_EDGE('',*,*,#9413,.F.);
#9413 = EDGE_CURVE('',#2445,#4764,#9414,.T.);
#9414 = LINE('',#9415,#9416);
#9415 = CARTESIAN_POINT('',(291.556061,82.605812,0.));
#9416 = VECTOR('',#9417,1.);
#9417 = DIRECTION('',(0.,0.,1.));
#9418 = PLANE('',#9419);
#9419 = AXIS2_PLACEMENT_3D('',#9420,#9421,#9422);
#9420 = CARTESIAN_POINT('',(291.556061,96.628792,0.));
#9421 = DIRECTION('',(1.,0.,0.));
#9422 = DIRECTION('',(0.,-1.,0.));
#9423 = ADVANCED_FACE('',(#9424),#9430,.F.);
#9424 = FACE_BOUND('',#9425,.F.);
#9425 = EDGE_LOOP('',(#9426,#9427,#9428,#9429));
#9426 = ORIENTED_EDGE('',*,*,#2452,.F.);
#9427 = ORIENTED_EDGE('',*,*,#9413,.T.);
#9428 = ORIENTED_EDGE('',*,*,#4773,.F.);
#9429 = ORIENTED_EDGE('',*,*,#9394,.F.);
#9430 = PLANE('',#9431);
#9431 = AXIS2_PLACEMENT_3D('',#9432,#9433,#9434);
#9432 = CARTESIAN_POINT('',(291.556061,82.605812,0.));
#9433 = DIRECTION('',(0.,-1.,0.));
#9434 = DIRECTION('',(-1.,0.,0.));
#9435 = ( GEOMETRIC_REPRESENTATION_CONTEXT(3) 
GLOBAL_UNCERTAINTY_ASSIGNED_CONTEXT((#9439)) 
GLOBAL_UNIT_ASSIGNED_CONTEXT((#9436,#9437,#9438)) REPRESENTATION_CONTEXT
('Context #1','3D Context with UNIT and UNCERTAINTY') );
#9436 = ( LENGTH_UNIT() NAMED_UNIT(*) SI_UNIT(.MILLI.,.METRE.) );
#9437 = ( NAMED_UNIT(*) PLANE_ANGLE_UNIT() SI_UNIT($,.RADIAN.) );
#9438 = ( NAMED_UNIT(*) SI_UNIT($,.STERADIAN.) SOLID_ANGLE_UNIT() );
#9439 = UNCERTAINTY_MEASURE_WITH_UNIT(LENGTH_MEASURE(1.E-04),#9436,
  'distance_accuracy_value','confusion accuracy');
#9440 = CONTEXT_DEPENDENT_SHAPE_REPRESENTATION(#9441,#9443);
#9441 = ( REPRESENTATION_RELATIONSHIP('','',#36,#10) 
REPRESENTATION_RELATIONSHIP_WITH_TRANSFORMATION(#9442) 
SHAPE_REPRESENTATION_RELATIONSHIP() );
#9442 = ITEM_DEFINED_TRANSFORMATION('','',#11,#15);
#9443 = PRODUCT_DEFINITION_SHAPE('Placement','Placement of an item',
  #9444);
#9444 = NEXT_ASSEMBLY_USAGE_OCCURRENCE('1','Body002','',#5,#31,$);
#9445 = PRODUCT_RELATED_PRODUCT_CATEGORY('part',$,(#33));
#9446 = SHAPE_DEFINITION_REPRESENTATION(#9447,#9453);
#9447 = PRODUCT_DEFINITION_SHAPE('','',#9448);
#9448 = PRODUCT_DEFINITION('design','',#9449,#9452);
#9449 = PRODUCT_DEFINITION_FORMATION('','',#9450);
#9450 = PRODUCT('Body001','Body001','',(#9451));
#9451 = PRODUCT_CONTEXT('',#2,'mechanical');
#9452 = PRODUCT_DEFINITION_CONTEXT('part definition',#2,'design');
#9453 = ADVANCED_BREP_SHAPE_REPRESENTATION('',(#11,#9454),#11490);
#9454 = MANIFOLD_SOLID_BREP('',#9455);
#9455 = CLOSED_SHELL('',(#9456,#9498,#9529,#9573,#9736,#9760,#9785,#9810
    ,#9869,#9887,#9918,#10082,#10106,#10123,#10147,#10172,#10196,#10214,
    #10246,#10270,#10295,#10319,#10344,#10368,#10393,#10410,#10438,
    #10466,#10484,#10512,#10524,#10606,#10638,#10662,#10687,#10711,
    #10736,#10760,#10785,#10802,#10834,#10858,#10883,#10907,#10932,
    #10956,#10981,#10998,#11042,#11067,#11103,#11128,#11164,#11189,
    #11225,#11242,#11273,#11298,#11323,#11347,#11371,#11396,#11421,
    #11458,#11474));
#9456 = ADVANCED_FACE('',(#9457),#9493,.T.);
#9457 = FACE_BOUND('',#9458,.F.);
#9458 = EDGE_LOOP('',(#9459,#9469,#9478,#9486));
#9459 = ORIENTED_EDGE('',*,*,#9460,.T.);
#9460 = EDGE_CURVE('',#9461,#9463,#9465,.T.);
#9461 = VERTEX_POINT('',#9462);
#9462 = CARTESIAN_POINT('',(303.75814748647,-32.71520251352,0.));
#9463 = VERTEX_POINT('',#9464);
#9464 = CARTESIAN_POINT('',(303.75814748647,-32.71520251352,-0.6));
#9465 = LINE('',#9466,#9467);
#9466 = CARTESIAN_POINT('',(303.75814748647,-32.71520251352,0.));
#9467 = VECTOR('',#9468,1.);
#9468 = DIRECTION('',(0.,0.,-1.));
#9469 = ORIENTED_EDGE('',*,*,#9470,.T.);
#9470 = EDGE_CURVE('',#9463,#9471,#9473,.T.);
#9471 = VERTEX_POINT('',#9472);
#9472 = CARTESIAN_POINT('',(302.268893,-34.204457,-0.6));
#9473 = CIRCLE('',#9474,1.489254486471);
#9474 = AXIS2_PLACEMENT_3D('',#9475,#9476,#9477);
#9475 = CARTESIAN_POINT('',(302.268893,-32.71520251352,-0.6));
#9476 = DIRECTION('',(0.,0.,-1.));
#9477 = DIRECTION('',(1.,0.,0.));
#9478 = ORIENTED_EDGE('',*,*,#9479,.F.);
#9479 = EDGE_CURVE('',#9480,#9471,#9482,.T.);
#9480 = VERTEX_POINT('',#9481);
#9481 = CARTESIAN_POINT('',(302.268893,-34.204457,0.));
#9482 = LINE('',#9483,#9484);
#9483 = CARTESIAN_POINT('',(302.268893,-34.204457,0.));
#9484 = VECTOR('',#9485,1.);
#9485 = DIRECTION('',(0.,0.,-1.));
#9486 = ORIENTED_EDGE('',*,*,#9487,.F.);
#9487 = EDGE_CURVE('',#9461,#9480,#9488,.T.);
#9488 = CIRCLE('',#9489,1.489254486471);
#9489 = AXIS2_PLACEMENT_3D('',#9490,#9491,#9492);
#9490 = CARTESIAN_POINT('',(302.268893,-32.71520251352,0.));
#9491 = DIRECTION('',(0.,0.,-1.));
#9492 = DIRECTION('',(1.,0.,0.));
#9493 = CYLINDRICAL_SURFACE('',#9494,1.489254486471);
#9494 = AXIS2_PLACEMENT_3D('',#9495,#9496,#9497);
#9495 = CARTESIAN_POINT('',(302.268893,-32.71520251352,0.));
#9496 = DIRECTION('',(0.,0.,1.));
#9497 = DIRECTION('',(1.,0.,0.));
#9498 = ADVANCED_FACE('',(#9499),#9524,.F.);
#9499 = FACE_BOUND('',#9500,.F.);
#9500 = EDGE_LOOP('',(#9501,#9511,#9517,#9518));
#9501 = ORIENTED_EDGE('',*,*,#9502,.T.);
#9502 = EDGE_CURVE('',#9503,#9505,#9507,.T.);
#9503 = VERTEX_POINT('',#9504);
#9504 = CARTESIAN_POINT('',(303.75814748647,-32.71221948647,0.));
#9505 = VERTEX_POINT('',#9506);
#9506 = CARTESIAN_POINT('',(303.75814748647,-32.71221948647,-0.6));
#9507 = LINE('',#9508,#9509);
#9508 = CARTESIAN_POINT('',(303.75814748647,-32.71221948647,0.));
#9509 = VECTOR('',#9510,1.);
#9510 = DIRECTION('',(0.,0.,-1.));
#9511 = ORIENTED_EDGE('',*,*,#9512,.T.);
#9512 = EDGE_CURVE('',#9505,#9463,#9513,.T.);
#9513 = LINE('',#9514,#9515);
#9514 = CARTESIAN_POINT('',(303.75814748647,-32.71221948647,-0.6));
#9515 = VECTOR('',#9516,1.);
#9516 = DIRECTION('',(0.,-1.,0.));
#9517 = ORIENTED_EDGE('',*,*,#9460,.F.);
#9518 = ORIENTED_EDGE('',*,*,#9519,.F.);
#9519 = EDGE_CURVE('',#9503,#9461,#9520,.T.);
#9520 = LINE('',#9521,#9522);
#9521 = CARTESIAN_POINT('',(303.75814748647,-32.71221948647,0.));
#9522 = VECTOR('',#9523,1.);
#9523 = DIRECTION('',(0.,-1.,0.));
#9524 = PLANE('',#9525);
#9525 = AXIS2_PLACEMENT_3D('',#9526,#9527,#9528);
#9526 = CARTESIAN_POINT('',(303.75814748647,-32.71221948647,0.));
#9527 = DIRECTION('',(-1.,-0.,-0.));
#9528 = DIRECTION('',(0.,-1.,0.));
#9529 = ADVANCED_FACE('',(#9530),#9558,.T.);
#9530 = FACE_BOUND('',#9531,.T.);
#9531 = EDGE_LOOP('',(#9532,#9541,#9542,#9551));
#9532 = ORIENTED_EDGE('',*,*,#9533,.F.);
#9533 = EDGE_CURVE('',#9463,#9534,#9536,.T.);
#9534 = VERTEX_POINT('',#9535);
#9535 = CARTESIAN_POINT('',(302.35814748647,-32.71520251352,-2.));
#9536 = CIRCLE('',#9537,1.4);
#9537 = AXIS2_PLACEMENT_3D('',#9538,#9539,#9540);
#9538 = CARTESIAN_POINT('',(302.35814748647,-32.71520251352,-0.6));
#9539 = DIRECTION('',(-0.,1.,0.));
#9540 = DIRECTION('',(1.,0.,0.));
#9541 = ORIENTED_EDGE('',*,*,#9470,.T.);
#9542 = ORIENTED_EDGE('',*,*,#9543,.T.);
#9543 = EDGE_CURVE('',#9471,#9544,#9546,.T.);
#9544 = VERTEX_POINT('',#9545);
#9545 = CARTESIAN_POINT('',(302.268893,-32.804457,-2.));
#9546 = CIRCLE('',#9547,1.4);
#9547 = AXIS2_PLACEMENT_3D('',#9548,#9549,#9550);
#9548 = CARTESIAN_POINT('',(302.268893,-32.804457,-0.6));
#9549 = DIRECTION('',(1.,0.,-0.));
#9550 = DIRECTION('',(0.,-1.,0.));
#9551 = ORIENTED_EDGE('',*,*,#9552,.F.);
#9552 = EDGE_CURVE('',#9534,#9544,#9553,.T.);
#9553 = CIRCLE('',#9554,8.925448647102E-02);
#9554 = AXIS2_PLACEMENT_3D('',#9555,#9556,#9557);
#9555 = CARTESIAN_POINT('',(302.268893,-32.71520251352,-2.));
#9556 = DIRECTION('',(0.,0.,-1.));
#9557 = DIRECTION('',(1.,0.,0.));
#9558 = SURFACE_OF_REVOLUTION('',#9559,#9570);
#9559 = B_SPLINE_CURVE_WITH_KNOTS('',5,(#9560,#9561,#9562,#9563,#9564,
    #9565,#9566,#9567,#9568,#9569),.UNSPECIFIED.,.F.,.F.,(6,4,6),(0.,
    0.785398163397,1.570796326795),.UNSPECIFIED.);
#9560 = CARTESIAN_POINT('',(303.75814748647,-32.71520251352,-0.6));
#9561 = CARTESIAN_POINT('',(303.75814748647,-32.71520251352,
    -0.819911485751));
#9562 = CARTESIAN_POINT('',(303.71497765634,-32.71520251352,
    -1.039826455574));
#9563 = CARTESIAN_POINT('',(303.62857556979,-32.71520251352,
    -1.248419544756));
#9564 = CARTESIAN_POINT('',(303.50359788296,-32.71520251352,
    -1.434448590826));
#9565 = CARTESIAN_POINT('',(303.19259607729,-32.71520251352,
    -1.745450396497));
#9566 = CARTESIAN_POINT('',(303.00656703122,-32.71520251352,
    -1.87042808332));
#9567 = CARTESIAN_POINT('',(302.79797394204,-32.71520251352,
    -1.956830169876));
#9568 = CARTESIAN_POINT('',(302.57805897222,-32.71520251352,-2.));
#9569 = CARTESIAN_POINT('',(302.35814748647,-32.71520251352,-2.));
#9570 = AXIS1_PLACEMENT('',#9571,#9572);
#9571 = CARTESIAN_POINT('',(302.268893,-32.71520251352,-0.6));
#9572 = DIRECTION('',(-0.,-0.,-1.));
#9573 = ADVANCED_FACE('',(#9574,#9608,#9661),#9731,.F.);
#9574 = FACE_BOUND('',#9575,.F.);
#9575 = EDGE_LOOP('',(#9576,#9586,#9594,#9602));
#9576 = ORIENTED_EDGE('',*,*,#9577,.T.);
#9577 = EDGE_CURVE('',#9578,#9580,#9582,.T.);
#9578 = VERTEX_POINT('',#9579);
#9579 = CARTESIAN_POINT('',(0.,-20.296122,0.));
#9580 = VERTEX_POINT('',#9581);
#9581 = CARTESIAN_POINT('',(0.,-126.676122,0.));
#9582 = LINE('',#9583,#9584);
#9583 = CARTESIAN_POINT('',(0.,-20.296122,0.));
#9584 = VECTOR('',#9585,1.);
#9585 = DIRECTION('',(0.,-1.,0.));
#9586 = ORIENTED_EDGE('',*,*,#9587,.T.);
#9587 = EDGE_CURVE('',#9580,#9588,#9590,.T.);
#9588 = VERTEX_POINT('',#9589);
#9589 = CARTESIAN_POINT('',(314.08,-126.676122,0.));
#9590 = LINE('',#9591,#9592);
#9591 = CARTESIAN_POINT('',(0.,-126.676122,0.));
#9592 = VECTOR('',#9593,1.);
#9593 = DIRECTION('',(1.,0.,0.));
#9594 = ORIENTED_EDGE('',*,*,#9595,.T.);
#9595 = EDGE_CURVE('',#9588,#9596,#9598,.T.);
#9596 = VERTEX_POINT('',#9597);
#9597 = CARTESIAN_POINT('',(314.08,-20.296122,0.));
#9598 = LINE('',#9599,#9600);
#9599 = CARTESIAN_POINT('',(314.08,-126.676122,0.));
#9600 = VECTOR('',#9601,1.);
#9601 = DIRECTION('',(0.,1.,0.));
#9602 = ORIENTED_EDGE('',*,*,#9603,.T.);
#9603 = EDGE_CURVE('',#9596,#9578,#9604,.T.);
#9604 = LINE('',#9605,#9606);
#9605 = CARTESIAN_POINT('',(314.08,-20.296122,0.));
#9606 = VECTOR('',#9607,1.);
#9607 = DIRECTION('',(-1.,0.,0.));
#9608 = FACE_BOUND('',#9609,.F.);
#9609 = EDGE_LOOP('',(#9610,#9611,#9619,#9628,#9636,#9645,#9653,#9660));
#9610 = ORIENTED_EDGE('',*,*,#9487,.T.);
#9611 = ORIENTED_EDGE('',*,*,#9612,.T.);
#9612 = EDGE_CURVE('',#9480,#9613,#9615,.T.);
#9613 = VERTEX_POINT('',#9614);
#9614 = CARTESIAN_POINT('',(292.53463448668,-34.204457,0.));
#9615 = LINE('',#9616,#9617);
#9616 = CARTESIAN_POINT('',(302.268893,-34.204457,0.));
#9617 = VECTOR('',#9618,1.);
#9618 = DIRECTION('',(-1.,0.,0.));
#9619 = ORIENTED_EDGE('',*,*,#9620,.T.);
#9620 = EDGE_CURVE('',#9613,#9621,#9623,.T.);
#9621 = VERTEX_POINT('',#9622);
#9622 = CARTESIAN_POINT('',(291.04538000021,-32.71520251352,0.));
#9623 = CIRCLE('',#9624,1.489254486471);
#9624 = AXIS2_PLACEMENT_3D('',#9625,#9626,#9627);
#9625 = CARTESIAN_POINT('',(292.53463448668,-32.71520251352,0.));
#9626 = DIRECTION('',(0.,0.,-1.));
#9627 = DIRECTION('',(1.,0.,0.));
#9628 = ORIENTED_EDGE('',*,*,#9629,.T.);
#9629 = EDGE_CURVE('',#9621,#9630,#9632,.T.);
#9630 = VERTEX_POINT('',#9631);
#9631 = CARTESIAN_POINT('',(291.04538000021,-32.71221948647,0.));
#9632 = LINE('',#9633,#9634);
#9633 = CARTESIAN_POINT('',(291.04538000021,-32.71520251352,0.));
#9634 = VECTOR('',#9635,1.);
#9635 = DIRECTION('',(0.,1.,0.));
#9636 = ORIENTED_EDGE('',*,*,#9637,.T.);
#9637 = EDGE_CURVE('',#9630,#9638,#9640,.T.);
#9638 = VERTEX_POINT('',#9639);
#9639 = CARTESIAN_POINT('',(292.53463448668,-31.222965,0.));
#9640 = CIRCLE('',#9641,1.489254486471);
#9641 = AXIS2_PLACEMENT_3D('',#9642,#9643,#9644);
#9642 = CARTESIAN_POINT('',(292.53463448668,-32.71221948647,0.));
#9643 = DIRECTION('',(0.,0.,-1.));
#9644 = DIRECTION('',(1.,0.,0.));
#9645 = ORIENTED_EDGE('',*,*,#9646,.T.);
#9646 = EDGE_CURVE('',#9638,#9647,#9649,.T.);
#9647 = VERTEX_POINT('',#9648);
#9648 = CARTESIAN_POINT('',(302.268893,-31.222965,0.));
#9649 = LINE('',#9650,#9651);
#9650 = CARTESIAN_POINT('',(292.53463448668,-31.222965,0.));
#9651 = VECTOR('',#9652,1.);
#9652 = DIRECTION('',(1.,0.,0.));
#9653 = ORIENTED_EDGE('',*,*,#9654,.T.);
#9654 = EDGE_CURVE('',#9647,#9503,#9655,.T.);
#9655 = CIRCLE('',#9656,1.489254486471);
#9656 = AXIS2_PLACEMENT_3D('',#9657,#9658,#9659);
#9657 = CARTESIAN_POINT('',(302.268893,-32.71221948647,0.));
#9658 = DIRECTION('',(0.,0.,-1.));
#9659 = DIRECTION('',(1.,0.,0.));
#9660 = ORIENTED_EDGE('',*,*,#9519,.T.);
#9661 = FACE_BOUND('',#9662,.F.);
#9662 = EDGE_LOOP('',(#9663,#9674,#9682,#9691,#9699,#9708,#9716,#9725));
#9663 = ORIENTED_EDGE('',*,*,#9664,.T.);
#9664 = EDGE_CURVE('',#9665,#9667,#9669,.T.);
#9665 = VERTEX_POINT('',#9666);
#9666 = CARTESIAN_POINT('',(12.725561644871,-34.028198,0.));
#9667 = VERTEX_POINT('',#9668);
#9668 = CARTESIAN_POINT('',(10.863978,-32.16661435512,0.));
#9669 = CIRCLE('',#9670,1.861583644871);
#9670 = AXIS2_PLACEMENT_3D('',#9671,#9672,#9673);
#9671 = CARTESIAN_POINT('',(12.725561644871,-32.16661435512,0.));
#9672 = DIRECTION('',(0.,0.,-1.));
#9673 = DIRECTION('',(1.,0.,0.));
#9674 = ORIENTED_EDGE('',*,*,#9675,.T.);
#9675 = EDGE_CURVE('',#9667,#9676,#9678,.T.);
#9676 = VERTEX_POINT('',#9677);
#9677 = CARTESIAN_POINT('',(10.863978,-32.162889,0.));
#9678 = LINE('',#9679,#9680);
#9679 = CARTESIAN_POINT('',(10.863978,-32.16661435512,0.));
#9680 = VECTOR('',#9681,1.);
#9681 = DIRECTION('',(0.,1.,0.));
#9682 = ORIENTED_EDGE('',*,*,#9683,.T.);
#9683 = EDGE_CURVE('',#9676,#9684,#9686,.T.);
#9684 = VERTEX_POINT('',#9685);
#9685 = CARTESIAN_POINT('',(12.725561644871,-30.30130535512,0.));
#9686 = CIRCLE('',#9687,1.861583644871);
#9687 = AXIS2_PLACEMENT_3D('',#9688,#9689,#9690);
#9688 = CARTESIAN_POINT('',(12.725561644871,-32.162889,0.));
#9689 = DIRECTION('',(0.,0.,-1.));
#9690 = DIRECTION('',(1.,0.,0.));
#9691 = ORIENTED_EDGE('',*,*,#9692,.T.);
#9692 = EDGE_CURVE('',#9684,#9693,#9695,.T.);
#9693 = VERTEX_POINT('',#9694);
#9694 = CARTESIAN_POINT('',(25.377121355129,-30.30130535512,0.));
#9695 = LINE('',#9696,#9697);
#9696 = CARTESIAN_POINT('',(12.725561644871,-30.30130535512,0.));
#9697 = VECTOR('',#9698,1.);
#9698 = DIRECTION('',(1.,0.,0.));
#9699 = ORIENTED_EDGE('',*,*,#9700,.T.);
#9700 = EDGE_CURVE('',#9693,#9701,#9703,.T.);
#9701 = VERTEX_POINT('',#9702);
#9702 = CARTESIAN_POINT('',(27.238705,-32.162889,0.));
#9703 = CIRCLE('',#9704,1.861583644871);
#9704 = AXIS2_PLACEMENT_3D('',#9705,#9706,#9707);
#9705 = CARTESIAN_POINT('',(25.377121355129,-32.162889,0.));
#9706 = DIRECTION('',(0.,0.,-1.));
#9707 = DIRECTION('',(1.,0.,0.));
#9708 = ORIENTED_EDGE('',*,*,#9709,.T.);
#9709 = EDGE_CURVE('',#9701,#9710,#9712,.T.);
#9710 = VERTEX_POINT('',#9711);
#9711 = CARTESIAN_POINT('',(27.238705,-32.16661435512,0.));
#9712 = LINE('',#9713,#9714);
#9713 = CARTESIAN_POINT('',(27.238705,-32.162889,0.));
#9714 = VECTOR('',#9715,1.);
#9715 = DIRECTION('',(0.,-1.,0.));
#9716 = ORIENTED_EDGE('',*,*,#9717,.T.);
#9717 = EDGE_CURVE('',#9710,#9718,#9720,.T.);
#9718 = VERTEX_POINT('',#9719);
#9719 = CARTESIAN_POINT('',(25.377121355129,-34.028198,0.));
#9720 = CIRCLE('',#9721,1.861583644871);
#9721 = AXIS2_PLACEMENT_3D('',#9722,#9723,#9724);
#9722 = CARTESIAN_POINT('',(25.377121355129,-32.16661435512,0.));
#9723 = DIRECTION('',(0.,0.,-1.));
#9724 = DIRECTION('',(1.,0.,0.));
#9725 = ORIENTED_EDGE('',*,*,#9726,.T.);
#9726 = EDGE_CURVE('',#9718,#9665,#9727,.T.);
#9727 = LINE('',#9728,#9729);
#9728 = CARTESIAN_POINT('',(25.377121355129,-34.028198,0.));
#9729 = VECTOR('',#9730,1.);
#9730 = DIRECTION('',(-1.,0.,0.));
#9731 = PLANE('',#9732);
#9732 = AXIS2_PLACEMENT_3D('',#9733,#9734,#9735);
#9733 = CARTESIAN_POINT('',(157.04,-73.486122,0.));
#9734 = DIRECTION('',(0.,0.,1.));
#9735 = DIRECTION('',(1.,0.,0.));
#9736 = ADVANCED_FACE('',(#9737),#9755,.F.);
#9737 = FACE_BOUND('',#9738,.F.);
#9738 = EDGE_LOOP('',(#9739,#9740,#9748,#9754));
#9739 = ORIENTED_EDGE('',*,*,#9479,.T.);
#9740 = ORIENTED_EDGE('',*,*,#9741,.T.);
#9741 = EDGE_CURVE('',#9471,#9742,#9744,.T.);
#9742 = VERTEX_POINT('',#9743);
#9743 = CARTESIAN_POINT('',(292.53463448668,-34.204457,-0.6));
#9744 = LINE('',#9745,#9746);
#9745 = CARTESIAN_POINT('',(302.268893,-34.204457,-0.6));
#9746 = VECTOR('',#9747,1.);
#9747 = DIRECTION('',(-1.,0.,0.));
#9748 = ORIENTED_EDGE('',*,*,#9749,.F.);
#9749 = EDGE_CURVE('',#9613,#9742,#9750,.T.);
#9750 = LINE('',#9751,#9752);
#9751 = CARTESIAN_POINT('',(292.53463448668,-34.204457,0.));
#9752 = VECTOR('',#9753,1.);
#9753 = DIRECTION('',(0.,0.,-1.));
#9754 = ORIENTED_EDGE('',*,*,#9612,.F.);
#9755 = PLANE('',#9756);
#9756 = AXIS2_PLACEMENT_3D('',#9757,#9758,#9759);
#9757 = CARTESIAN_POINT('',(302.268893,-34.204457,0.));
#9758 = DIRECTION('',(0.,1.,0.));
#9759 = DIRECTION('',(-1.,0.,0.));
#9760 = ADVANCED_FACE('',(#9761),#9780,.T.);
#9761 = FACE_BOUND('',#9762,.F.);
#9762 = EDGE_LOOP('',(#9763,#9771,#9778,#9779));
#9763 = ORIENTED_EDGE('',*,*,#9764,.T.);
#9764 = EDGE_CURVE('',#9647,#9765,#9767,.T.);
#9765 = VERTEX_POINT('',#9766);
#9766 = CARTESIAN_POINT('',(302.268893,-31.222965,-0.6));
#9767 = LINE('',#9768,#9769);
#9768 = CARTESIAN_POINT('',(302.268893,-31.222965,0.));
#9769 = VECTOR('',#9770,1.);
#9770 = DIRECTION('',(0.,0.,-1.));
#9771 = ORIENTED_EDGE('',*,*,#9772,.T.);
#9772 = EDGE_CURVE('',#9765,#9505,#9773,.T.);
#9773 = CIRCLE('',#9774,1.489254486471);
#9774 = AXIS2_PLACEMENT_3D('',#9775,#9776,#9777);
#9775 = CARTESIAN_POINT('',(302.268893,-32.71221948647,-0.6));
#9776 = DIRECTION('',(0.,0.,-1.));
#9777 = DIRECTION('',(0.,1.,0.));
#9778 = ORIENTED_EDGE('',*,*,#9502,.F.);
#9779 = ORIENTED_EDGE('',*,*,#9654,.F.);
#9780 = CYLINDRICAL_SURFACE('',#9781,1.489254486471);
#9781 = AXIS2_PLACEMENT_3D('',#9782,#9783,#9784);
#9782 = CARTESIAN_POINT('',(302.268893,-32.71221948647,0.));
#9783 = DIRECTION('',(0.,0.,1.));
#9784 = DIRECTION('',(1.,0.,0.));
#9785 = ADVANCED_FACE('',(#9786),#9805,.T.);
#9786 = FACE_BOUND('',#9787,.F.);
#9787 = EDGE_LOOP('',(#9788,#9797,#9803,#9804));
#9788 = ORIENTED_EDGE('',*,*,#9789,.T.);
#9789 = EDGE_CURVE('',#9505,#9790,#9792,.T.);
#9790 = VERTEX_POINT('',#9791);
#9791 = CARTESIAN_POINT('',(302.35814748647,-32.71221948647,-2.));
#9792 = CIRCLE('',#9793,1.4);
#9793 = AXIS2_PLACEMENT_3D('',#9794,#9795,#9796);
#9794 = CARTESIAN_POINT('',(302.35814748647,-32.71221948647,-0.6));
#9795 = DIRECTION('',(-1.604844389456E-14,1.,0.));
#9796 = DIRECTION('',(1.,1.604844389456E-14,0.));
#9797 = ORIENTED_EDGE('',*,*,#9798,.T.);
#9798 = EDGE_CURVE('',#9790,#9534,#9799,.T.);
#9799 = LINE('',#9800,#9801);
#9800 = CARTESIAN_POINT('',(302.35814748647,-32.71221948647,-2.));
#9801 = VECTOR('',#9802,1.);
#9802 = DIRECTION('',(0.,-1.,0.));
#9803 = ORIENTED_EDGE('',*,*,#9533,.F.);
#9804 = ORIENTED_EDGE('',*,*,#9512,.F.);
#9805 = CYLINDRICAL_SURFACE('',#9806,1.4);
#9806 = AXIS2_PLACEMENT_3D('',#9807,#9808,#9809);
#9807 = CARTESIAN_POINT('',(302.35814748647,-32.71221948647,-0.6));
#9808 = DIRECTION('',(0.,-1.,0.));
#9809 = DIRECTION('',(1.,0.,0.));
#9810 = ADVANCED_FACE('',(#9811),#9864,.F.);
#9811 = FACE_BOUND('',#9812,.F.);
#9812 = EDGE_LOOP('',(#9813,#9821,#9822,#9823,#9832,#9840,#9849,#9857));
#9813 = ORIENTED_EDGE('',*,*,#9814,.F.);
#9814 = EDGE_CURVE('',#9544,#9815,#9817,.T.);
#9815 = VERTEX_POINT('',#9816);
#9816 = CARTESIAN_POINT('',(292.53463448668,-32.804457,-2.));
#9817 = LINE('',#9818,#9819);
#9818 = CARTESIAN_POINT('',(302.268893,-32.804457,-2.));
#9819 = VECTOR('',#9820,1.);
#9820 = DIRECTION('',(-1.,0.,0.));
#9821 = ORIENTED_EDGE('',*,*,#9552,.F.);
#9822 = ORIENTED_EDGE('',*,*,#9798,.F.);
#9823 = ORIENTED_EDGE('',*,*,#9824,.F.);
#9824 = EDGE_CURVE('',#9825,#9790,#9827,.T.);
#9825 = VERTEX_POINT('',#9826);
#9826 = CARTESIAN_POINT('',(302.268893,-32.622965,-2.));
#9827 = CIRCLE('',#9828,8.925448647102E-02);
#9828 = AXIS2_PLACEMENT_3D('',#9829,#9830,#9831);
#9829 = CARTESIAN_POINT('',(302.268893,-32.71221948647,-2.));
#9830 = DIRECTION('',(0.,0.,-1.));
#9831 = DIRECTION('',(0.,1.,0.));
#9832 = ORIENTED_EDGE('',*,*,#9833,.F.);
#9833 = EDGE_CURVE('',#9834,#9825,#9836,.T.);
#9834 = VERTEX_POINT('',#9835);
#9835 = CARTESIAN_POINT('',(292.53463448668,-32.622965,-2.));
#9836 = LINE('',#9837,#9838);
#9837 = CARTESIAN_POINT('',(292.53463448668,-32.622965,-2.));
#9838 = VECTOR('',#9839,1.);
#9839 = DIRECTION('',(1.,0.,0.));
#9840 = ORIENTED_EDGE('',*,*,#9841,.F.);
#9841 = EDGE_CURVE('',#9842,#9834,#9844,.T.);
#9842 = VERTEX_POINT('',#9843);
#9843 = CARTESIAN_POINT('',(292.44538000021,-32.71221948647,-2.));
#9844 = CIRCLE('',#9845,8.925448647102E-02);
#9845 = AXIS2_PLACEMENT_3D('',#9846,#9847,#9848);
#9846 = CARTESIAN_POINT('',(292.53463448668,-32.71221948647,-2.));
#9847 = DIRECTION('',(0.,0.,-1.));
#9848 = DIRECTION('',(-1.,0.,0.));
#9849 = ORIENTED_EDGE('',*,*,#9850,.F.);
#9850 = EDGE_CURVE('',#9851,#9842,#9853,.T.);
#9851 = VERTEX_POINT('',#9852);
#9852 = CARTESIAN_POINT('',(292.44538000021,-32.71520251352,-2.));
#9853 = LINE('',#9854,#9855);
#9854 = CARTESIAN_POINT('',(292.44538000021,-32.71520251352,-2.));
#9855 = VECTOR('',#9856,1.);
#9856 = DIRECTION('',(0.,1.,0.));
#9857 = ORIENTED_EDGE('',*,*,#9858,.F.);
#9858 = EDGE_CURVE('',#9815,#9851,#9859,.T.);
#9859 = CIRCLE('',#9860,8.925448647102E-02);
#9860 = AXIS2_PLACEMENT_3D('',#9861,#9862,#9863);
#9861 = CARTESIAN_POINT('',(292.53463448668,-32.71520251352,-2.));
#9862 = DIRECTION('',(-0.,-0.,-1.));
#9863 = DIRECTION('',(0.,-1.,0.));
#9864 = PLANE('',#9865);
#9865 = AXIS2_PLACEMENT_3D('',#9866,#9867,#9868);
#9866 = CARTESIAN_POINT('',(140.93794961668,-32.40513496589,-2.));
#9867 = DIRECTION('',(0.,0.,1.));
#9868 = DIRECTION('',(1.,0.,0.));
#9869 = ADVANCED_FACE('',(#9870),#9882,.T.);
#9870 = FACE_BOUND('',#9871,.F.);
#9871 = EDGE_LOOP('',(#9872,#9873,#9874,#9881));
#9872 = ORIENTED_EDGE('',*,*,#9543,.T.);
#9873 = ORIENTED_EDGE('',*,*,#9814,.T.);
#9874 = ORIENTED_EDGE('',*,*,#9875,.F.);
#9875 = EDGE_CURVE('',#9742,#9815,#9876,.T.);
#9876 = CIRCLE('',#9877,1.4);
#9877 = AXIS2_PLACEMENT_3D('',#9878,#9879,#9880);
#9878 = CARTESIAN_POINT('',(292.53463448668,-32.804457,-0.6));
#9879 = DIRECTION('',(1.,0.,-0.));
#9880 = DIRECTION('',(0.,-1.,0.));
#9881 = ORIENTED_EDGE('',*,*,#9741,.F.);
#9882 = CYLINDRICAL_SURFACE('',#9883,1.4);
#9883 = AXIS2_PLACEMENT_3D('',#9884,#9885,#9886);
#9884 = CARTESIAN_POINT('',(302.268893,-32.804457,-0.6));
#9885 = DIRECTION('',(-1.,0.,0.));
#9886 = DIRECTION('',(0.,-1.,0.));
#9887 = ADVANCED_FACE('',(#9888),#9913,.F.);
#9888 = FACE_BOUND('',#9889,.F.);
#9889 = EDGE_LOOP('',(#9890,#9898,#9906,#9912));
#9890 = ORIENTED_EDGE('',*,*,#9891,.T.);
#9891 = EDGE_CURVE('',#9578,#9892,#9894,.T.);
#9892 = VERTEX_POINT('',#9893);
#9893 = CARTESIAN_POINT('',(0.,-20.296122,10.));
#9894 = LINE('',#9895,#9896);
#9895 = CARTESIAN_POINT('',(0.,-20.296122,0.));
#9896 = VECTOR('',#9897,1.);
#9897 = DIRECTION('',(0.,0.,1.));
#9898 = ORIENTED_EDGE('',*,*,#9899,.T.);
#9899 = EDGE_CURVE('',#9892,#9900,#9902,.T.);
#9900 = VERTEX_POINT('',#9901);
#9901 = CARTESIAN_POINT('',(0.,-126.676122,10.));
#9902 = LINE('',#9903,#9904);
#9903 = CARTESIAN_POINT('',(0.,-20.296122,10.));
#9904 = VECTOR('',#9905,1.);
#9905 = DIRECTION('',(0.,-1.,0.));
#9906 = ORIENTED_EDGE('',*,*,#9907,.F.);
#9907 = EDGE_CURVE('',#9580,#9900,#9908,.T.);
#9908 = LINE('',#9909,#9910);
#9909 = CARTESIAN_POINT('',(0.,-126.676122,0.));
#9910 = VECTOR('',#9911,1.);
#9911 = DIRECTION('',(0.,0.,1.));
#9912 = ORIENTED_EDGE('',*,*,#9577,.F.);
#9913 = PLANE('',#9914);
#9914 = AXIS2_PLACEMENT_3D('',#9915,#9916,#9917);
#9915 = CARTESIAN_POINT('',(0.,-20.296122,0.));
#9916 = DIRECTION('',(1.,0.,0.));
#9917 = DIRECTION('',(0.,-1.,0.));
#9918 = ADVANCED_FACE('',(#9919,#9937,#10007),#10077,.F.);
#9919 = FACE_BOUND('',#9920,.F.);
#9920 = EDGE_LOOP('',(#9921,#9929,#9935,#9936));
#9921 = ORIENTED_EDGE('',*,*,#9922,.T.);
#9922 = EDGE_CURVE('',#9596,#9923,#9925,.T.);
#9923 = VERTEX_POINT('',#9924);
#9924 = CARTESIAN_POINT('',(314.08,-20.296122,10.));
#9925 = LINE('',#9926,#9927);
#9926 = CARTESIAN_POINT('',(314.08,-20.296122,0.));
#9927 = VECTOR('',#9928,1.);
#9928 = DIRECTION('',(0.,0.,1.));
#9929 = ORIENTED_EDGE('',*,*,#9930,.T.);
#9930 = EDGE_CURVE('',#9923,#9892,#9931,.T.);
#9931 = LINE('',#9932,#9933);
#9932 = CARTESIAN_POINT('',(314.08,-20.296122,10.));
#9933 = VECTOR('',#9934,1.);
#9934 = DIRECTION('',(-1.,0.,0.));
#9935 = ORIENTED_EDGE('',*,*,#9891,.F.);
#9936 = ORIENTED_EDGE('',*,*,#9603,.F.);
#9937 = FACE_BOUND('',#9938,.F.);
#9938 = EDGE_LOOP('',(#9939,#9950,#9958,#9967,#9975,#9984,#9992,#10001)
  );
#9939 = ORIENTED_EDGE('',*,*,#9940,.T.);
#9940 = EDGE_CURVE('',#9941,#9943,#9945,.T.);
#9941 = VERTEX_POINT('',#9942);
#9942 = CARTESIAN_POINT('',(298.23428043478,-20.296122,5.469063130436));
#9943 = VERTEX_POINT('',#9944);
#9944 = CARTESIAN_POINT('',(299.13856413043,-20.296122,4.564779434783));
#9945 = CIRCLE('',#9946,0.904283695653);
#9946 = AXIS2_PLACEMENT_3D('',#9947,#9948,#9949);
#9947 = CARTESIAN_POINT('',(298.23428043478,-20.296122,4.564779434783));
#9948 = DIRECTION('',(0.,1.,-2.22044604925E-16));
#9949 = DIRECTION('',(-1.,0.,0.));
#9950 = ORIENTED_EDGE('',*,*,#9951,.T.);
#9951 = EDGE_CURVE('',#9943,#9952,#9954,.T.);
#9952 = VERTEX_POINT('',#9953);
#9953 = CARTESIAN_POINT('',(299.13856413043,-20.296122,4.53219));
#9954 = LINE('',#9955,#9956);
#9955 = CARTESIAN_POINT('',(299.13856413043,-20.296122,4.564779434783));
#9956 = VECTOR('',#9957,1.);
#9957 = DIRECTION('',(0.,-2.22044604925E-16,-1.));
#9958 = ORIENTED_EDGE('',*,*,#9959,.T.);
#9959 = EDGE_CURVE('',#9952,#9960,#9962,.T.);
#9960 = VERTEX_POINT('',#9961);
#9961 = CARTESIAN_POINT('',(298.23428043478,-20.296122,3.627906304347));
#9962 = CIRCLE('',#9963,0.904283695653);
#9963 = AXIS2_PLACEMENT_3D('',#9964,#9965,#9966);
#9964 = CARTESIAN_POINT('',(298.23428043478,-20.296122,4.53219));
#9965 = DIRECTION('',(0.,1.,-2.22044604925E-16));
#9966 = DIRECTION('',(-1.,0.,0.));
#9967 = ORIENTED_EDGE('',*,*,#9968,.T.);
#9968 = EDGE_CURVE('',#9960,#9969,#9971,.T.);
#9969 = VERTEX_POINT('',#9970);
#9970 = CARTESIAN_POINT('',(294.94221,-20.296122,3.627906304347));
#9971 = LINE('',#9972,#9973);
#9972 = CARTESIAN_POINT('',(298.23428043478,-20.296122,3.627906304347));
#9973 = VECTOR('',#9974,1.);
#9974 = DIRECTION('',(-1.,0.,0.));
#9975 = ORIENTED_EDGE('',*,*,#9976,.T.);
#9976 = EDGE_CURVE('',#9969,#9977,#9979,.T.);
#9977 = VERTEX_POINT('',#9978);
#9978 = CARTESIAN_POINT('',(294.03792630434,-20.296122,4.53219));
#9979 = CIRCLE('',#9980,0.904283695653);
#9980 = AXIS2_PLACEMENT_3D('',#9981,#9982,#9983);
#9981 = CARTESIAN_POINT('',(294.94221,-20.296122,4.53219));
#9982 = DIRECTION('',(0.,1.,-2.22044604925E-16));
#9983 = DIRECTION('',(-1.,0.,0.));
#9984 = ORIENTED_EDGE('',*,*,#9985,.T.);
#9985 = EDGE_CURVE('',#9977,#9986,#9988,.T.);
#9986 = VERTEX_POINT('',#9987);
#9987 = CARTESIAN_POINT('',(294.03792630434,-20.296122,4.564779434783));
#9988 = LINE('',#9989,#9990);
#9989 = CARTESIAN_POINT('',(294.03792630434,-20.296122,4.53219));
#9990 = VECTOR('',#9991,1.);
#9991 = DIRECTION('',(0.,2.22044604925E-16,1.));
#9992 = ORIENTED_EDGE('',*,*,#9993,.T.);
#9993 = EDGE_CURVE('',#9986,#9994,#9996,.T.);
#9994 = VERTEX_POINT('',#9995);
#9995 = CARTESIAN_POINT('',(294.94221,-20.296122,5.469063130436));
#9996 = CIRCLE('',#9997,0.904283695653);
#9997 = AXIS2_PLACEMENT_3D('',#9998,#9999,#10000);
#9998 = CARTESIAN_POINT('',(294.94221,-20.296122,4.564779434783));
#9999 = DIRECTION('',(0.,1.,-2.22044604925E-16));
#10000 = DIRECTION('',(-1.,0.,0.));
#10001 = ORIENTED_EDGE('',*,*,#10002,.T.);
#10002 = EDGE_CURVE('',#9994,#9941,#10003,.T.);
#10003 = LINE('',#10004,#10005);
#10004 = CARTESIAN_POINT('',(294.94221,-20.296122,5.469063130436));
#10005 = VECTOR('',#10006,1.);
#10006 = DIRECTION('',(1.,0.,0.));
#10007 = FACE_BOUND('',#10008,.F.);
#10008 = EDGE_LOOP('',(#10009,#10020,#10028,#10037,#10045,#10054,#10062,
    #10071));
#10009 = ORIENTED_EDGE('',*,*,#10010,.T.);
#10010 = EDGE_CURVE('',#10011,#10013,#10015,.T.);
#10011 = VERTEX_POINT('',#10012);
#10012 = CARTESIAN_POINT('',(299.623169,-20.296122,4.541386));
#10013 = VERTEX_POINT('',#10014);
#10014 = CARTESIAN_POINT('',(300.50929700012,-20.296122,5.427514000128)
  );
#10015 = CIRCLE('',#10016,0.886128000128);
#10016 = AXIS2_PLACEMENT_3D('',#10017,#10018,#10019);
#10017 = CARTESIAN_POINT('',(300.50929700012,-20.296122,4.541386));
#10018 = DIRECTION('',(0.,1.,-2.22044604925E-16));
#10019 = DIRECTION('',(-1.,0.,0.));
#10020 = ORIENTED_EDGE('',*,*,#10021,.T.);
#10021 = EDGE_CURVE('',#10013,#10022,#10024,.T.);
#10022 = VERTEX_POINT('',#10023);
#10023 = CARTESIAN_POINT('',(303.267162,-20.296122,5.427514000128));
#10024 = LINE('',#10025,#10026);
#10025 = CARTESIAN_POINT('',(300.50929700012,-20.296122,5.427514000128)
  );
#10026 = VECTOR('',#10027,1.);
#10027 = DIRECTION('',(1.,0.,0.));
#10028 = ORIENTED_EDGE('',*,*,#10029,.T.);
#10029 = EDGE_CURVE('',#10022,#10030,#10032,.T.);
#10030 = VERTEX_POINT('',#10031);
#10031 = CARTESIAN_POINT('',(304.15329000012,-20.296122,4.541386));
#10032 = CIRCLE('',#10033,0.886128000128);
#10033 = AXIS2_PLACEMENT_3D('',#10034,#10035,#10036);
#10034 = CARTESIAN_POINT('',(303.267162,-20.296122,4.541386));
#10035 = DIRECTION('',(0.,1.,-2.22044604925E-16));
#10036 = DIRECTION('',(-1.,0.,0.));
#10037 = ORIENTED_EDGE('',*,*,#10038,.T.);
#10038 = EDGE_CURVE('',#10030,#10039,#10041,.T.);
#10039 = VERTEX_POINT('',#10040);
#10040 = CARTESIAN_POINT('',(304.15329000012,-20.296122,4.539612));
#10041 = LINE('',#10042,#10043);
#10042 = CARTESIAN_POINT('',(304.15329000012,-20.296122,4.541386));
#10043 = VECTOR('',#10044,1.);
#10044 = DIRECTION('',(0.,-2.22044604925E-16,-1.));
#10045 = ORIENTED_EDGE('',*,*,#10046,.T.);
#10046 = EDGE_CURVE('',#10039,#10047,#10049,.T.);
#10047 = VERTEX_POINT('',#10048);
#10048 = CARTESIAN_POINT('',(303.267162,-20.296122,3.653483999872));
#10049 = CIRCLE('',#10050,0.886128000128);
#10050 = AXIS2_PLACEMENT_3D('',#10051,#10052,#10053);
#10051 = CARTESIAN_POINT('',(303.267162,-20.296122,4.539612));
#10052 = DIRECTION('',(0.,1.,-2.22044604925E-16));
#10053 = DIRECTION('',(-1.,0.,0.));
#10054 = ORIENTED_EDGE('',*,*,#10055,.T.);
#10055 = EDGE_CURVE('',#10047,#10056,#10058,.T.);
#10056 = VERTEX_POINT('',#10057);
#10057 = CARTESIAN_POINT('',(300.50929700012,-20.296122,3.653483999872)
  );
#10058 = LINE('',#10059,#10060);
#10059 = CARTESIAN_POINT('',(303.267162,-20.296122,3.653483999872));
#10060 = VECTOR('',#10061,1.);
#10061 = DIRECTION('',(-1.,0.,0.));
#10062 = ORIENTED_EDGE('',*,*,#10063,.T.);
#10063 = EDGE_CURVE('',#10056,#10064,#10066,.T.);
#10064 = VERTEX_POINT('',#10065);
#10065 = CARTESIAN_POINT('',(299.623169,-20.296122,4.539612));
#10066 = CIRCLE('',#10067,0.886128000128);
#10067 = AXIS2_PLACEMENT_3D('',#10068,#10069,#10070);
#10068 = CARTESIAN_POINT('',(300.50929700012,-20.296122,4.539612));
#10069 = DIRECTION('',(0.,1.,-2.22044604925E-16));
#10070 = DIRECTION('',(-1.,0.,0.));
#10071 = ORIENTED_EDGE('',*,*,#10072,.T.);
#10072 = EDGE_CURVE('',#10064,#10011,#10073,.T.);
#10073 = LINE('',#10074,#10075);
#10074 = CARTESIAN_POINT('',(299.623169,-20.296122,4.539612));
#10075 = VECTOR('',#10076,1.);
#10076 = DIRECTION('',(0.,2.22044604925E-16,1.));
#10077 = PLANE('',#10078);
#10078 = AXIS2_PLACEMENT_3D('',#10079,#10080,#10081);
#10079 = CARTESIAN_POINT('',(314.08,-20.296122,0.));
#10080 = DIRECTION('',(0.,-1.,0.));
#10081 = DIRECTION('',(-1.,0.,0.));
#10082 = ADVANCED_FACE('',(#10083),#10101,.F.);
#10083 = FACE_BOUND('',#10084,.F.);
#10084 = EDGE_LOOP('',(#10085,#10086,#10094,#10100));
#10085 = ORIENTED_EDGE('',*,*,#9907,.T.);
#10086 = ORIENTED_EDGE('',*,*,#10087,.T.);
#10087 = EDGE_CURVE('',#9900,#10088,#10090,.T.);
#10088 = VERTEX_POINT('',#10089);
#10089 = CARTESIAN_POINT('',(314.08,-126.676122,10.));
#10090 = LINE('',#10091,#10092);
#10091 = CARTESIAN_POINT('',(0.,-126.676122,10.));
#10092 = VECTOR('',#10093,1.);
#10093 = DIRECTION('',(1.,0.,0.));
#10094 = ORIENTED_EDGE('',*,*,#10095,.F.);
#10095 = EDGE_CURVE('',#9588,#10088,#10096,.T.);
#10096 = LINE('',#10097,#10098);
#10097 = CARTESIAN_POINT('',(314.08,-126.676122,0.));
#10098 = VECTOR('',#10099,1.);
#10099 = DIRECTION('',(0.,0.,1.));
#10100 = ORIENTED_EDGE('',*,*,#9587,.F.);
#10101 = PLANE('',#10102);
#10102 = AXIS2_PLACEMENT_3D('',#10103,#10104,#10105);
#10103 = CARTESIAN_POINT('',(0.,-126.676122,0.));
#10104 = DIRECTION('',(0.,1.,0.));
#10105 = DIRECTION('',(1.,0.,0.));
#10106 = ADVANCED_FACE('',(#10107),#10118,.F.);
#10107 = FACE_BOUND('',#10108,.F.);
#10108 = EDGE_LOOP('',(#10109,#10110,#10116,#10117));
#10109 = ORIENTED_EDGE('',*,*,#10095,.T.);
#10110 = ORIENTED_EDGE('',*,*,#10111,.T.);
#10111 = EDGE_CURVE('',#10088,#9923,#10112,.T.);
#10112 = LINE('',#10113,#10114);
#10113 = CARTESIAN_POINT('',(314.08,-126.676122,10.));
#10114 = VECTOR('',#10115,1.);
#10115 = DIRECTION('',(0.,1.,0.));
#10116 = ORIENTED_EDGE('',*,*,#9922,.F.);
#10117 = ORIENTED_EDGE('',*,*,#9595,.F.);
#10118 = PLANE('',#10119);
#10119 = AXIS2_PLACEMENT_3D('',#10120,#10121,#10122);
#10120 = CARTESIAN_POINT('',(314.08,-126.676122,0.));
#10121 = DIRECTION('',(-1.,0.,0.));
#10122 = DIRECTION('',(0.,1.,0.));
#10123 = ADVANCED_FACE('',(#10124),#10142,.F.);
#10124 = FACE_BOUND('',#10125,.F.);
#10125 = EDGE_LOOP('',(#10126,#10134,#10140,#10141));
#10126 = ORIENTED_EDGE('',*,*,#10127,.T.);
#10127 = EDGE_CURVE('',#9638,#10128,#10130,.T.);
#10128 = VERTEX_POINT('',#10129);
#10129 = CARTESIAN_POINT('',(292.53463448668,-31.222965,-0.6));
#10130 = LINE('',#10131,#10132);
#10131 = CARTESIAN_POINT('',(292.53463448668,-31.222965,0.));
#10132 = VECTOR('',#10133,1.);
#10133 = DIRECTION('',(0.,0.,-1.));
#10134 = ORIENTED_EDGE('',*,*,#10135,.T.);
#10135 = EDGE_CURVE('',#10128,#9765,#10136,.T.);
#10136 = LINE('',#10137,#10138);
#10137 = CARTESIAN_POINT('',(292.53463448668,-31.222965,-0.6));
#10138 = VECTOR('',#10139,1.);
#10139 = DIRECTION('',(1.,0.,0.));
#10140 = ORIENTED_EDGE('',*,*,#9764,.F.);
#10141 = ORIENTED_EDGE('',*,*,#9646,.F.);
#10142 = PLANE('',#10143);
#10143 = AXIS2_PLACEMENT_3D('',#10144,#10145,#10146);
#10144 = CARTESIAN_POINT('',(292.53463448668,-31.222965,0.));
#10145 = DIRECTION('',(0.,-1.,0.));
#10146 = DIRECTION('',(1.,0.,0.));
#10147 = ADVANCED_FACE('',(#10148),#10167,.T.);
#10148 = FACE_BOUND('',#10149,.F.);
#10149 = EDGE_LOOP('',(#10150,#10158,#10165,#10166));
#10150 = ORIENTED_EDGE('',*,*,#10151,.T.);
#10151 = EDGE_CURVE('',#9630,#10152,#10154,.T.);
#10152 = VERTEX_POINT('',#10153);
#10153 = CARTESIAN_POINT('',(291.04538000021,-32.71221948647,-0.6));
#10154 = LINE('',#10155,#10156);
#10155 = CARTESIAN_POINT('',(291.04538000021,-32.71221948647,0.));
#10156 = VECTOR('',#10157,1.);
#10157 = DIRECTION('',(0.,0.,-1.));
#10158 = ORIENTED_EDGE('',*,*,#10159,.T.);
#10159 = EDGE_CURVE('',#10152,#10128,#10160,.T.);
#10160 = CIRCLE('',#10161,1.489254486471);
#10161 = AXIS2_PLACEMENT_3D('',#10162,#10163,#10164);
#10162 = CARTESIAN_POINT('',(292.53463448668,-32.71221948647,-0.6));
#10163 = DIRECTION('',(0.,0.,-1.));
#10164 = DIRECTION('',(-1.,0.,0.));
#10165 = ORIENTED_EDGE('',*,*,#10127,.F.);
#10166 = ORIENTED_EDGE('',*,*,#9637,.F.);
#10167 = CYLINDRICAL_SURFACE('',#10168,1.489254486471);
#10168 = AXIS2_PLACEMENT_3D('',#10169,#10170,#10171);
#10169 = CARTESIAN_POINT('',(292.53463448668,-32.71221948647,0.));
#10170 = DIRECTION('',(0.,0.,1.));
#10171 = DIRECTION('',(1.,0.,0.));
#10172 = ADVANCED_FACE('',(#10173),#10191,.F.);
#10173 = FACE_BOUND('',#10174,.F.);
#10174 = EDGE_LOOP('',(#10175,#10183,#10189,#10190));
#10175 = ORIENTED_EDGE('',*,*,#10176,.T.);
#10176 = EDGE_CURVE('',#9621,#10177,#10179,.T.);
#10177 = VERTEX_POINT('',#10178);
#10178 = CARTESIAN_POINT('',(291.04538000021,-32.71520251352,-0.6));
#10179 = LINE('',#10180,#10181);
#10180 = CARTESIAN_POINT('',(291.04538000021,-32.71520251352,0.));
#10181 = VECTOR('',#10182,1.);
#10182 = DIRECTION('',(0.,0.,-1.));
#10183 = ORIENTED_EDGE('',*,*,#10184,.T.);
#10184 = EDGE_CURVE('',#10177,#10152,#10185,.T.);
#10185 = LINE('',#10186,#10187);
#10186 = CARTESIAN_POINT('',(291.04538000021,-32.71520251352,-0.6));
#10187 = VECTOR('',#10188,1.);
#10188 = DIRECTION('',(0.,1.,0.));
#10189 = ORIENTED_EDGE('',*,*,#10151,.F.);
#10190 = ORIENTED_EDGE('',*,*,#9629,.F.);
#10191 = PLANE('',#10192);
#10192 = AXIS2_PLACEMENT_3D('',#10193,#10194,#10195);
#10193 = CARTESIAN_POINT('',(291.04538000021,-32.71520251352,0.));
#10194 = DIRECTION('',(1.,0.,0.));
#10195 = DIRECTION('',(0.,1.,0.));
#10196 = ADVANCED_FACE('',(#10197),#10209,.T.);
#10197 = FACE_BOUND('',#10198,.F.);
#10198 = EDGE_LOOP('',(#10199,#10200,#10207,#10208));
#10199 = ORIENTED_EDGE('',*,*,#9749,.T.);
#10200 = ORIENTED_EDGE('',*,*,#10201,.T.);
#10201 = EDGE_CURVE('',#9742,#10177,#10202,.T.);
#10202 = CIRCLE('',#10203,1.489254486471);
#10203 = AXIS2_PLACEMENT_3D('',#10204,#10205,#10206);
#10204 = CARTESIAN_POINT('',(292.53463448668,-32.71520251352,-0.6));
#10205 = DIRECTION('',(-0.,-0.,-1.));
#10206 = DIRECTION('',(0.,-1.,0.));
#10207 = ORIENTED_EDGE('',*,*,#10176,.F.);
#10208 = ORIENTED_EDGE('',*,*,#9620,.F.);
#10209 = CYLINDRICAL_SURFACE('',#10210,1.489254486471);
#10210 = AXIS2_PLACEMENT_3D('',#10211,#10212,#10213);
#10211 = CARTESIAN_POINT('',(292.53463448668,-32.71520251352,0.));
#10212 = DIRECTION('',(0.,0.,1.));
#10213 = DIRECTION('',(1.,0.,0.));
#10214 = ADVANCED_FACE('',(#10215),#10241,.T.);
#10215 = FACE_BOUND('',#10216,.F.);
#10216 = EDGE_LOOP('',(#10217,#10225,#10234,#10240));
#10217 = ORIENTED_EDGE('',*,*,#10218,.T.);
#10218 = EDGE_CURVE('',#9665,#10219,#10221,.T.);
#10219 = VERTEX_POINT('',#10220);
#10220 = CARTESIAN_POINT('',(12.725561644871,-34.028198,-0.3));
#10221 = LINE('',#10222,#10223);
#10222 = CARTESIAN_POINT('',(12.725561644871,-34.028198,0.));
#10223 = VECTOR('',#10224,1.);
#10224 = DIRECTION('',(0.,0.,-1.));
#10225 = ORIENTED_EDGE('',*,*,#10226,.T.);
#10226 = EDGE_CURVE('',#10219,#10227,#10229,.T.);
#10227 = VERTEX_POINT('',#10228);
#10228 = CARTESIAN_POINT('',(10.863978,-32.16661435512,-0.3));
#10229 = CIRCLE('',#10230,1.861583644871);
#10230 = AXIS2_PLACEMENT_3D('',#10231,#10232,#10233);
#10231 = CARTESIAN_POINT('',(12.725561644871,-32.16661435512,-0.3));
#10232 = DIRECTION('',(0.,-0.,-1.));
#10233 = DIRECTION('',(2.862654349636E-15,-1.,0.));
#10234 = ORIENTED_EDGE('',*,*,#10235,.F.);
#10235 = EDGE_CURVE('',#9667,#10227,#10236,.T.);
#10236 = LINE('',#10237,#10238);
#10237 = CARTESIAN_POINT('',(10.863978,-32.16661435512,0.));
#10238 = VECTOR('',#10239,1.);
#10239 = DIRECTION('',(0.,0.,-1.));
#10240 = ORIENTED_EDGE('',*,*,#9664,.F.);
#10241 = CYLINDRICAL_SURFACE('',#10242,1.861583644871);
#10242 = AXIS2_PLACEMENT_3D('',#10243,#10244,#10245);
#10243 = CARTESIAN_POINT('',(12.725561644871,-32.16661435512,0.));
#10244 = DIRECTION('',(0.,0.,1.));
#10245 = DIRECTION('',(1.,0.,0.));
#10246 = ADVANCED_FACE('',(#10247),#10265,.F.);
#10247 = FACE_BOUND('',#10248,.F.);
#10248 = EDGE_LOOP('',(#10249,#10257,#10263,#10264));
#10249 = ORIENTED_EDGE('',*,*,#10250,.T.);
#10250 = EDGE_CURVE('',#9718,#10251,#10253,.T.);
#10251 = VERTEX_POINT('',#10252);
#10252 = CARTESIAN_POINT('',(25.377121355129,-34.028198,-0.3));
#10253 = LINE('',#10254,#10255);
#10254 = CARTESIAN_POINT('',(25.377121355129,-34.028198,0.));
#10255 = VECTOR('',#10256,1.);
#10256 = DIRECTION('',(0.,0.,-1.));
#10257 = ORIENTED_EDGE('',*,*,#10258,.T.);
#10258 = EDGE_CURVE('',#10251,#10219,#10259,.T.);
#10259 = LINE('',#10260,#10261);
#10260 = CARTESIAN_POINT('',(25.377121355129,-34.028198,-0.3));
#10261 = VECTOR('',#10262,1.);
#10262 = DIRECTION('',(-1.,0.,0.));
#10263 = ORIENTED_EDGE('',*,*,#10218,.F.);
#10264 = ORIENTED_EDGE('',*,*,#9726,.F.);
#10265 = PLANE('',#10266);
#10266 = AXIS2_PLACEMENT_3D('',#10267,#10268,#10269);
#10267 = CARTESIAN_POINT('',(25.377121355129,-34.028198,0.));
#10268 = DIRECTION('',(0.,1.,0.));
#10269 = DIRECTION('',(-1.,0.,0.));
#10270 = ADVANCED_FACE('',(#10271),#10290,.T.);
#10271 = FACE_BOUND('',#10272,.F.);
#10272 = EDGE_LOOP('',(#10273,#10281,#10288,#10289));
#10273 = ORIENTED_EDGE('',*,*,#10274,.T.);
#10274 = EDGE_CURVE('',#9710,#10275,#10277,.T.);
#10275 = VERTEX_POINT('',#10276);
#10276 = CARTESIAN_POINT('',(27.238705,-32.16661435512,-0.3));
#10277 = LINE('',#10278,#10279);
#10278 = CARTESIAN_POINT('',(27.238705,-32.16661435512,0.));
#10279 = VECTOR('',#10280,1.);
#10280 = DIRECTION('',(0.,0.,-1.));
#10281 = ORIENTED_EDGE('',*,*,#10282,.T.);
#10282 = EDGE_CURVE('',#10275,#10251,#10283,.T.);
#10283 = CIRCLE('',#10284,1.861583644871);
#10284 = AXIS2_PLACEMENT_3D('',#10285,#10286,#10287);
#10285 = CARTESIAN_POINT('',(25.377121355129,-32.16661435512,-0.3));
#10286 = DIRECTION('',(0.,0.,-1.));
#10287 = DIRECTION('',(1.,0.,0.));
#10288 = ORIENTED_EDGE('',*,*,#10250,.F.);
#10289 = ORIENTED_EDGE('',*,*,#9717,.F.);
#10290 = CYLINDRICAL_SURFACE('',#10291,1.861583644871);
#10291 = AXIS2_PLACEMENT_3D('',#10292,#10293,#10294);
#10292 = CARTESIAN_POINT('',(25.377121355129,-32.16661435512,0.));
#10293 = DIRECTION('',(0.,0.,1.));
#10294 = DIRECTION('',(1.,0.,0.));
#10295 = ADVANCED_FACE('',(#10296),#10314,.F.);
#10296 = FACE_BOUND('',#10297,.F.);
#10297 = EDGE_LOOP('',(#10298,#10306,#10312,#10313));
#10298 = ORIENTED_EDGE('',*,*,#10299,.T.);
#10299 = EDGE_CURVE('',#9701,#10300,#10302,.T.);
#10300 = VERTEX_POINT('',#10301);
#10301 = CARTESIAN_POINT('',(27.238705,-32.162889,-0.3));
#10302 = LINE('',#10303,#10304);
#10303 = CARTESIAN_POINT('',(27.238705,-32.162889,0.));
#10304 = VECTOR('',#10305,1.);
#10305 = DIRECTION('',(0.,0.,-1.));
#10306 = ORIENTED_EDGE('',*,*,#10307,.T.);
#10307 = EDGE_CURVE('',#10300,#10275,#10308,.T.);
#10308 = LINE('',#10309,#10310);
#10309 = CARTESIAN_POINT('',(27.238705,-32.162889,-0.3));
#10310 = VECTOR('',#10311,1.);
#10311 = DIRECTION('',(0.,-1.,0.));
#10312 = ORIENTED_EDGE('',*,*,#10274,.F.);
#10313 = ORIENTED_EDGE('',*,*,#9709,.F.);
#10314 = PLANE('',#10315);
#10315 = AXIS2_PLACEMENT_3D('',#10316,#10317,#10318);
#10316 = CARTESIAN_POINT('',(27.238705,-32.162889,0.));
#10317 = DIRECTION('',(-1.,-0.,-0.));
#10318 = DIRECTION('',(0.,-1.,0.));
#10319 = ADVANCED_FACE('',(#10320),#10339,.T.);
#10320 = FACE_BOUND('',#10321,.F.);
#10321 = EDGE_LOOP('',(#10322,#10330,#10337,#10338));
#10322 = ORIENTED_EDGE('',*,*,#10323,.T.);
#10323 = EDGE_CURVE('',#9693,#10324,#10326,.T.);
#10324 = VERTEX_POINT('',#10325);
#10325 = CARTESIAN_POINT('',(25.377121355129,-30.30130535512,-0.3));
#10326 = LINE('',#10327,#10328);
#10327 = CARTESIAN_POINT('',(25.377121355129,-30.30130535512,0.));
#10328 = VECTOR('',#10329,1.);
#10329 = DIRECTION('',(0.,0.,-1.));
#10330 = ORIENTED_EDGE('',*,*,#10331,.T.);
#10331 = EDGE_CURVE('',#10324,#10300,#10332,.T.);
#10332 = CIRCLE('',#10333,1.861583644871);
#10333 = AXIS2_PLACEMENT_3D('',#10334,#10335,#10336);
#10334 = CARTESIAN_POINT('',(25.377121355129,-32.162889,-0.3));
#10335 = DIRECTION('',(0.,0.,-1.));
#10336 = DIRECTION('',(-3.816872466181E-15,1.,0.));
#10337 = ORIENTED_EDGE('',*,*,#10299,.F.);
#10338 = ORIENTED_EDGE('',*,*,#9700,.F.);
#10339 = CYLINDRICAL_SURFACE('',#10340,1.861583644871);
#10340 = AXIS2_PLACEMENT_3D('',#10341,#10342,#10343);
#10341 = CARTESIAN_POINT('',(25.377121355129,-32.162889,0.));
#10342 = DIRECTION('',(0.,0.,1.));
#10343 = DIRECTION('',(1.,0.,0.));
#10344 = ADVANCED_FACE('',(#10345),#10363,.F.);
#10345 = FACE_BOUND('',#10346,.F.);
#10346 = EDGE_LOOP('',(#10347,#10355,#10361,#10362));
#10347 = ORIENTED_EDGE('',*,*,#10348,.T.);
#10348 = EDGE_CURVE('',#9684,#10349,#10351,.T.);
#10349 = VERTEX_POINT('',#10350);
#10350 = CARTESIAN_POINT('',(12.725561644871,-30.30130535512,-0.3));
#10351 = LINE('',#10352,#10353);
#10352 = CARTESIAN_POINT('',(12.725561644871,-30.30130535512,0.));
#10353 = VECTOR('',#10354,1.);
#10354 = DIRECTION('',(0.,0.,-1.));
#10355 = ORIENTED_EDGE('',*,*,#10356,.T.);
#10356 = EDGE_CURVE('',#10349,#10324,#10357,.T.);
#10357 = LINE('',#10358,#10359);
#10358 = CARTESIAN_POINT('',(12.725561644871,-30.30130535512,-0.3));
#10359 = VECTOR('',#10360,1.);
#10360 = DIRECTION('',(1.,0.,0.));
#10361 = ORIENTED_EDGE('',*,*,#10323,.F.);
#10362 = ORIENTED_EDGE('',*,*,#9692,.F.);
#10363 = PLANE('',#10364);
#10364 = AXIS2_PLACEMENT_3D('',#10365,#10366,#10367);
#10365 = CARTESIAN_POINT('',(12.725561644871,-30.30130535512,0.));
#10366 = DIRECTION('',(0.,-1.,0.));
#10367 = DIRECTION('',(1.,0.,0.));
#10368 = ADVANCED_FACE('',(#10369),#10388,.T.);
#10369 = FACE_BOUND('',#10370,.F.);
#10370 = EDGE_LOOP('',(#10371,#10379,#10386,#10387));
#10371 = ORIENTED_EDGE('',*,*,#10372,.T.);
#10372 = EDGE_CURVE('',#9676,#10373,#10375,.T.);
#10373 = VERTEX_POINT('',#10374);
#10374 = CARTESIAN_POINT('',(10.863978,-32.162889,-0.3));
#10375 = LINE('',#10376,#10377);
#10376 = CARTESIAN_POINT('',(10.863978,-32.162889,0.));
#10377 = VECTOR('',#10378,1.);
#10378 = DIRECTION('',(0.,0.,-1.));
#10379 = ORIENTED_EDGE('',*,*,#10380,.T.);
#10380 = EDGE_CURVE('',#10373,#10349,#10381,.T.);
#10381 = CIRCLE('',#10382,1.861583644871);
#10382 = AXIS2_PLACEMENT_3D('',#10383,#10384,#10385);
#10383 = CARTESIAN_POINT('',(12.725561644871,-32.162889,-0.3));
#10384 = DIRECTION('',(-0.,0.,-1.));
#10385 = DIRECTION('',(-1.,-1.183230464516E-13,0.));
#10386 = ORIENTED_EDGE('',*,*,#10348,.F.);
#10387 = ORIENTED_EDGE('',*,*,#9683,.F.);
#10388 = CYLINDRICAL_SURFACE('',#10389,1.861583644871);
#10389 = AXIS2_PLACEMENT_3D('',#10390,#10391,#10392);
#10390 = CARTESIAN_POINT('',(12.725561644871,-32.162889,0.));
#10391 = DIRECTION('',(0.,0.,1.));
#10392 = DIRECTION('',(1.,0.,0.));
#10393 = ADVANCED_FACE('',(#10394),#10405,.F.);
#10394 = FACE_BOUND('',#10395,.F.);
#10395 = EDGE_LOOP('',(#10396,#10397,#10403,#10404));
#10396 = ORIENTED_EDGE('',*,*,#10235,.T.);
#10397 = ORIENTED_EDGE('',*,*,#10398,.T.);
#10398 = EDGE_CURVE('',#10227,#10373,#10399,.T.);
#10399 = LINE('',#10400,#10401);
#10400 = CARTESIAN_POINT('',(10.863978,-32.16661435512,-0.3));
#10401 = VECTOR('',#10402,1.);
#10402 = DIRECTION('',(0.,1.,0.));
#10403 = ORIENTED_EDGE('',*,*,#10372,.F.);
#10404 = ORIENTED_EDGE('',*,*,#9675,.F.);
#10405 = PLANE('',#10406);
#10406 = AXIS2_PLACEMENT_3D('',#10407,#10408,#10409);
#10407 = CARTESIAN_POINT('',(10.863978,-32.16661435512,0.));
#10408 = DIRECTION('',(1.,0.,0.));
#10409 = DIRECTION('',(0.,1.,0.));
#10410 = ADVANCED_FACE('',(#10411),#10423,.T.);
#10411 = FACE_BOUND('',#10412,.T.);
#10412 = EDGE_LOOP('',(#10413,#10420,#10421,#10422));
#10413 = ORIENTED_EDGE('',*,*,#10414,.F.);
#10414 = EDGE_CURVE('',#9765,#9825,#10415,.T.);
#10415 = CIRCLE('',#10416,1.4);
#10416 = AXIS2_PLACEMENT_3D('',#10417,#10418,#10419);
#10417 = CARTESIAN_POINT('',(302.268893,-32.622965,-0.6));
#10418 = DIRECTION('',(-1.,0.,0.));
#10419 = DIRECTION('',(0.,1.,0.));
#10420 = ORIENTED_EDGE('',*,*,#9772,.T.);
#10421 = ORIENTED_EDGE('',*,*,#9789,.T.);
#10422 = ORIENTED_EDGE('',*,*,#9824,.F.);
#10423 = SURFACE_OF_REVOLUTION('',#10424,#10435);
#10424 = B_SPLINE_CURVE_WITH_KNOTS('',5,(#10425,#10426,#10427,#10428,
    #10429,#10430,#10431,#10432,#10433,#10434),.UNSPECIFIED.,.F.,.F.,(6,
    4,6),(0.,0.785398163397,1.570796326795),.UNSPECIFIED.);
#10425 = CARTESIAN_POINT('',(302.268893,-31.222965,-0.6));
#10426 = CARTESIAN_POINT('',(302.26889299999,-31.222965,-0.819911485751)
  );
#10427 = CARTESIAN_POINT('',(302.268893,-31.26613483012,-1.039826455574)
  );
#10428 = CARTESIAN_POINT('',(302.26889299999,-31.35253691668,
    -1.248419544756));
#10429 = CARTESIAN_POINT('',(302.268893,-31.4775146035,-1.434448590826)
  );
#10430 = CARTESIAN_POINT('',(302.26889299999,-31.78851640917,
    -1.745450396497));
#10431 = CARTESIAN_POINT('',(302.268893,-31.97454545524,-1.87042808332)
  );
#10432 = CARTESIAN_POINT('',(302.26889299999,-32.18313854442,
    -1.956830169876));
#10433 = CARTESIAN_POINT('',(302.268893,-32.40305351424,-2.));
#10434 = CARTESIAN_POINT('',(302.268893,-32.622965,-2.));
#10435 = AXIS1_PLACEMENT('',#10436,#10437);
#10436 = CARTESIAN_POINT('',(302.268893,-32.71221948647,-0.6));
#10437 = DIRECTION('',(-0.,-0.,-1.));
#10438 = ADVANCED_FACE('',(#10439),#10451,.T.);
#10439 = FACE_BOUND('',#10440,.T.);
#10440 = EDGE_LOOP('',(#10441,#10442,#10443,#10450));
#10441 = ORIENTED_EDGE('',*,*,#9875,.F.);
#10442 = ORIENTED_EDGE('',*,*,#10201,.T.);
#10443 = ORIENTED_EDGE('',*,*,#10444,.T.);
#10444 = EDGE_CURVE('',#10177,#9851,#10445,.T.);
#10445 = CIRCLE('',#10446,1.4);
#10446 = AXIS2_PLACEMENT_3D('',#10447,#10448,#10449);
#10447 = CARTESIAN_POINT('',(292.44538000021,-32.71520251352,-0.6));
#10448 = DIRECTION('',(1.937911296844E-14,-1.,0.));
#10449 = DIRECTION('',(-1.,-1.937911296844E-14,0.));
#10450 = ORIENTED_EDGE('',*,*,#9858,.F.);
#10451 = SURFACE_OF_REVOLUTION('',#10452,#10463);
#10452 = B_SPLINE_CURVE_WITH_KNOTS('',5,(#10453,#10454,#10455,#10456,
    #10457,#10458,#10459,#10460,#10461,#10462),.UNSPECIFIED.,.F.,.F.,(6,
    4,6),(0.,0.785398163397,1.570796326795),.UNSPECIFIED.);
#10453 = CARTESIAN_POINT('',(292.53463448668,-34.204457,-0.6));
#10454 = CARTESIAN_POINT('',(292.53463448668,-34.204457,-0.819911485751)
  );
#10455 = CARTESIAN_POINT('',(292.53463448668,-34.16128716987,
    -1.039826455574));
#10456 = CARTESIAN_POINT('',(292.53463448668,-34.07488508332,
    -1.248419544756));
#10457 = CARTESIAN_POINT('',(292.53463448668,-33.94990739649,
    -1.434448590826));
#10458 = CARTESIAN_POINT('',(292.53463448668,-33.63890559082,
    -1.745450396497));
#10459 = CARTESIAN_POINT('',(292.53463448668,-33.45287654475,
    -1.87042808332));
#10460 = CARTESIAN_POINT('',(292.53463448668,-33.24428345557,
    -1.956830169876));
#10461 = CARTESIAN_POINT('',(292.53463448668,-33.02436848575,-2.));
#10462 = CARTESIAN_POINT('',(292.53463448668,-32.804457,-2.));
#10463 = AXIS1_PLACEMENT('',#10464,#10465);
#10464 = CARTESIAN_POINT('',(292.53463448668,-32.71520251352,-0.6));
#10465 = DIRECTION('',(-0.,-0.,-1.));
#10466 = ADVANCED_FACE('',(#10467),#10479,.T.);
#10467 = FACE_BOUND('',#10468,.F.);
#10468 = EDGE_LOOP('',(#10469,#10470,#10471,#10478));
#10469 = ORIENTED_EDGE('',*,*,#10444,.T.);
#10470 = ORIENTED_EDGE('',*,*,#9850,.T.);
#10471 = ORIENTED_EDGE('',*,*,#10472,.F.);
#10472 = EDGE_CURVE('',#10152,#9842,#10473,.T.);
#10473 = CIRCLE('',#10474,1.4);
#10474 = AXIS2_PLACEMENT_3D('',#10475,#10476,#10477);
#10475 = CARTESIAN_POINT('',(292.44538000021,-32.71221948647,-0.6));
#10476 = DIRECTION('',(-0.,-1.,-0.));
#10477 = DIRECTION('',(-1.,0.,0.));
#10478 = ORIENTED_EDGE('',*,*,#10184,.F.);
#10479 = CYLINDRICAL_SURFACE('',#10480,1.4);
#10480 = AXIS2_PLACEMENT_3D('',#10481,#10482,#10483);
#10481 = CARTESIAN_POINT('',(292.44538000021,-32.71520251352,-0.6));
#10482 = DIRECTION('',(0.,1.,0.));
#10483 = DIRECTION('',(-1.,0.,0.));
#10484 = ADVANCED_FACE('',(#10485),#10497,.T.);
#10485 = FACE_BOUND('',#10486,.T.);
#10486 = EDGE_LOOP('',(#10487,#10488,#10489,#10496));
#10487 = ORIENTED_EDGE('',*,*,#10472,.F.);
#10488 = ORIENTED_EDGE('',*,*,#10159,.T.);
#10489 = ORIENTED_EDGE('',*,*,#10490,.T.);
#10490 = EDGE_CURVE('',#10128,#9834,#10491,.T.);
#10491 = CIRCLE('',#10492,1.4);
#10492 = AXIS2_PLACEMENT_3D('',#10493,#10494,#10495);
#10493 = CARTESIAN_POINT('',(292.53463448668,-32.622965,-0.6));
#10494 = DIRECTION('',(-1.,1.681415763435E-14,0.));
#10495 = DIRECTION('',(1.681415763435E-14,1.,0.));
#10496 = ORIENTED_EDGE('',*,*,#9841,.F.);
#10497 = SURFACE_OF_REVOLUTION('',#10498,#10509);
#10498 = B_SPLINE_CURVE_WITH_KNOTS('',5,(#10499,#10500,#10501,#10502,
    #10503,#10504,#10505,#10506,#10507,#10508),.UNSPECIFIED.,.F.,.F.,(6,
    4,6),(0.,0.785398163397,1.570796326795),.UNSPECIFIED.);
#10499 = CARTESIAN_POINT('',(291.04538000021,-32.71221948647,-0.6));
#10500 = CARTESIAN_POINT('',(291.0453800002,-32.71221948647,
    -0.819911485751));
#10501 = CARTESIAN_POINT('',(291.08854983033,-32.71221948647,
    -1.039826455574));
#10502 = CARTESIAN_POINT('',(291.17495191689,-32.71221948647,
    -1.248419544756));
#10503 = CARTESIAN_POINT('',(291.29992960371,-32.71221948647,
    -1.434448590826));
#10504 = CARTESIAN_POINT('',(291.61093140938,-32.71221948647,
    -1.745450396497));
#10505 = CARTESIAN_POINT('',(291.79696045545,-32.71221948647,
    -1.87042808332));
#10506 = CARTESIAN_POINT('',(292.00555354463,-32.71221948647,
    -1.956830169876));
#10507 = CARTESIAN_POINT('',(292.22546851445,-32.71221948647,-2.));
#10508 = CARTESIAN_POINT('',(292.44538000021,-32.71221948647,-2.));
#10509 = AXIS1_PLACEMENT('',#10510,#10511);
#10510 = CARTESIAN_POINT('',(292.53463448668,-32.71221948647,-0.6));
#10511 = DIRECTION('',(-0.,-0.,-1.));
#10512 = ADVANCED_FACE('',(#10513),#10519,.T.);
#10513 = FACE_BOUND('',#10514,.F.);
#10514 = EDGE_LOOP('',(#10515,#10516,#10517,#10518));
#10515 = ORIENTED_EDGE('',*,*,#10490,.T.);
#10516 = ORIENTED_EDGE('',*,*,#9833,.T.);
#10517 = ORIENTED_EDGE('',*,*,#10414,.F.);
#10518 = ORIENTED_EDGE('',*,*,#10135,.F.);
#10519 = CYLINDRICAL_SURFACE('',#10520,1.4);
#10520 = AXIS2_PLACEMENT_3D('',#10521,#10522,#10523);
#10521 = CARTESIAN_POINT('',(292.53463448668,-32.622965,-0.6));
#10522 = DIRECTION('',(1.,0.,0.));
#10523 = DIRECTION('',(0.,1.,0.));
#10524 = ADVANCED_FACE('',(#10525,#10595),#10601,.T.);
#10525 = FACE_BOUND('',#10526,.T.);
#10526 = EDGE_LOOP('',(#10527,#10537,#10546,#10554,#10563,#10571,#10580,
    #10588));
#10527 = ORIENTED_EDGE('',*,*,#10528,.T.);
#10528 = EDGE_CURVE('',#10529,#10531,#10533,.T.);
#10529 = VERTEX_POINT('',#10530);
#10530 = CARTESIAN_POINT('',(311.26084819739,-126.1025452268,10.));
#10531 = VERTEX_POINT('',#10532);
#10532 = CARTESIAN_POINT('',(2.819152184341,-126.1025457553,10.));
#10533 = LINE('',#10534,#10535);
#10534 = CARTESIAN_POINT('',(313.26084819397,-126.1025452233,10.));
#10535 = VECTOR('',#10536,1.);
#10536 = DIRECTION('',(-1.,-1.71356584273E-09,0.));
#10537 = ORIENTED_EDGE('',*,*,#10538,.T.);
#10538 = EDGE_CURVE('',#10531,#10539,#10541,.T.);
#10539 = VERTEX_POINT('',#10540);
#10540 = CARTESIAN_POINT('',(0.819152180914,-124.1025457553,10.));
#10541 = CIRCLE('',#10542,2.);
#10542 = AXIS2_PLACEMENT_3D('',#10543,#10544,#10545);
#10543 = CARTESIAN_POINT('',(2.819152180914,-124.1025457553,10.));
#10544 = DIRECTION('',(0.,0.,-1.));
#10545 = DIRECTION('',(0.,1.,0.));
#10546 = ORIENTED_EDGE('',*,*,#10547,.T.);
#10547 = EDGE_CURVE('',#10539,#10548,#10550,.T.);
#10548 = VERTEX_POINT('',#10549);
#10549 = CARTESIAN_POINT('',(0.819152180914,-22.86969824465,10.));
#10550 = LINE('',#10551,#10552);
#10551 = CARTESIAN_POINT('',(0.819152180914,-126.1025457587,10.));
#10552 = VECTOR('',#10553,1.);
#10553 = DIRECTION('',(0.,1.,0.));
#10554 = ORIENTED_EDGE('',*,*,#10555,.F.);
#10555 = EDGE_CURVE('',#10556,#10548,#10558,.T.);
#10556 = VERTEX_POINT('',#10557);
#10557 = CARTESIAN_POINT('',(2.819152184341,-20.86969824465,10.));
#10558 = CIRCLE('',#10559,2.);
#10559 = AXIS2_PLACEMENT_3D('',#10560,#10561,#10562);
#10560 = CARTESIAN_POINT('',(2.819152180914,-22.86969824465,10.));
#10561 = DIRECTION('',(0.,-0.,1.));
#10562 = DIRECTION('',(0.,1.,0.));
#10563 = ORIENTED_EDGE('',*,*,#10564,.T.);
#10564 = EDGE_CURVE('',#10556,#10565,#10567,.T.);
#10565 = VERTEX_POINT('',#10566);
#10566 = CARTESIAN_POINT('',(311.26084819739,-20.86969877319,10.));
#10567 = LINE('',#10568,#10569);
#10568 = CARTESIAN_POINT('',(0.819152180914,-20.86969824123,10.));
#10569 = VECTOR('',#10570,1.);
#10570 = DIRECTION('',(1.,-1.71356584273E-09,0.));
#10571 = ORIENTED_EDGE('',*,*,#10572,.T.);
#10572 = EDGE_CURVE('',#10565,#10573,#10575,.T.);
#10573 = VERTEX_POINT('',#10574);
#10574 = CARTESIAN_POINT('',(313.26084819397,-22.86969877319,10.));
#10575 = CIRCLE('',#10576,2.);
#10576 = AXIS2_PLACEMENT_3D('',#10577,#10578,#10579);
#10577 = CARTESIAN_POINT('',(311.26084819397,-22.86969877319,10.));
#10578 = DIRECTION('',(0.,0.,-1.));
#10579 = DIRECTION('',(0.,1.,0.));
#10580 = ORIENTED_EDGE('',*,*,#10581,.T.);
#10581 = EDGE_CURVE('',#10573,#10582,#10584,.T.);
#10582 = VERTEX_POINT('',#10583);
#10583 = CARTESIAN_POINT('',(313.26084819397,-124.1025452268,10.));
#10584 = LINE('',#10585,#10586);
#10585 = CARTESIAN_POINT('',(313.26084819397,-20.86969877662,10.));
#10586 = VECTOR('',#10587,1.);
#10587 = DIRECTION('',(0.,-1.,0.));
#10588 = ORIENTED_EDGE('',*,*,#10589,.T.);
#10589 = EDGE_CURVE('',#10582,#10529,#10590,.T.);
#10590 = CIRCLE('',#10591,2.);
#10591 = AXIS2_PLACEMENT_3D('',#10592,#10593,#10594);
#10592 = CARTESIAN_POINT('',(311.26084819397,-124.1025452268,10.));
#10593 = DIRECTION('',(0.,0.,-1.));
#10594 = DIRECTION('',(0.,1.,0.));
#10595 = FACE_BOUND('',#10596,.T.);
#10596 = EDGE_LOOP('',(#10597,#10598,#10599,#10600));
#10597 = ORIENTED_EDGE('',*,*,#9899,.T.);
#10598 = ORIENTED_EDGE('',*,*,#10087,.T.);
#10599 = ORIENTED_EDGE('',*,*,#10111,.T.);
#10600 = ORIENTED_EDGE('',*,*,#9930,.T.);
#10601 = PLANE('',#10602);
#10602 = AXIS2_PLACEMENT_3D('',#10603,#10604,#10605);
#10603 = CARTESIAN_POINT('',(157.04,-73.486122,10.));
#10604 = DIRECTION('',(0.,0.,1.));
#10605 = DIRECTION('',(1.,0.,0.));
#10606 = ADVANCED_FACE('',(#10607),#10633,.F.);
#10607 = FACE_BOUND('',#10608,.F.);
#10608 = EDGE_LOOP('',(#10609,#10610,#10618,#10627));
#10609 = ORIENTED_EDGE('',*,*,#9940,.F.);
#10610 = ORIENTED_EDGE('',*,*,#10611,.T.);
#10611 = EDGE_CURVE('',#9941,#10612,#10614,.T.);
#10612 = VERTEX_POINT('',#10613);
#10613 = CARTESIAN_POINT('',(298.23428043478,-20.86969875087,
    5.469063130436));
#10614 = LINE('',#10615,#10616);
#10615 = CARTESIAN_POINT('',(298.23428043478,-20.296122,5.469063130436)
  );
#10616 = VECTOR('',#10617,1.);
#10617 = DIRECTION('',(0.,-1.,2.22044604925E-16));
#10618 = ORIENTED_EDGE('',*,*,#10619,.T.);
#10619 = EDGE_CURVE('',#10612,#10620,#10622,.T.);
#10620 = VERTEX_POINT('',#10621);
#10621 = CARTESIAN_POINT('',(299.13856413043,-20.86969875242,
    4.564779434783));
#10622 = CIRCLE('',#10623,0.904283695653);
#10623 = AXIS2_PLACEMENT_3D('',#10624,#10625,#10626);
#10624 = CARTESIAN_POINT('',(298.23428043478,-20.86969875087,
    4.564779434783));
#10625 = DIRECTION('',(0.,1.,-2.22044604925E-16));
#10626 = DIRECTION('',(-1.,0.,0.));
#10627 = ORIENTED_EDGE('',*,*,#10628,.F.);
#10628 = EDGE_CURVE('',#9943,#10620,#10629,.T.);
#10629 = LINE('',#10630,#10631);
#10630 = CARTESIAN_POINT('',(299.13856413043,-20.296122,4.564779434783)
  );
#10631 = VECTOR('',#10632,1.);
#10632 = DIRECTION('',(0.,-1.,2.22044604925E-16));
#10633 = CYLINDRICAL_SURFACE('',#10634,0.904283695653);
#10634 = AXIS2_PLACEMENT_3D('',#10635,#10636,#10637);
#10635 = CARTESIAN_POINT('',(298.23428043478,-20.296122,4.564779434783)
  );
#10636 = DIRECTION('',(0.,1.,-2.22044604925E-16));
#10637 = DIRECTION('',(-1.,0.,0.));
#10638 = ADVANCED_FACE('',(#10639),#10657,.F.);
#10639 = FACE_BOUND('',#10640,.F.);
#10640 = EDGE_LOOP('',(#10641,#10642,#10650,#10656));
#10641 = ORIENTED_EDGE('',*,*,#10002,.F.);
#10642 = ORIENTED_EDGE('',*,*,#10643,.T.);
#10643 = EDGE_CURVE('',#9994,#10644,#10646,.T.);
#10644 = VERTEX_POINT('',#10645);
#10645 = CARTESIAN_POINT('',(294.94221,-20.86969874523,5.469063130436));
#10646 = LINE('',#10647,#10648);
#10647 = CARTESIAN_POINT('',(294.94221,-20.296122,5.469063130436));
#10648 = VECTOR('',#10649,1.);
#10649 = DIRECTION('',(0.,-1.,2.22044604925E-16));
#10650 = ORIENTED_EDGE('',*,*,#10651,.F.);
#10651 = EDGE_CURVE('',#10612,#10644,#10652,.T.);
#10652 = LINE('',#10653,#10654);
#10653 = CARTESIAN_POINT('',(147.88068108996,-20.86969849323,
    5.469063130436));
#10654 = VECTOR('',#10655,1.);
#10655 = DIRECTION('',(-1.,1.71356584273E-09,-3.80488050562E-25));
#10656 = ORIENTED_EDGE('',*,*,#10611,.F.);
#10657 = PLANE('',#10658);
#10658 = AXIS2_PLACEMENT_3D('',#10659,#10660,#10661);
#10659 = CARTESIAN_POINT('',(294.94221,-20.296122,5.469063130436));
#10660 = DIRECTION('',(0.,2.22044604925E-16,1.));
#10661 = DIRECTION('',(1.,0.,0.));
#10662 = ADVANCED_FACE('',(#10663),#10682,.F.);
#10663 = FACE_BOUND('',#10664,.F.);
#10664 = EDGE_LOOP('',(#10665,#10666,#10674,#10681));
#10665 = ORIENTED_EDGE('',*,*,#9993,.F.);
#10666 = ORIENTED_EDGE('',*,*,#10667,.T.);
#10667 = EDGE_CURVE('',#9986,#10668,#10670,.T.);
#10668 = VERTEX_POINT('',#10669);
#10669 = CARTESIAN_POINT('',(294.03792630434,-20.86969874368,
    4.564779434783));
#10670 = LINE('',#10671,#10672);
#10671 = CARTESIAN_POINT('',(294.03792630434,-20.296122,4.564779434783)
  );
#10672 = VECTOR('',#10673,1.);
#10673 = DIRECTION('',(0.,-1.,2.22044604925E-16));
#10674 = ORIENTED_EDGE('',*,*,#10675,.T.);
#10675 = EDGE_CURVE('',#10668,#10644,#10676,.T.);
#10676 = CIRCLE('',#10677,0.904283695653);
#10677 = AXIS2_PLACEMENT_3D('',#10678,#10679,#10680);
#10678 = CARTESIAN_POINT('',(294.94221,-20.86969874523,4.564779434783));
#10679 = DIRECTION('',(0.,1.,-2.22044604925E-16));
#10680 = DIRECTION('',(-1.,0.,0.));
#10681 = ORIENTED_EDGE('',*,*,#10643,.F.);
#10682 = CYLINDRICAL_SURFACE('',#10683,0.904283695653);
#10683 = AXIS2_PLACEMENT_3D('',#10684,#10685,#10686);
#10684 = CARTESIAN_POINT('',(294.94221,-20.296122,4.564779434783));
#10685 = DIRECTION('',(0.,1.,-2.22044604925E-16));
#10686 = DIRECTION('',(-1.,0.,0.));
#10687 = ADVANCED_FACE('',(#10688),#10706,.F.);
#10688 = FACE_BOUND('',#10689,.F.);
#10689 = EDGE_LOOP('',(#10690,#10691,#10699,#10705));
#10690 = ORIENTED_EDGE('',*,*,#9985,.F.);
#10691 = ORIENTED_EDGE('',*,*,#10692,.T.);
#10692 = EDGE_CURVE('',#9977,#10693,#10695,.T.);
#10693 = VERTEX_POINT('',#10694);
#10694 = CARTESIAN_POINT('',(294.03792630434,-20.86969874368,4.53219));
#10695 = LINE('',#10696,#10697);
#10696 = CARTESIAN_POINT('',(294.03792630434,-20.296122,4.53219));
#10697 = VECTOR('',#10698,1.);
#10698 = DIRECTION('',(0.,-1.,2.22044604925E-16));
#10699 = ORIENTED_EDGE('',*,*,#10700,.F.);
#10700 = EDGE_CURVE('',#10668,#10693,#10701,.T.);
#10701 = LINE('',#10702,#10703);
#10702 = CARTESIAN_POINT('',(294.03792630434,-20.86969874368,7.266095));
#10703 = VECTOR('',#10704,1.);
#10704 = DIRECTION('',(0.,0.,-1.));
#10705 = ORIENTED_EDGE('',*,*,#10667,.F.);
#10706 = PLANE('',#10707);
#10707 = AXIS2_PLACEMENT_3D('',#10708,#10709,#10710);
#10708 = CARTESIAN_POINT('',(294.03792630434,-20.296122,4.53219));
#10709 = DIRECTION('',(-1.,0.,0.));
#10710 = DIRECTION('',(0.,2.22044604925E-16,1.));
#10711 = ADVANCED_FACE('',(#10712),#10731,.F.);
#10712 = FACE_BOUND('',#10713,.F.);
#10713 = EDGE_LOOP('',(#10714,#10715,#10723,#10730));
#10714 = ORIENTED_EDGE('',*,*,#9976,.F.);
#10715 = ORIENTED_EDGE('',*,*,#10716,.T.);
#10716 = EDGE_CURVE('',#9969,#10717,#10719,.T.);
#10717 = VERTEX_POINT('',#10718);
#10718 = CARTESIAN_POINT('',(294.94221,-20.86969874523,3.627906304347));
#10719 = LINE('',#10720,#10721);
#10720 = CARTESIAN_POINT('',(294.94221,-20.296122,3.627906304347));
#10721 = VECTOR('',#10722,1.);
#10722 = DIRECTION('',(0.,-1.,2.22044604925E-16));
#10723 = ORIENTED_EDGE('',*,*,#10724,.T.);
#10724 = EDGE_CURVE('',#10717,#10693,#10725,.T.);
#10725 = CIRCLE('',#10726,0.904283695653);
#10726 = AXIS2_PLACEMENT_3D('',#10727,#10728,#10729);
#10727 = CARTESIAN_POINT('',(294.94221,-20.86969874523,4.53219));
#10728 = DIRECTION('',(0.,1.,-2.22044604925E-16));
#10729 = DIRECTION('',(-1.,0.,0.));
#10730 = ORIENTED_EDGE('',*,*,#10692,.F.);
#10731 = CYLINDRICAL_SURFACE('',#10732,0.904283695653);
#10732 = AXIS2_PLACEMENT_3D('',#10733,#10734,#10735);
#10733 = CARTESIAN_POINT('',(294.94221,-20.296122,4.53219));
#10734 = DIRECTION('',(0.,1.,-2.22044604925E-16));
#10735 = DIRECTION('',(-1.,0.,0.));
#10736 = ADVANCED_FACE('',(#10737),#10755,.F.);
#10737 = FACE_BOUND('',#10738,.F.);
#10738 = EDGE_LOOP('',(#10739,#10740,#10748,#10754));
#10739 = ORIENTED_EDGE('',*,*,#9968,.F.);
#10740 = ORIENTED_EDGE('',*,*,#10741,.T.);
#10741 = EDGE_CURVE('',#9960,#10742,#10744,.T.);
#10742 = VERTEX_POINT('',#10743);
#10743 = CARTESIAN_POINT('',(298.23428043478,-20.86969875087,
    3.627906304347));
#10744 = LINE('',#10745,#10746);
#10745 = CARTESIAN_POINT('',(298.23428043478,-20.296122,3.627906304347)
  );
#10746 = VECTOR('',#10747,1.);
#10747 = DIRECTION('',(0.,-1.,2.22044604925E-16));
#10748 = ORIENTED_EDGE('',*,*,#10749,.F.);
#10749 = EDGE_CURVE('',#10717,#10742,#10750,.T.);
#10750 = LINE('',#10751,#10752);
#10751 = CARTESIAN_POINT('',(149.52671630735,-20.86969849605,
    3.627906304347));
#10752 = VECTOR('',#10753,1.);
#10753 = DIRECTION('',(1.,-1.71356584273E-09,3.80488050562E-25));
#10754 = ORIENTED_EDGE('',*,*,#10716,.F.);
#10755 = PLANE('',#10756);
#10756 = AXIS2_PLACEMENT_3D('',#10757,#10758,#10759);
#10757 = CARTESIAN_POINT('',(298.23428043478,-20.296122,3.627906304347)
  );
#10758 = DIRECTION('',(-0.,-2.22044604925E-16,-1.));
#10759 = DIRECTION('',(-1.,0.,0.));
#10760 = ADVANCED_FACE('',(#10761),#10780,.F.);
#10761 = FACE_BOUND('',#10762,.F.);
#10762 = EDGE_LOOP('',(#10763,#10764,#10772,#10779));
#10763 = ORIENTED_EDGE('',*,*,#9959,.F.);
#10764 = ORIENTED_EDGE('',*,*,#10765,.T.);
#10765 = EDGE_CURVE('',#9952,#10766,#10768,.T.);
#10766 = VERTEX_POINT('',#10767);
#10767 = CARTESIAN_POINT('',(299.13856413043,-20.86969875242,4.53219));
#10768 = LINE('',#10769,#10770);
#10769 = CARTESIAN_POINT('',(299.13856413043,-20.296122,4.53219));
#10770 = VECTOR('',#10771,1.);
#10771 = DIRECTION('',(0.,-1.,2.22044604925E-16));
#10772 = ORIENTED_EDGE('',*,*,#10773,.T.);
#10773 = EDGE_CURVE('',#10766,#10742,#10774,.T.);
#10774 = CIRCLE('',#10775,0.904283695653);
#10775 = AXIS2_PLACEMENT_3D('',#10776,#10777,#10778);
#10776 = CARTESIAN_POINT('',(298.23428043478,-20.86969875087,4.53219));
#10777 = DIRECTION('',(0.,1.,-2.22044604925E-16));
#10778 = DIRECTION('',(-1.,0.,0.));
#10779 = ORIENTED_EDGE('',*,*,#10741,.F.);
#10780 = CYLINDRICAL_SURFACE('',#10781,0.904283695653);
#10781 = AXIS2_PLACEMENT_3D('',#10782,#10783,#10784);
#10782 = CARTESIAN_POINT('',(298.23428043478,-20.296122,4.53219));
#10783 = DIRECTION('',(0.,1.,-2.22044604925E-16));
#10784 = DIRECTION('',(-1.,0.,0.));
#10785 = ADVANCED_FACE('',(#10786),#10797,.F.);
#10786 = FACE_BOUND('',#10787,.F.);
#10787 = EDGE_LOOP('',(#10788,#10789,#10790,#10796));
#10788 = ORIENTED_EDGE('',*,*,#9951,.F.);
#10789 = ORIENTED_EDGE('',*,*,#10628,.T.);
#10790 = ORIENTED_EDGE('',*,*,#10791,.F.);
#10791 = EDGE_CURVE('',#10766,#10620,#10792,.T.);
#10792 = LINE('',#10793,#10794);
#10793 = CARTESIAN_POINT('',(299.13856413043,-20.86969875242,
    7.282389717391));
#10794 = VECTOR('',#10795,1.);
#10795 = DIRECTION('',(0.,0.,1.));
#10796 = ORIENTED_EDGE('',*,*,#10765,.F.);
#10797 = PLANE('',#10798);
#10798 = AXIS2_PLACEMENT_3D('',#10799,#10800,#10801);
#10799 = CARTESIAN_POINT('',(299.13856413043,-20.296122,4.564779434783)
  );
#10800 = DIRECTION('',(1.,0.,0.));
#10801 = DIRECTION('',(0.,-2.22044604925E-16,-1.));
#10802 = ADVANCED_FACE('',(#10803),#10829,.F.);
#10803 = FACE_BOUND('',#10804,.F.);
#10804 = EDGE_LOOP('',(#10805,#10806,#10814,#10823));
#10805 = ORIENTED_EDGE('',*,*,#10010,.F.);
#10806 = ORIENTED_EDGE('',*,*,#10807,.T.);
#10807 = EDGE_CURVE('',#10011,#10808,#10810,.T.);
#10808 = VERTEX_POINT('',#10809);
#10809 = CARTESIAN_POINT('',(299.623169,-20.86969875325,4.541386));
#10810 = LINE('',#10811,#10812);
#10811 = CARTESIAN_POINT('',(299.623169,-20.296122,4.541386));
#10812 = VECTOR('',#10813,1.);
#10813 = DIRECTION('',(0.,-1.,2.22044604925E-16));
#10814 = ORIENTED_EDGE('',*,*,#10815,.T.);
#10815 = EDGE_CURVE('',#10808,#10816,#10818,.T.);
#10816 = VERTEX_POINT('',#10817);
#10817 = CARTESIAN_POINT('',(300.50929700012,-20.86969875476,
    5.427514000128));
#10818 = CIRCLE('',#10819,0.886128000128);
#10819 = AXIS2_PLACEMENT_3D('',#10820,#10821,#10822);
#10820 = CARTESIAN_POINT('',(300.50929700012,-20.86969875476,4.541386));
#10821 = DIRECTION('',(0.,1.,-2.22044604925E-16));
#10822 = DIRECTION('',(-1.,0.,0.));
#10823 = ORIENTED_EDGE('',*,*,#10824,.F.);
#10824 = EDGE_CURVE('',#10013,#10816,#10825,.T.);
#10825 = LINE('',#10826,#10827);
#10826 = CARTESIAN_POINT('',(300.50929700012,-20.296122,5.427514000128)
  );
#10827 = VECTOR('',#10828,1.);
#10828 = DIRECTION('',(0.,-1.,2.22044604925E-16));
#10829 = CYLINDRICAL_SURFACE('',#10830,0.886128000128);
#10830 = AXIS2_PLACEMENT_3D('',#10831,#10832,#10833);
#10831 = CARTESIAN_POINT('',(300.50929700012,-20.296122,4.541386));
#10832 = DIRECTION('',(0.,1.,-2.22044604925E-16));
#10833 = DIRECTION('',(-1.,0.,0.));
#10834 = ADVANCED_FACE('',(#10835),#10853,.F.);
#10835 = FACE_BOUND('',#10836,.F.);
#10836 = EDGE_LOOP('',(#10837,#10838,#10846,#10852));
#10837 = ORIENTED_EDGE('',*,*,#10072,.F.);
#10838 = ORIENTED_EDGE('',*,*,#10839,.T.);
#10839 = EDGE_CURVE('',#10064,#10840,#10842,.T.);
#10840 = VERTEX_POINT('',#10841);
#10841 = CARTESIAN_POINT('',(299.623169,-20.86969875325,4.539612));
#10842 = LINE('',#10843,#10844);
#10843 = CARTESIAN_POINT('',(299.623169,-20.296122,4.539612));
#10844 = VECTOR('',#10845,1.);
#10845 = DIRECTION('',(0.,-1.,2.22044604925E-16));
#10846 = ORIENTED_EDGE('',*,*,#10847,.F.);
#10847 = EDGE_CURVE('',#10808,#10840,#10848,.T.);
#10848 = LINE('',#10849,#10850);
#10849 = CARTESIAN_POINT('',(299.623169,-20.86969875325,7.269806));
#10850 = VECTOR('',#10851,1.);
#10851 = DIRECTION('',(0.,0.,-1.));
#10852 = ORIENTED_EDGE('',*,*,#10807,.F.);
#10853 = PLANE('',#10854);
#10854 = AXIS2_PLACEMENT_3D('',#10855,#10856,#10857);
#10855 = CARTESIAN_POINT('',(299.623169,-20.296122,4.539612));
#10856 = DIRECTION('',(-1.,0.,0.));
#10857 = DIRECTION('',(0.,2.22044604925E-16,1.));
#10858 = ADVANCED_FACE('',(#10859),#10878,.F.);
#10859 = FACE_BOUND('',#10860,.F.);
#10860 = EDGE_LOOP('',(#10861,#10862,#10870,#10877));
#10861 = ORIENTED_EDGE('',*,*,#10063,.F.);
#10862 = ORIENTED_EDGE('',*,*,#10863,.T.);
#10863 = EDGE_CURVE('',#10056,#10864,#10866,.T.);
#10864 = VERTEX_POINT('',#10865);
#10865 = CARTESIAN_POINT('',(300.50929700012,-20.86969875476,
    3.653483999872));
#10866 = LINE('',#10867,#10868);
#10867 = CARTESIAN_POINT('',(300.50929700012,-20.296122,3.653483999872)
  );
#10868 = VECTOR('',#10869,1.);
#10869 = DIRECTION('',(0.,-1.,2.22044604925E-16));
#10870 = ORIENTED_EDGE('',*,*,#10871,.T.);
#10871 = EDGE_CURVE('',#10864,#10840,#10872,.T.);
#10872 = CIRCLE('',#10873,0.886128000128);
#10873 = AXIS2_PLACEMENT_3D('',#10874,#10875,#10876);
#10874 = CARTESIAN_POINT('',(300.50929700012,-20.86969875476,4.539612));
#10875 = DIRECTION('',(0.,1.,-2.22044604925E-16));
#10876 = DIRECTION('',(-1.,0.,0.));
#10877 = ORIENTED_EDGE('',*,*,#10839,.F.);
#10878 = CYLINDRICAL_SURFACE('',#10879,0.886128000128);
#10879 = AXIS2_PLACEMENT_3D('',#10880,#10881,#10882);
#10880 = CARTESIAN_POINT('',(300.50929700012,-20.296122,4.539612));
#10881 = DIRECTION('',(0.,1.,-2.22044604925E-16));
#10882 = DIRECTION('',(-1.,0.,0.));
#10883 = ADVANCED_FACE('',(#10884),#10902,.F.);
#10884 = FACE_BOUND('',#10885,.F.);
#10885 = EDGE_LOOP('',(#10886,#10887,#10895,#10901));
#10886 = ORIENTED_EDGE('',*,*,#10055,.F.);
#10887 = ORIENTED_EDGE('',*,*,#10888,.T.);
#10888 = EDGE_CURVE('',#10047,#10889,#10891,.T.);
#10889 = VERTEX_POINT('',#10890);
#10890 = CARTESIAN_POINT('',(303.267162,-20.86969875949,3.653483999872)
  );
#10891 = LINE('',#10892,#10893);
#10892 = CARTESIAN_POINT('',(303.267162,-20.296122,3.653483999872));
#10893 = VECTOR('',#10894,1.);
#10894 = DIRECTION('',(0.,-1.,2.22044604925E-16));
#10895 = ORIENTED_EDGE('',*,*,#10896,.F.);
#10896 = EDGE_CURVE('',#10864,#10889,#10897,.T.);
#10897 = LINE('',#10898,#10899);
#10898 = CARTESIAN_POINT('',(152.04315708996,-20.86969850036,
    3.653483999872));
#10899 = VECTOR('',#10900,1.);
#10900 = DIRECTION('',(1.,-1.71356584273E-09,3.80488050562E-25));
#10901 = ORIENTED_EDGE('',*,*,#10863,.F.);
#10902 = PLANE('',#10903);
#10903 = AXIS2_PLACEMENT_3D('',#10904,#10905,#10906);
#10904 = CARTESIAN_POINT('',(303.267162,-20.296122,3.653483999872));
#10905 = DIRECTION('',(-0.,-2.22044604925E-16,-1.));
#10906 = DIRECTION('',(-1.,0.,0.));
#10907 = ADVANCED_FACE('',(#10908),#10927,.F.);
#10908 = FACE_BOUND('',#10909,.F.);
#10909 = EDGE_LOOP('',(#10910,#10911,#10919,#10926));
#10910 = ORIENTED_EDGE('',*,*,#10046,.F.);
#10911 = ORIENTED_EDGE('',*,*,#10912,.T.);
#10912 = EDGE_CURVE('',#10039,#10913,#10915,.T.);
#10913 = VERTEX_POINT('',#10914);
#10914 = CARTESIAN_POINT('',(304.15329000012,-20.86969876101,4.539612));
#10915 = LINE('',#10916,#10917);
#10916 = CARTESIAN_POINT('',(304.15329000012,-20.296122,4.539612));
#10917 = VECTOR('',#10918,1.);
#10918 = DIRECTION('',(0.,-1.,2.22044604925E-16));
#10919 = ORIENTED_EDGE('',*,*,#10920,.T.);
#10920 = EDGE_CURVE('',#10913,#10889,#10921,.T.);
#10921 = CIRCLE('',#10922,0.886128000128);
#10922 = AXIS2_PLACEMENT_3D('',#10923,#10924,#10925);
#10923 = CARTESIAN_POINT('',(303.267162,-20.86969875949,4.539612));
#10924 = DIRECTION('',(0.,1.,-2.22044604925E-16));
#10925 = DIRECTION('',(-1.,0.,0.));
#10926 = ORIENTED_EDGE('',*,*,#10888,.F.);
#10927 = CYLINDRICAL_SURFACE('',#10928,0.886128000128);
#10928 = AXIS2_PLACEMENT_3D('',#10929,#10930,#10931);
#10929 = CARTESIAN_POINT('',(303.267162,-20.296122,4.539612));
#10930 = DIRECTION('',(0.,1.,-2.22044604925E-16));
#10931 = DIRECTION('',(-1.,0.,0.));
#10932 = ADVANCED_FACE('',(#10933),#10951,.F.);
#10933 = FACE_BOUND('',#10934,.F.);
#10934 = EDGE_LOOP('',(#10935,#10936,#10944,#10950));
#10935 = ORIENTED_EDGE('',*,*,#10038,.F.);
#10936 = ORIENTED_EDGE('',*,*,#10937,.T.);
#10937 = EDGE_CURVE('',#10030,#10938,#10940,.T.);
#10938 = VERTEX_POINT('',#10939);
#10939 = CARTESIAN_POINT('',(304.15329000012,-20.86969876101,4.541386));
#10940 = LINE('',#10941,#10942);
#10941 = CARTESIAN_POINT('',(304.15329000012,-20.296122,4.541386));
#10942 = VECTOR('',#10943,1.);
#10943 = DIRECTION('',(0.,-1.,2.22044604925E-16));
#10944 = ORIENTED_EDGE('',*,*,#10945,.F.);
#10945 = EDGE_CURVE('',#10913,#10938,#10946,.T.);
#10946 = LINE('',#10947,#10948);
#10947 = CARTESIAN_POINT('',(304.15329000012,-20.86969876101,7.270693));
#10948 = VECTOR('',#10949,1.);
#10949 = DIRECTION('',(0.,0.,1.));
#10950 = ORIENTED_EDGE('',*,*,#10912,.F.);
#10951 = PLANE('',#10952);
#10952 = AXIS2_PLACEMENT_3D('',#10953,#10954,#10955);
#10953 = CARTESIAN_POINT('',(304.15329000012,-20.296122,4.541386));
#10954 = DIRECTION('',(1.,0.,0.));
#10955 = DIRECTION('',(0.,-2.22044604925E-16,-1.));
#10956 = ADVANCED_FACE('',(#10957),#10976,.F.);
#10957 = FACE_BOUND('',#10958,.F.);
#10958 = EDGE_LOOP('',(#10959,#10960,#10968,#10975));
#10959 = ORIENTED_EDGE('',*,*,#10029,.F.);
#10960 = ORIENTED_EDGE('',*,*,#10961,.T.);
#10961 = EDGE_CURVE('',#10022,#10962,#10964,.T.);
#10962 = VERTEX_POINT('',#10963);
#10963 = CARTESIAN_POINT('',(303.267162,-20.86969875949,5.427514000128)
  );
#10964 = LINE('',#10965,#10966);
#10965 = CARTESIAN_POINT('',(303.267162,-20.296122,5.427514000128));
#10966 = VECTOR('',#10967,1.);
#10967 = DIRECTION('',(0.,-1.,2.22044604925E-16));
#10968 = ORIENTED_EDGE('',*,*,#10969,.T.);
#10969 = EDGE_CURVE('',#10962,#10938,#10970,.T.);
#10970 = CIRCLE('',#10971,0.886128000128);
#10971 = AXIS2_PLACEMENT_3D('',#10972,#10973,#10974);
#10972 = CARTESIAN_POINT('',(303.267162,-20.86969875949,4.541386));
#10973 = DIRECTION('',(0.,1.,-2.22044604925E-16));
#10974 = DIRECTION('',(-1.,0.,0.));
#10975 = ORIENTED_EDGE('',*,*,#10937,.F.);
#10976 = CYLINDRICAL_SURFACE('',#10977,0.886128000128);
#10977 = AXIS2_PLACEMENT_3D('',#10978,#10979,#10980);
#10978 = CARTESIAN_POINT('',(303.267162,-20.296122,4.541386));
#10979 = DIRECTION('',(0.,1.,-2.22044604925E-16));
#10980 = DIRECTION('',(-1.,0.,0.));
#10981 = ADVANCED_FACE('',(#10982),#10993,.F.);
#10982 = FACE_BOUND('',#10983,.F.);
#10983 = EDGE_LOOP('',(#10984,#10985,#10986,#10992));
#10984 = ORIENTED_EDGE('',*,*,#10021,.F.);
#10985 = ORIENTED_EDGE('',*,*,#10824,.T.);
#10986 = ORIENTED_EDGE('',*,*,#10987,.F.);
#10987 = EDGE_CURVE('',#10962,#10816,#10988,.T.);
#10988 = LINE('',#10989,#10990);
#10989 = CARTESIAN_POINT('',(150.66422459003,-20.869698498,
    5.427514000128));
#10990 = VECTOR('',#10991,1.);
#10991 = DIRECTION('',(-1.,1.71356584273E-09,-3.80488050562E-25));
#10992 = ORIENTED_EDGE('',*,*,#10961,.F.);
#10993 = PLANE('',#10994);
#10994 = AXIS2_PLACEMENT_3D('',#10995,#10996,#10997);
#10995 = CARTESIAN_POINT('',(300.50929700012,-20.296122,5.427514000128)
  );
#10996 = DIRECTION('',(0.,2.22044604925E-16,1.));
#10997 = DIRECTION('',(1.,0.,0.));
#10998 = ADVANCED_FACE('',(#10999),#11027,.T.);
#10999 = FACE_BOUND('',#11000,.T.);
#11000 = EDGE_LOOP('',(#11001,#11010,#11011,#11020));
#11001 = ORIENTED_EDGE('',*,*,#11002,.F.);
#11002 = EDGE_CURVE('',#10219,#11003,#11005,.T.);
#11003 = VERTEX_POINT('',#11004);
#11004 = CARTESIAN_POINT('',(12.725561644871,-32.328198,-2.));
#11005 = CIRCLE('',#11006,1.7);
#11006 = AXIS2_PLACEMENT_3D('',#11007,#11008,#11009);
#11007 = CARTESIAN_POINT('',(12.725561644871,-32.328198,-0.3));
#11008 = DIRECTION('',(1.,0.,-0.));
#11009 = DIRECTION('',(0.,-1.,0.));
#11010 = ORIENTED_EDGE('',*,*,#10226,.T.);
#11011 = ORIENTED_EDGE('',*,*,#11012,.T.);
#11012 = EDGE_CURVE('',#10227,#11013,#11015,.T.);
#11013 = VERTEX_POINT('',#11014);
#11014 = CARTESIAN_POINT('',(12.563978,-32.16661435512,-2.));
#11015 = CIRCLE('',#11016,1.7);
#11016 = AXIS2_PLACEMENT_3D('',#11017,#11018,#11019);
#11017 = CARTESIAN_POINT('',(12.563978,-32.16661435512,-0.3));
#11018 = DIRECTION('',(-0.,-1.,-0.));
#11019 = DIRECTION('',(-1.,0.,0.));
#11020 = ORIENTED_EDGE('',*,*,#11021,.F.);
#11021 = EDGE_CURVE('',#11003,#11013,#11022,.T.);
#11022 = CIRCLE('',#11023,0.161583644871);
#11023 = AXIS2_PLACEMENT_3D('',#11024,#11025,#11026);
#11024 = CARTESIAN_POINT('',(12.725561644871,-32.16661435512,-2.));
#11025 = DIRECTION('',(0.,-0.,-1.));
#11026 = DIRECTION('',(2.862654349636E-15,-1.,0.));
#11027 = SURFACE_OF_REVOLUTION('',#11028,#11039);
#11028 = B_SPLINE_CURVE_WITH_KNOTS('',5,(#11029,#11030,#11031,#11032,
    #11033,#11034,#11035,#11036,#11037,#11038),.UNSPECIFIED.,.F.,.F.,(6,
    4,6),(0.,0.785398163397,1.570796326795),.UNSPECIFIED.);
#11029 = CARTESIAN_POINT('',(12.725561644871,-34.028198,-0.3));
#11030 = CARTESIAN_POINT('',(12.725561644871,-34.028198,-0.567035375555)
  );
#11031 = CARTESIAN_POINT('',(12.725561644871,-33.97577749199,
    -0.834074981769));
#11032 = CARTESIAN_POINT('',(12.725561644871,-33.8708606726,
    -1.087366590061));
#11033 = CARTESIAN_POINT('',(12.725561644871,-33.71910205288,
    -1.313259003145));
#11034 = CARTESIAN_POINT('',(12.725561644871,-33.34145700314,
    -1.690904052889));
#11035 = CARTESIAN_POINT('',(12.725561644871,-33.11556459006,
    -1.842662672602));
#11036 = CARTESIAN_POINT('',(12.725561644871,-32.86227298176,
    -1.947579491992));
#11037 = CARTESIAN_POINT('',(12.725561644871,-32.59523337555,-2.));
#11038 = CARTESIAN_POINT('',(12.725561644871,-32.328198,-2.));
#11039 = AXIS1_PLACEMENT('',#11040,#11041);
#11040 = CARTESIAN_POINT('',(12.725561644871,-32.16661435512,-0.3));
#11041 = DIRECTION('',(-0.,-0.,-1.));
#11042 = ADVANCED_FACE('',(#11043),#11062,.T.);
#11043 = FACE_BOUND('',#11044,.F.);
#11044 = EDGE_LOOP('',(#11045,#11054,#11060,#11061));
#11045 = ORIENTED_EDGE('',*,*,#11046,.T.);
#11046 = EDGE_CURVE('',#10251,#11047,#11049,.T.);
#11047 = VERTEX_POINT('',#11048);
#11048 = CARTESIAN_POINT('',(25.377121355129,-32.328198,-2.));
#11049 = CIRCLE('',#11050,1.7);
#11050 = AXIS2_PLACEMENT_3D('',#11051,#11052,#11053);
#11051 = CARTESIAN_POINT('',(25.377121355129,-32.328198,-0.3));
#11052 = DIRECTION('',(1.,7.273661547325E-16,0.));
#11053 = DIRECTION('',(7.273661547325E-16,-1.,0.));
#11054 = ORIENTED_EDGE('',*,*,#11055,.T.);
#11055 = EDGE_CURVE('',#11047,#11003,#11056,.T.);
#11056 = LINE('',#11057,#11058);
#11057 = CARTESIAN_POINT('',(25.377121355129,-32.328198,-2.));
#11058 = VECTOR('',#11059,1.);
#11059 = DIRECTION('',(-1.,0.,0.));
#11060 = ORIENTED_EDGE('',*,*,#11002,.F.);
#11061 = ORIENTED_EDGE('',*,*,#10258,.F.);
#11062 = CYLINDRICAL_SURFACE('',#11063,1.7);
#11063 = AXIS2_PLACEMENT_3D('',#11064,#11065,#11066);
#11064 = CARTESIAN_POINT('',(25.377121355129,-32.328198,-0.3));
#11065 = DIRECTION('',(-1.,0.,0.));
#11066 = DIRECTION('',(0.,-1.,0.));
#11067 = ADVANCED_FACE('',(#11068),#11088,.T.);
#11068 = FACE_BOUND('',#11069,.T.);
#11069 = EDGE_LOOP('',(#11070,#11079,#11080,#11081));
#11070 = ORIENTED_EDGE('',*,*,#11071,.F.);
#11071 = EDGE_CURVE('',#10275,#11072,#11074,.T.);
#11072 = VERTEX_POINT('',#11073);
#11073 = CARTESIAN_POINT('',(25.538705,-32.16661435512,-2.));
#11074 = CIRCLE('',#11075,1.7);
#11075 = AXIS2_PLACEMENT_3D('',#11076,#11077,#11078);
#11076 = CARTESIAN_POINT('',(25.538705,-32.16661435512,-0.3));
#11077 = DIRECTION('',(-0.,1.,0.));
#11078 = DIRECTION('',(1.,0.,0.));
#11079 = ORIENTED_EDGE('',*,*,#10282,.T.);
#11080 = ORIENTED_EDGE('',*,*,#11046,.T.);
#11081 = ORIENTED_EDGE('',*,*,#11082,.F.);
#11082 = EDGE_CURVE('',#11072,#11047,#11083,.T.);
#11083 = CIRCLE('',#11084,0.161583644871);
#11084 = AXIS2_PLACEMENT_3D('',#11085,#11086,#11087);
#11085 = CARTESIAN_POINT('',(25.377121355129,-32.16661435512,-2.));
#11086 = DIRECTION('',(0.,0.,-1.));
#11087 = DIRECTION('',(1.,0.,0.));
#11088 = SURFACE_OF_REVOLUTION('',#11089,#11100);
#11089 = B_SPLINE_CURVE_WITH_KNOTS('',5,(#11090,#11091,#11092,#11093,
    #11094,#11095,#11096,#11097,#11098,#11099),.UNSPECIFIED.,.F.,.F.,(6,
    4,6),(0.,0.785398163397,1.570796326795),.UNSPECIFIED.);
#11090 = CARTESIAN_POINT('',(27.238705,-32.16661435512,-0.3));
#11091 = CARTESIAN_POINT('',(27.238705,-32.16661435512,-0.567035375555)
  );
#11092 = CARTESIAN_POINT('',(27.186284491992,-32.16661435512,
    -0.834074981769));
#11093 = CARTESIAN_POINT('',(27.081367672602,-32.16661435512,
    -1.087366590061));
#11094 = CARTESIAN_POINT('',(26.929609052889,-32.16661435512,
    -1.313259003145));
#11095 = CARTESIAN_POINT('',(26.551964003145,-32.16661435512,
    -1.690904052889));
#11096 = CARTESIAN_POINT('',(26.326071590061,-32.16661435512,
    -1.842662672602));
#11097 = CARTESIAN_POINT('',(26.072779981769,-32.16661435512,
    -1.947579491992));
#11098 = CARTESIAN_POINT('',(25.805740375555,-32.16661435512,-2.));
#11099 = CARTESIAN_POINT('',(25.538705,-32.16661435512,-2.));
#11100 = AXIS1_PLACEMENT('',#11101,#11102);
#11101 = CARTESIAN_POINT('',(25.377121355129,-32.16661435512,-0.3));
#11102 = DIRECTION('',(-0.,-0.,-1.));
#11103 = ADVANCED_FACE('',(#11104),#11123,.T.);
#11104 = FACE_BOUND('',#11105,.F.);
#11105 = EDGE_LOOP('',(#11106,#11115,#11121,#11122));
#11106 = ORIENTED_EDGE('',*,*,#11107,.T.);
#11107 = EDGE_CURVE('',#10300,#11108,#11110,.T.);
#11108 = VERTEX_POINT('',#11109);
#11109 = CARTESIAN_POINT('',(25.538705,-32.162889,-2.));
#11110 = CIRCLE('',#11111,1.7);
#11111 = AXIS2_PLACEMENT_3D('',#11112,#11113,#11114);
#11112 = CARTESIAN_POINT('',(25.538705,-32.162889,-0.3));
#11113 = DIRECTION('',(1.450965712062E-15,1.,0.));
#11114 = DIRECTION('',(1.,-1.450965712062E-15,0.));
#11115 = ORIENTED_EDGE('',*,*,#11116,.T.);
#11116 = EDGE_CURVE('',#11108,#11072,#11117,.T.);
#11117 = LINE('',#11118,#11119);
#11118 = CARTESIAN_POINT('',(25.538705,-32.162889,-2.));
#11119 = VECTOR('',#11120,1.);
#11120 = DIRECTION('',(0.,-1.,0.));
#11121 = ORIENTED_EDGE('',*,*,#11071,.F.);
#11122 = ORIENTED_EDGE('',*,*,#10307,.F.);
#11123 = CYLINDRICAL_SURFACE('',#11124,1.7);
#11124 = AXIS2_PLACEMENT_3D('',#11125,#11126,#11127);
#11125 = CARTESIAN_POINT('',(25.538705,-32.162889,-0.3));
#11126 = DIRECTION('',(0.,-1.,0.));
#11127 = DIRECTION('',(1.,0.,0.));
#11128 = ADVANCED_FACE('',(#11129),#11149,.T.);
#11129 = FACE_BOUND('',#11130,.T.);
#11130 = EDGE_LOOP('',(#11131,#11140,#11141,#11142));
#11131 = ORIENTED_EDGE('',*,*,#11132,.F.);
#11132 = EDGE_CURVE('',#10324,#11133,#11135,.T.);
#11133 = VERTEX_POINT('',#11134);
#11134 = CARTESIAN_POINT('',(25.377121355129,-32.00130535512,-2.));
#11135 = CIRCLE('',#11136,1.7);
#11136 = AXIS2_PLACEMENT_3D('',#11137,#11138,#11139);
#11137 = CARTESIAN_POINT('',(25.377121355129,-32.00130535512,-0.3));
#11138 = DIRECTION('',(-1.,0.,0.));
#11139 = DIRECTION('',(0.,1.,0.));
#11140 = ORIENTED_EDGE('',*,*,#10331,.T.);
#11141 = ORIENTED_EDGE('',*,*,#11107,.T.);
#11142 = ORIENTED_EDGE('',*,*,#11143,.F.);
#11143 = EDGE_CURVE('',#11133,#11108,#11144,.T.);
#11144 = CIRCLE('',#11145,0.161583644871);
#11145 = AXIS2_PLACEMENT_3D('',#11146,#11147,#11148);
#11146 = CARTESIAN_POINT('',(25.377121355129,-32.162889,-2.));
#11147 = DIRECTION('',(0.,0.,-1.));
#11148 = DIRECTION('',(-3.816872466181E-15,1.,0.));
#11149 = SURFACE_OF_REVOLUTION('',#11150,#11161);
#11150 = B_SPLINE_CURVE_WITH_KNOTS('',5,(#11151,#11152,#11153,#11154,
    #11155,#11156,#11157,#11158,#11159,#11160),.UNSPECIFIED.,.F.,.F.,(6,
    4,6),(0.,0.785398163397,1.570796326795),.UNSPECIFIED.);
#11151 = CARTESIAN_POINT('',(25.377121355129,-30.30130535512,-0.3));
#11152 = CARTESIAN_POINT('',(25.377121355129,-30.30130535512,
    -0.567035375555));
#11153 = CARTESIAN_POINT('',(25.377121355129,-30.35372586313,
    -0.834074981769));
#11154 = CARTESIAN_POINT('',(25.377121355129,-30.45864268252,
    -1.087366590061));
#11155 = CARTESIAN_POINT('',(25.377121355129,-30.61040130224,
    -1.313259003145));
#11156 = CARTESIAN_POINT('',(25.377121355129,-30.98804635198,
    -1.690904052889));
#11157 = CARTESIAN_POINT('',(25.377121355129,-31.21393876506,
    -1.842662672602));
#11158 = CARTESIAN_POINT('',(25.377121355129,-31.46723037336,
    -1.947579491992));
#11159 = CARTESIAN_POINT('',(25.377121355129,-31.73426997957,-2.));
#11160 = CARTESIAN_POINT('',(25.377121355129,-32.00130535512,-2.));
#11161 = AXIS1_PLACEMENT('',#11162,#11163);
#11162 = CARTESIAN_POINT('',(25.377121355129,-32.162889,-0.3));
#11163 = DIRECTION('',(-0.,-0.,-1.));
#11164 = ADVANCED_FACE('',(#11165),#11184,.T.);
#11165 = FACE_BOUND('',#11166,.F.);
#11166 = EDGE_LOOP('',(#11167,#11176,#11182,#11183));
#11167 = ORIENTED_EDGE('',*,*,#11168,.T.);
#11168 = EDGE_CURVE('',#10349,#11169,#11171,.T.);
#11169 = VERTEX_POINT('',#11170);
#11170 = CARTESIAN_POINT('',(12.725561644871,-32.00130535512,-2.));
#11171 = CIRCLE('',#11172,1.7);
#11172 = AXIS2_PLACEMENT_3D('',#11173,#11174,#11175);
#11173 = CARTESIAN_POINT('',(12.725561644871,-32.00130535512,-0.3));
#11174 = DIRECTION('',(-1.,-7.361976329051E-15,-0.));
#11175 = DIRECTION('',(-7.361976329051E-15,1.,0.));
#11176 = ORIENTED_EDGE('',*,*,#11177,.T.);
#11177 = EDGE_CURVE('',#11169,#11133,#11178,.T.);
#11178 = LINE('',#11179,#11180);
#11179 = CARTESIAN_POINT('',(12.725561644871,-32.00130535512,-2.));
#11180 = VECTOR('',#11181,1.);
#11181 = DIRECTION('',(1.,0.,0.));
#11182 = ORIENTED_EDGE('',*,*,#11132,.F.);
#11183 = ORIENTED_EDGE('',*,*,#10356,.F.);
#11184 = CYLINDRICAL_SURFACE('',#11185,1.7);
#11185 = AXIS2_PLACEMENT_3D('',#11186,#11187,#11188);
#11186 = CARTESIAN_POINT('',(12.725561644871,-32.00130535512,-0.3));
#11187 = DIRECTION('',(1.,0.,0.));
#11188 = DIRECTION('',(0.,1.,0.));
#11189 = ADVANCED_FACE('',(#11190),#11210,.T.);
#11190 = FACE_BOUND('',#11191,.T.);
#11191 = EDGE_LOOP('',(#11192,#11201,#11202,#11203));
#11192 = ORIENTED_EDGE('',*,*,#11193,.F.);
#11193 = EDGE_CURVE('',#10373,#11194,#11196,.T.);
#11194 = VERTEX_POINT('',#11195);
#11195 = CARTESIAN_POINT('',(12.563978,-32.162889,-2.));
#11196 = CIRCLE('',#11197,1.7);
#11197 = AXIS2_PLACEMENT_3D('',#11198,#11199,#11200);
#11198 = CARTESIAN_POINT('',(12.563978,-32.162889,-0.3));
#11199 = DIRECTION('',(-0.,-1.,-0.));
#11200 = DIRECTION('',(-1.,0.,0.));
#11201 = ORIENTED_EDGE('',*,*,#10380,.T.);
#11202 = ORIENTED_EDGE('',*,*,#11168,.T.);
#11203 = ORIENTED_EDGE('',*,*,#11204,.F.);
#11204 = EDGE_CURVE('',#11194,#11169,#11205,.T.);
#11205 = CIRCLE('',#11206,0.161583644871);
#11206 = AXIS2_PLACEMENT_3D('',#11207,#11208,#11209);
#11207 = CARTESIAN_POINT('',(12.725561644871,-32.162889,-2.));
#11208 = DIRECTION('',(-0.,0.,-1.));
#11209 = DIRECTION('',(-1.,-1.183230464516E-13,0.));
#11210 = SURFACE_OF_REVOLUTION('',#11211,#11222);
#11211 = B_SPLINE_CURVE_WITH_KNOTS('',5,(#11212,#11213,#11214,#11215,
    #11216,#11217,#11218,#11219,#11220,#11221),.UNSPECIFIED.,.F.,.F.,(6,
    4,6),(0.,0.785398163397,1.570796326795),.UNSPECIFIED.);
#11212 = CARTESIAN_POINT('',(10.863978,-32.162889,-0.3));
#11213 = CARTESIAN_POINT('',(10.863978,-32.162889,-0.567035375555));
#11214 = CARTESIAN_POINT('',(10.916398508008,-32.162889,-0.834074981769)
  );
#11215 = CARTESIAN_POINT('',(11.021315327398,-32.162889,-1.087366590061)
  );
#11216 = CARTESIAN_POINT('',(11.173073947111,-32.162889,-1.313259003145)
  );
#11217 = CARTESIAN_POINT('',(11.550718996855,-32.162889,-1.690904052889)
  );
#11218 = CARTESIAN_POINT('',(11.776611409939,-32.162889,-1.842662672602)
  );
#11219 = CARTESIAN_POINT('',(12.029903018231,-32.162889,-1.947579491992)
  );
#11220 = CARTESIAN_POINT('',(12.296942624445,-32.162889,-2.));
#11221 = CARTESIAN_POINT('',(12.563978,-32.162889,-2.));
#11222 = AXIS1_PLACEMENT('',#11223,#11224);
#11223 = CARTESIAN_POINT('',(12.725561644871,-32.162889,-0.3));
#11224 = DIRECTION('',(-0.,-0.,-1.));
#11225 = ADVANCED_FACE('',(#11226),#11237,.T.);
#11226 = FACE_BOUND('',#11227,.F.);
#11227 = EDGE_LOOP('',(#11228,#11229,#11235,#11236));
#11228 = ORIENTED_EDGE('',*,*,#11012,.T.);
#11229 = ORIENTED_EDGE('',*,*,#11230,.T.);
#11230 = EDGE_CURVE('',#11013,#11194,#11231,.T.);
#11231 = LINE('',#11232,#11233);
#11232 = CARTESIAN_POINT('',(12.563978,-32.16661435512,-2.));
#11233 = VECTOR('',#11234,1.);
#11234 = DIRECTION('',(0.,1.,0.));
#11235 = ORIENTED_EDGE('',*,*,#11193,.F.);
#11236 = ORIENTED_EDGE('',*,*,#10398,.F.);
#11237 = CYLINDRICAL_SURFACE('',#11238,1.7);
#11238 = AXIS2_PLACEMENT_3D('',#11239,#11240,#11241);
#11239 = CARTESIAN_POINT('',(12.563978,-32.16661435512,-0.3));
#11240 = DIRECTION('',(0.,1.,0.));
#11241 = DIRECTION('',(-1.,0.,0.));
#11242 = ADVANCED_FACE('',(#11243),#11268,.T.);
#11243 = FACE_BOUND('',#11244,.T.);
#11244 = EDGE_LOOP('',(#11245,#11246,#11254,#11262));
#11245 = ORIENTED_EDGE('',*,*,#10528,.F.);
#11246 = ORIENTED_EDGE('',*,*,#11247,.T.);
#11247 = EDGE_CURVE('',#10529,#11248,#11250,.T.);
#11248 = VERTEX_POINT('',#11249);
#11249 = CARTESIAN_POINT('',(311.26084819739,-126.1025452268,1.1));
#11250 = LINE('',#11251,#11252);
#11251 = CARTESIAN_POINT('',(311.26084819739,-126.1025452268,10.));
#11252 = VECTOR('',#11253,1.);
#11253 = DIRECTION('',(-0.,-0.,-1.));
#11254 = ORIENTED_EDGE('',*,*,#11255,.T.);
#11255 = EDGE_CURVE('',#11248,#11256,#11258,.T.);
#11256 = VERTEX_POINT('',#11257);
#11257 = CARTESIAN_POINT('',(2.819152184341,-126.1025457553,1.1));
#11258 = LINE('',#11259,#11260);
#11259 = CARTESIAN_POINT('',(313.26084819397,-126.1025452233,1.1));
#11260 = VECTOR('',#11261,1.);
#11261 = DIRECTION('',(-1.,-1.71356584273E-09,0.));
#11262 = ORIENTED_EDGE('',*,*,#11263,.F.);
#11263 = EDGE_CURVE('',#10531,#11256,#11264,.T.);
#11264 = LINE('',#11265,#11266);
#11265 = CARTESIAN_POINT('',(2.819152184341,-126.1025457553,10.));
#11266 = VECTOR('',#11267,1.);
#11267 = DIRECTION('',(-0.,-0.,-1.));
#11268 = PLANE('',#11269);
#11269 = AXIS2_PLACEMENT_3D('',#11270,#11271,#11272);
#11270 = CARTESIAN_POINT('',(313.26084819397,-126.1025452233,10.));
#11271 = DIRECTION('',(-1.71356584273E-09,1.,0.));
#11272 = DIRECTION('',(-1.,-1.71356584273E-09,0.));
#11273 = ADVANCED_FACE('',(#11274),#11293,.F.);
#11274 = FACE_BOUND('',#11275,.F.);
#11275 = EDGE_LOOP('',(#11276,#11277,#11285,#11292));
#11276 = ORIENTED_EDGE('',*,*,#10538,.T.);
#11277 = ORIENTED_EDGE('',*,*,#11278,.T.);
#11278 = EDGE_CURVE('',#10539,#11279,#11281,.T.);
#11279 = VERTEX_POINT('',#11280);
#11280 = CARTESIAN_POINT('',(0.819152180914,-124.1025457553,1.1));
#11281 = LINE('',#11282,#11283);
#11282 = CARTESIAN_POINT('',(0.819152180914,-124.1025457553,10.));
#11283 = VECTOR('',#11284,1.);
#11284 = DIRECTION('',(-0.,-0.,-1.));
#11285 = ORIENTED_EDGE('',*,*,#11286,.F.);
#11286 = EDGE_CURVE('',#11256,#11279,#11287,.T.);
#11287 = CIRCLE('',#11288,2.);
#11288 = AXIS2_PLACEMENT_3D('',#11289,#11290,#11291);
#11289 = CARTESIAN_POINT('',(2.819152180914,-124.1025457553,1.1));
#11290 = DIRECTION('',(0.,0.,-1.));
#11291 = DIRECTION('',(0.,1.,0.));
#11292 = ORIENTED_EDGE('',*,*,#11263,.F.);
#11293 = CYLINDRICAL_SURFACE('',#11294,2.);
#11294 = AXIS2_PLACEMENT_3D('',#11295,#11296,#11297);
#11295 = CARTESIAN_POINT('',(2.819152180914,-124.1025457553,10.));
#11296 = DIRECTION('',(-0.,-0.,-1.));
#11297 = DIRECTION('',(1.71356584273E-09,-1.,0.));
#11298 = ADVANCED_FACE('',(#11299),#11318,.F.);
#11299 = FACE_BOUND('',#11300,.F.);
#11300 = EDGE_LOOP('',(#11301,#11302,#11303,#11312));
#11301 = ORIENTED_EDGE('',*,*,#10589,.T.);
#11302 = ORIENTED_EDGE('',*,*,#11247,.T.);
#11303 = ORIENTED_EDGE('',*,*,#11304,.F.);
#11304 = EDGE_CURVE('',#11305,#11248,#11307,.T.);
#11305 = VERTEX_POINT('',#11306);
#11306 = CARTESIAN_POINT('',(313.26084819397,-124.1025452268,1.1));
#11307 = CIRCLE('',#11308,2.);
#11308 = AXIS2_PLACEMENT_3D('',#11309,#11310,#11311);
#11309 = CARTESIAN_POINT('',(311.26084819397,-124.1025452268,1.1));
#11310 = DIRECTION('',(0.,0.,-1.));
#11311 = DIRECTION('',(0.,1.,0.));
#11312 = ORIENTED_EDGE('',*,*,#11313,.F.);
#11313 = EDGE_CURVE('',#10582,#11305,#11314,.T.);
#11314 = LINE('',#11315,#11316);
#11315 = CARTESIAN_POINT('',(313.26084819397,-124.1025452268,10.));
#11316 = VECTOR('',#11317,1.);
#11317 = DIRECTION('',(-0.,-0.,-1.));
#11318 = CYLINDRICAL_SURFACE('',#11319,2.);
#11319 = AXIS2_PLACEMENT_3D('',#11320,#11321,#11322);
#11320 = CARTESIAN_POINT('',(311.26084819397,-124.1025452268,10.));
#11321 = DIRECTION('',(-0.,-0.,-1.));
#11322 = DIRECTION('',(1.,0.,0.));
#11323 = ADVANCED_FACE('',(#11324),#11342,.T.);
#11324 = FACE_BOUND('',#11325,.T.);
#11325 = EDGE_LOOP('',(#11326,#11327,#11328,#11336));
#11326 = ORIENTED_EDGE('',*,*,#10547,.F.);
#11327 = ORIENTED_EDGE('',*,*,#11278,.T.);
#11328 = ORIENTED_EDGE('',*,*,#11329,.T.);
#11329 = EDGE_CURVE('',#11279,#11330,#11332,.T.);
#11330 = VERTEX_POINT('',#11331);
#11331 = CARTESIAN_POINT('',(0.819152180914,-22.86969824465,1.1));
#11332 = LINE('',#11333,#11334);
#11333 = CARTESIAN_POINT('',(0.819152180914,-126.1025457587,1.1));
#11334 = VECTOR('',#11335,1.);
#11335 = DIRECTION('',(0.,1.,0.));
#11336 = ORIENTED_EDGE('',*,*,#11337,.F.);
#11337 = EDGE_CURVE('',#10548,#11330,#11338,.T.);
#11338 = LINE('',#11339,#11340);
#11339 = CARTESIAN_POINT('',(0.819152180914,-22.86969824465,10.));
#11340 = VECTOR('',#11341,1.);
#11341 = DIRECTION('',(-0.,-0.,-1.));
#11342 = PLANE('',#11343);
#11343 = AXIS2_PLACEMENT_3D('',#11344,#11345,#11346);
#11344 = CARTESIAN_POINT('',(0.819152180914,-126.1025457587,10.));
#11345 = DIRECTION('',(1.,0.,0.));
#11346 = DIRECTION('',(0.,1.,0.));
#11347 = ADVANCED_FACE('',(#11348),#11366,.T.);
#11348 = FACE_BOUND('',#11349,.T.);
#11349 = EDGE_LOOP('',(#11350,#11351,#11359,#11365));
#11350 = ORIENTED_EDGE('',*,*,#10581,.F.);
#11351 = ORIENTED_EDGE('',*,*,#11352,.T.);
#11352 = EDGE_CURVE('',#10573,#11353,#11355,.T.);
#11353 = VERTEX_POINT('',#11354);
#11354 = CARTESIAN_POINT('',(313.26084819397,-22.86969877319,1.1));
#11355 = LINE('',#11356,#11357);
#11356 = CARTESIAN_POINT('',(313.26084819397,-22.86969877319,10.));
#11357 = VECTOR('',#11358,1.);
#11358 = DIRECTION('',(-0.,-0.,-1.));
#11359 = ORIENTED_EDGE('',*,*,#11360,.T.);
#11360 = EDGE_CURVE('',#11353,#11305,#11361,.T.);
#11361 = LINE('',#11362,#11363);
#11362 = CARTESIAN_POINT('',(313.26084819397,-20.86969877662,1.1));
#11363 = VECTOR('',#11364,1.);
#11364 = DIRECTION('',(0.,-1.,0.));
#11365 = ORIENTED_EDGE('',*,*,#11313,.F.);
#11366 = PLANE('',#11367);
#11367 = AXIS2_PLACEMENT_3D('',#11368,#11369,#11370);
#11368 = CARTESIAN_POINT('',(313.26084819397,-20.86969877662,10.));
#11369 = DIRECTION('',(-1.,0.,0.));
#11370 = DIRECTION('',(0.,-1.,0.));
#11371 = ADVANCED_FACE('',(#11372),#11391,.F.);
#11372 = FACE_BOUND('',#11373,.T.);
#11373 = EDGE_LOOP('',(#11374,#11375,#11376,#11385));
#11374 = ORIENTED_EDGE('',*,*,#10555,.T.);
#11375 = ORIENTED_EDGE('',*,*,#11337,.T.);
#11376 = ORIENTED_EDGE('',*,*,#11377,.F.);
#11377 = EDGE_CURVE('',#11378,#11330,#11380,.T.);
#11378 = VERTEX_POINT('',#11379);
#11379 = CARTESIAN_POINT('',(2.819152184341,-20.86969824465,1.1));
#11380 = CIRCLE('',#11381,2.);
#11381 = AXIS2_PLACEMENT_3D('',#11382,#11383,#11384);
#11382 = CARTESIAN_POINT('',(2.819152180914,-22.86969824465,1.1));
#11383 = DIRECTION('',(0.,-0.,1.));
#11384 = DIRECTION('',(0.,1.,0.));
#11385 = ORIENTED_EDGE('',*,*,#11386,.F.);
#11386 = EDGE_CURVE('',#10556,#11378,#11387,.T.);
#11387 = LINE('',#11388,#11389);
#11388 = CARTESIAN_POINT('',(2.819152184341,-20.86969824465,10.));
#11389 = VECTOR('',#11390,1.);
#11390 = DIRECTION('',(-0.,-0.,-1.));
#11391 = CYLINDRICAL_SURFACE('',#11392,2.);
#11392 = AXIS2_PLACEMENT_3D('',#11393,#11394,#11395);
#11393 = CARTESIAN_POINT('',(2.819152180914,-22.86969824465,10.));
#11394 = DIRECTION('',(-0.,-0.,-1.));
#11395 = DIRECTION('',(1.71356584273E-09,1.,0.));
#11396 = ADVANCED_FACE('',(#11397),#11416,.F.);
#11397 = FACE_BOUND('',#11398,.F.);
#11398 = EDGE_LOOP('',(#11399,#11400,#11401,#11410));
#11399 = ORIENTED_EDGE('',*,*,#10572,.T.);
#11400 = ORIENTED_EDGE('',*,*,#11352,.T.);
#11401 = ORIENTED_EDGE('',*,*,#11402,.F.);
#11402 = EDGE_CURVE('',#11403,#11353,#11405,.T.);
#11403 = VERTEX_POINT('',#11404);
#11404 = CARTESIAN_POINT('',(311.26084819739,-20.86969877319,1.1));
#11405 = CIRCLE('',#11406,2.);
#11406 = AXIS2_PLACEMENT_3D('',#11407,#11408,#11409);
#11407 = CARTESIAN_POINT('',(311.26084819397,-22.86969877319,1.1));
#11408 = DIRECTION('',(0.,0.,-1.));
#11409 = DIRECTION('',(0.,1.,0.));
#11410 = ORIENTED_EDGE('',*,*,#11411,.F.);
#11411 = EDGE_CURVE('',#10565,#11403,#11412,.T.);
#11412 = LINE('',#11413,#11414);
#11413 = CARTESIAN_POINT('',(311.26084819739,-20.86969877319,10.));
#11414 = VECTOR('',#11415,1.);
#11415 = DIRECTION('',(-0.,-0.,-1.));
#11416 = CYLINDRICAL_SURFACE('',#11417,2.);
#11417 = AXIS2_PLACEMENT_3D('',#11418,#11419,#11420);
#11418 = CARTESIAN_POINT('',(311.26084819397,-22.86969877319,10.));
#11419 = DIRECTION('',(-0.,-0.,-1.));
#11420 = DIRECTION('',(1.71356584273E-09,1.,0.));
#11421 = ADVANCED_FACE('',(#11422,#11433,#11443),#11453,.T.);
#11422 = FACE_BOUND('',#11423,.T.);
#11423 = EDGE_LOOP('',(#11424,#11425,#11426,#11432));
#11424 = ORIENTED_EDGE('',*,*,#10564,.F.);
#11425 = ORIENTED_EDGE('',*,*,#11386,.T.);
#11426 = ORIENTED_EDGE('',*,*,#11427,.T.);
#11427 = EDGE_CURVE('',#11378,#11403,#11428,.T.);
#11428 = LINE('',#11429,#11430);
#11429 = CARTESIAN_POINT('',(0.819152180914,-20.86969824123,1.1));
#11430 = VECTOR('',#11431,1.);
#11431 = DIRECTION('',(1.,-1.71356584273E-09,0.));
#11432 = ORIENTED_EDGE('',*,*,#11411,.F.);
#11433 = FACE_BOUND('',#11434,.T.);
#11434 = EDGE_LOOP('',(#11435,#11436,#11437,#11438,#11439,#11440,#11441,
    #11442));
#11435 = ORIENTED_EDGE('',*,*,#10987,.F.);
#11436 = ORIENTED_EDGE('',*,*,#10969,.T.);
#11437 = ORIENTED_EDGE('',*,*,#10945,.F.);
#11438 = ORIENTED_EDGE('',*,*,#10920,.T.);
#11439 = ORIENTED_EDGE('',*,*,#10896,.F.);
#11440 = ORIENTED_EDGE('',*,*,#10871,.T.);
#11441 = ORIENTED_EDGE('',*,*,#10847,.F.);
#11442 = ORIENTED_EDGE('',*,*,#10815,.T.);
#11443 = FACE_BOUND('',#11444,.T.);
#11444 = EDGE_LOOP('',(#11445,#11446,#11447,#11448,#11449,#11450,#11451,
    #11452));
#11445 = ORIENTED_EDGE('',*,*,#10791,.F.);
#11446 = ORIENTED_EDGE('',*,*,#10773,.T.);
#11447 = ORIENTED_EDGE('',*,*,#10749,.F.);
#11448 = ORIENTED_EDGE('',*,*,#10724,.T.);
#11449 = ORIENTED_EDGE('',*,*,#10700,.F.);
#11450 = ORIENTED_EDGE('',*,*,#10675,.T.);
#11451 = ORIENTED_EDGE('',*,*,#10651,.F.);
#11452 = ORIENTED_EDGE('',*,*,#10619,.T.);
#11453 = PLANE('',#11454);
#11454 = AXIS2_PLACEMENT_3D('',#11455,#11456,#11457);
#11455 = CARTESIAN_POINT('',(0.819152180914,-20.86969824123,10.));
#11456 = DIRECTION('',(-1.71356584273E-09,-1.,0.));
#11457 = DIRECTION('',(1.,-1.71356584273E-09,0.));
#11458 = ADVANCED_FACE('',(#11459),#11469,.F.);
#11459 = FACE_BOUND('',#11460,.F.);
#11460 = EDGE_LOOP('',(#11461,#11462,#11463,#11464,#11465,#11466,#11467,
    #11468));
#11461 = ORIENTED_EDGE('',*,*,#11230,.F.);
#11462 = ORIENTED_EDGE('',*,*,#11021,.F.);
#11463 = ORIENTED_EDGE('',*,*,#11055,.F.);
#11464 = ORIENTED_EDGE('',*,*,#11082,.F.);
#11465 = ORIENTED_EDGE('',*,*,#11116,.F.);
#11466 = ORIENTED_EDGE('',*,*,#11143,.F.);
#11467 = ORIENTED_EDGE('',*,*,#11177,.F.);
#11468 = ORIENTED_EDGE('',*,*,#11204,.F.);
#11469 = PLANE('',#11470);
#11470 = AXIS2_PLACEMENT_3D('',#11471,#11472,#11473);
#11471 = CARTESIAN_POINT('',(140.93794961668,-32.40513496589,-2.));
#11472 = DIRECTION('',(0.,0.,1.));
#11473 = DIRECTION('',(1.,0.,0.));
#11474 = ADVANCED_FACE('',(#11475),#11485,.T.);
#11475 = FACE_BOUND('',#11476,.T.);
#11476 = EDGE_LOOP('',(#11477,#11478,#11479,#11480,#11481,#11482,#11483,
    #11484));
#11477 = ORIENTED_EDGE('',*,*,#11255,.F.);
#11478 = ORIENTED_EDGE('',*,*,#11304,.F.);
#11479 = ORIENTED_EDGE('',*,*,#11360,.F.);
#11480 = ORIENTED_EDGE('',*,*,#11402,.F.);
#11481 = ORIENTED_EDGE('',*,*,#11427,.F.);
#11482 = ORIENTED_EDGE('',*,*,#11377,.T.);
#11483 = ORIENTED_EDGE('',*,*,#11329,.F.);
#11484 = ORIENTED_EDGE('',*,*,#11286,.F.);
#11485 = PLANE('',#11486);
#11486 = AXIS2_PLACEMENT_3D('',#11487,#11488,#11489);
#11487 = CARTESIAN_POINT('',(157.03999998719,-73.486122,1.1));
#11488 = DIRECTION('',(0.,0.,1.));
#11489 = DIRECTION('',(1.,0.,0.));
#11490 = ( GEOMETRIC_REPRESENTATION_CONTEXT(3) 
GLOBAL_UNCERTAINTY_ASSIGNED_CONTEXT((#11494)) 
GLOBAL_UNIT_ASSIGNED_CONTEXT((#11491,#11492,#11493)) 
REPRESENTATION_CONTEXT('Context #1',
  '3D Context with UNIT and UNCERTAINTY') );
#11491 = ( LENGTH_UNIT() NAMED_UNIT(*) SI_UNIT(.MILLI.,.METRE.) );
#11492 = ( NAMED_UNIT(*) PLANE_ANGLE_UNIT() SI_UNIT($,.RADIAN.) );
#11493 = ( NAMED_UNIT(*) SI_UNIT($,.STERADIAN.) SOLID_ANGLE_UNIT() );
#11494 = UNCERTAINTY_MEASURE_WITH_UNIT(LENGTH_MEASURE(1.E-07),#11491,
  'distance_accuracy_value','confusion accuracy');
#11495 = CONTEXT_DEPENDENT_SHAPE_REPRESENTATION(#11496,#11498);
#11496 = ( REPRESENTATION_RELATIONSHIP('','',#9453,#10) 
REPRESENTATION_RELATIONSHIP_WITH_TRANSFORMATION(#11497) 
SHAPE_REPRESENTATION_RELATIONSHIP() );
#11497 = ITEM_DEFINED_TRANSFORMATION('','',#11,#19);
#11498 = PRODUCT_DEFINITION_SHAPE('Placement','Placement of an item',
  #11499);
#11499 = NEXT_ASSEMBLY_USAGE_OCCURRENCE('2','Body003','',#5,#9448,$);
#11500 = PRODUCT_RELATED_PRODUCT_CATEGORY('part',$,(#9450));
#11501 = MECHANICAL_DESIGN_GEOMETRIC_PRESENTATION_REPRESENTATION('',(
    #11502),#9435);
#11502 = STYLED_ITEM('color',(#11503),#37);
#11503 = PRESENTATION_STYLE_ASSIGNMENT((#11504,#11510));
#11504 = SURFACE_STYLE_USAGE(.BOTH.,#11505);
#11505 = SURFACE_SIDE_STYLE('',(#11506));
#11506 = SURFACE_STYLE_FILL_AREA(#11507);
#11507 = FILL_AREA_STYLE('',(#11508));
#11508 = FILL_AREA_STYLE_COLOUR('',#11509);
#11509 = COLOUR_RGB('',0.447058818107,0.474509808674,0.501960817233);
#11510 = CURVE_STYLE('',#11511,POSITIVE_LENGTH_MEASURE(0.1),#11512);
#11511 = DRAUGHTING_PRE_DEFINED_CURVE_FONT('continuous');
#11512 = COLOUR_RGB('',9.803921802644E-02,9.803921802644E-02,
  9.803921802644E-02);
#11513 = MECHANICAL_DESIGN_GEOMETRIC_PRESENTATION_REPRESENTATION('',(
    #11514),#11490);
#11514 = STYLED_ITEM('color',(#11515),#9454);
#11515 = PRESENTATION_STYLE_ASSIGNMENT((#11516,#11521));
#11516 = SURFACE_STYLE_USAGE(.BOTH.,#11517);
#11517 = SURFACE_SIDE_STYLE('',(#11518));
#11518 = SURFACE_STYLE_FILL_AREA(#11519);
#11519 = FILL_AREA_STYLE('',(#11520));
#11520 = FILL_AREA_STYLE_COLOUR('',#11509);
#11521 = CURVE_STYLE('',#11522,POSITIVE_LENGTH_MEASURE(0.1),#11512);
#11522 = DRAUGHTING_PRE_DEFINED_CURVE_FONT('continuous');
ENDSEC;
END-ISO-10303-21;
