ISO-10303-21;
HEADER;
FILE_DESCRIPTION(('FreeCAD Model'),'2;1');
FILE_NAME('Open CASCADE Shape Model','2026-09-27T11:31:56',('Author'),(
    ''),'Open CASCADE STEP processor 7.8','FreeCAD','Unknown');
FILE_SCHEMA(('AUTOMOTIVE_DESIGN { 1 0 10303 214 1 1 1 1 }'));
ENDSEC;
DATA;
#1 = APPLICATION_PROTOCOL_DEFINITION('international standard',
  'automotive_design',2000,#2);
#2 = APPLICATION_CONTEXT(
  'core data for automotive mechanical design processes');
#3 = SHAPE_DEFINITION_REPRESENTATION(#4,#10);
#4 = PRODUCT_DEFINITION_SHAPE('','',#5);
#5 = PRODUCT_DEFINITION('design','',#6,#9);
#6 = PRODUCT_DEFINITION_FORMATION('','',#7);
#7 = PRODUCT('Body','Body','',(#8));
#8 = PRODUCT_CONTEXT('',#2,'mechanical');
#9 = PRODUCT_DEFINITION_CONTEXT('part definition',#2,'design');
#10 = ADVANCED_BREP_SHAPE_REPRESENTATION('',(#11,#15),#9413);
#11 = AXIS2_PLACEMENT_3D('',#12,#13,#14);
#12 = CARTESIAN_POINT('',(0.,0.,0.));
#13 = DIRECTION('',(0.,0.,1.));
#14 = DIRECTION('',(1.,0.,-0.));
#15 = MANIFOLD_SOLID_BREP('',#16);
#16 = CLOSED_SHELL('',(#17,#57,#88,#119,#2448,#4777,#4789,#4811,#4828,
    #4845,#4857,#4879,#4896,#4913,#4925,#4947,#4964,#4981,#4993,#5015,
    #5032,#5049,#5061,#5083,#5100,#5117,#5129,#5151,#5168,#5185,#5197,
    #5219,#5236,#5253,#5265,#5287,#5304,#5321,#5333,#5355,#5372,#5389,
    #5401,#5423,#5440,#5457,#5469,#5491,#5508,#5525,#5537,#5559,#5576,
    #5593,#5605,#5627,#5644,#5661,#5673,#5695,#5712,#5729,#5741,#5763,
    #5780,#5797,#5809,#5831,#5848,#5865,#5877,#5899,#5916,#5933,#5945,
    #5967,#5984,#6001,#6013,#6035,#6052,#6069,#6081,#6103,#6120,#6137,
    #6149,#6171,#6188,#6205,#6217,#6239,#6256,#6273,#6285,#6307,#6324,
    #6341,#6353,#6375,#6392,#6409,#6421,#6443,#6460,#6477,#6489,#6511,
    #6528,#6545,#6557,#6579,#6596,#6613,#6625,#6647,#6664,#6681,#6693,
    #6715,#6732,#6749,#6761,#6783,#6800,#6817,#6829,#6851,#6868,#6885,
    #6897,#6919,#6936,#6953,#6965,#6987,#7004,#7021,#7033,#7055,#7072,
    #7089,#7101,#7123,#7140,#7157,#7169,#7191,#7208,#7225,#7237,#7259,
    #7276,#7293,#7305,#7327,#7344,#7361,#7373,#7395,#7412,#7429,#7441,
    #7463,#7480,#7497,#7509,#7531,#7548,#7565,#7577,#7599,#7616,#7633,
    #7645,#7667,#7684,#7701,#7713,#7735,#7752,#7769,#7781,#7803,#7820,
    #7837,#7849,#7871,#7888,#7905,#7917,#7939,#7956,#7973,#7985,#8007,
    #8024,#8041,#8053,#8075,#8092,#8109,#8121,#8143,#8160,#8177,#8189,
    #8211,#8228,#8245,#8257,#8279,#8296,#8313,#8325,#8347,#8364,#8381,
    #8393,#8415,#8432,#8449,#8461,#8483,#8500,#8517,#8529,#8551,#8568,
    #8585,#8597,#8619,#8636,#8653,#8665,#8687,#8704,#8721,#8733,#8755,
    #8772,#8789,#8801,#8823,#8840,#8857,#8869,#8891,#8908,#8925,#8937,
    #8959,#8976,#8993,#9005,#9027,#9044,#9061,#9073,#9095,#9112,#9129,
    #9141,#9163,#9180,#9197,#9209,#9231,#9248,#9265,#9277,#9299,#9316,
    #9333,#9345,#9367,#9384,#9401));
#17 = ADVANCED_FACE('',(#18),#52,.F.);
#18 = FACE_BOUND('',#19,.F.);
#19 = EDGE_LOOP('',(#20,#30,#38,#46));
#20 = ORIENTED_EDGE('',*,*,#21,.T.);
#21 = EDGE_CURVE('',#22,#24,#26,.T.);
#22 = VERTEX_POINT('',#23);
#23 = CARTESIAN_POINT('',(-1.629021,103.698196,0.));
#24 = VERTEX_POINT('',#25);
#25 = CARTESIAN_POINT('',(-1.629021,103.698196,1.499));
#26 = LINE('',#27,#28);
#27 = CARTESIAN_POINT('',(-1.629021,103.698196,0.));
#28 = VECTOR('',#29,1.);
#29 = DIRECTION('',(0.,0.,1.));
#30 = ORIENTED_EDGE('',*,*,#31,.T.);
#31 = EDGE_CURVE('',#24,#32,#34,.T.);
#32 = VERTEX_POINT('',#33);
#33 = CARTESIAN_POINT('',(-1.629021,-0.680383,1.499));
#34 = LINE('',#35,#36);
#35 = CARTESIAN_POINT('',(-1.629021,103.698196,1.499));
#36 = VECTOR('',#37,1.);
#37 = DIRECTION('',(0.,-1.,0.));
#38 = ORIENTED_EDGE('',*,*,#39,.F.);
#39 = EDGE_CURVE('',#40,#32,#42,.T.);
#40 = VERTEX_POINT('',#41);
#41 = CARTESIAN_POINT('',(-1.629021,-0.680383,0.));
#42 = LINE('',#43,#44);
#43 = CARTESIAN_POINT('',(-1.629021,-0.680383,0.));
#44 = VECTOR('',#45,1.);
#45 = DIRECTION('',(0.,0.,1.));
#46 = ORIENTED_EDGE('',*,*,#47,.F.);
#47 = EDGE_CURVE('',#22,#40,#48,.T.);
#48 = LINE('',#49,#50);
#49 = CARTESIAN_POINT('',(-1.629021,103.698196,0.));
#50 = VECTOR('',#51,1.);
#51 = DIRECTION('',(0.,-1.,0.));
#52 = PLANE('',#53);
#53 = AXIS2_PLACEMENT_3D('',#54,#55,#56);
#54 = CARTESIAN_POINT('',(-1.629021,103.698196,0.));
#55 = DIRECTION('',(1.,0.,0.));
#56 = DIRECTION('',(0.,-1.,0.));
#57 = ADVANCED_FACE('',(#58),#83,.F.);
#58 = FACE_BOUND('',#59,.F.);
#59 = EDGE_LOOP('',(#60,#70,#76,#77));
#60 = ORIENTED_EDGE('',*,*,#61,.T.);
#61 = EDGE_CURVE('',#62,#64,#66,.T.);
#62 = VERTEX_POINT('',#63);
#63 = CARTESIAN_POINT('',(310.449707,103.698196,0.));
#64 = VERTEX_POINT('',#65);
#65 = CARTESIAN_POINT('',(310.449707,103.698196,1.499));
#66 = LINE('',#67,#68);
#67 = CARTESIAN_POINT('',(310.449707,103.698196,0.));
#68 = VECTOR('',#69,1.);
#69 = DIRECTION('',(0.,0.,1.));
#70 = ORIENTED_EDGE('',*,*,#71,.T.);
#71 = EDGE_CURVE('',#64,#24,#72,.T.);
#72 = LINE('',#73,#74);
#73 = CARTESIAN_POINT('',(310.449707,103.698196,1.499));
#74 = VECTOR('',#75,1.);
#75 = DIRECTION('',(-1.,0.,0.));
#76 = ORIENTED_EDGE('',*,*,#21,.F.);
#77 = ORIENTED_EDGE('',*,*,#78,.F.);
#78 = EDGE_CURVE('',#62,#22,#79,.T.);
#79 = LINE('',#80,#81);
#80 = CARTESIAN_POINT('',(310.449707,103.698196,0.));
#81 = VECTOR('',#82,1.);
#82 = DIRECTION('',(-1.,0.,0.));
#83 = PLANE('',#84);
#84 = AXIS2_PLACEMENT_3D('',#85,#86,#87);
#85 = CARTESIAN_POINT('',(310.449707,103.698196,0.));
#86 = DIRECTION('',(0.,-1.,0.));
#87 = DIRECTION('',(-1.,0.,0.));
#88 = ADVANCED_FACE('',(#89),#114,.F.);
#89 = FACE_BOUND('',#90,.F.);
#90 = EDGE_LOOP('',(#91,#92,#100,#108));
#91 = ORIENTED_EDGE('',*,*,#39,.T.);
#92 = ORIENTED_EDGE('',*,*,#93,.T.);
#93 = EDGE_CURVE('',#32,#94,#96,.T.);
#94 = VERTEX_POINT('',#95);
#95 = CARTESIAN_POINT('',(310.449707,-0.680383,1.499));
#96 = LINE('',#97,#98);
#97 = CARTESIAN_POINT('',(-1.629021,-0.680383,1.499));
#98 = VECTOR('',#99,1.);
#99 = DIRECTION('',(1.,0.,0.));
#100 = ORIENTED_EDGE('',*,*,#101,.F.);
#101 = EDGE_CURVE('',#102,#94,#104,.T.);
#102 = VERTEX_POINT('',#103);
#103 = CARTESIAN_POINT('',(310.449707,-0.680383,0.));
#104 = LINE('',#105,#106);
#105 = CARTESIAN_POINT('',(310.449707,-0.680383,0.));
#106 = VECTOR('',#107,1.);
#107 = DIRECTION('',(0.,0.,1.));
#108 = ORIENTED_EDGE('',*,*,#109,.F.);
#109 = EDGE_CURVE('',#40,#102,#110,.T.);
#110 = LINE('',#111,#112);
#111 = CARTESIAN_POINT('',(-1.629021,-0.680383,0.));
#112 = VECTOR('',#113,1.);
#113 = DIRECTION('',(1.,0.,0.));
#114 = PLANE('',#115);
#115 = AXIS2_PLACEMENT_3D('',#116,#117,#118);
#116 = CARTESIAN_POINT('',(-1.629021,-0.680383,0.));
#117 = DIRECTION('',(0.,1.,0.));
#118 = DIRECTION('',(1.,0.,0.));
#119 = ADVANCED_FACE('',(#120,#131,#165,#199,#233,#267,#301,#335,#369,
    #403,#437,#471,#505,#539,#573,#607,#641,#675,#709,#743,#777,#811,
    #845,#879,#913,#947,#981,#1015,#1049,#1083,#1117,#1151,#1185,#1219,
    #1253,#1287,#1321,#1355,#1389,#1423,#1457,#1491,#1525,#1559,#1593,
    #1627,#1661,#1695,#1729,#1763,#1797,#1831,#1865,#1899,#1933,#1967,
    #2001,#2035,#2069,#2103,#2137,#2171,#2205,#2239,#2273,#2307,#2341,
    #2375,#2409),#2443,.F.);
#120 = FACE_BOUND('',#121,.F.);
#121 = EDGE_LOOP('',(#122,#123,#124,#130));
#122 = ORIENTED_EDGE('',*,*,#47,.T.);
#123 = ORIENTED_EDGE('',*,*,#109,.T.);
#124 = ORIENTED_EDGE('',*,*,#125,.T.);
#125 = EDGE_CURVE('',#102,#62,#126,.T.);
#126 = LINE('',#127,#128);
#127 = CARTESIAN_POINT('',(310.449707,-0.680383,0.));
#128 = VECTOR('',#129,1.);
#129 = DIRECTION('',(0.,1.,0.));
#130 = ORIENTED_EDGE('',*,*,#78,.T.);
#131 = FACE_BOUND('',#132,.F.);
#132 = EDGE_LOOP('',(#133,#143,#151,#159));
#133 = ORIENTED_EDGE('',*,*,#134,.T.);
#134 = EDGE_CURVE('',#135,#137,#139,.T.);
#135 = VERTEX_POINT('',#136);
#136 = CARTESIAN_POINT('',(5.895474,20.071014,0.));
#137 = VERTEX_POINT('',#138);
#138 = CARTESIAN_POINT('',(20.231478,20.071014,0.));
#139 = LINE('',#140,#141);
#140 = CARTESIAN_POINT('',(5.895474,20.071014,0.));
#141 = VECTOR('',#142,1.);
#142 = DIRECTION('',(1.,0.,0.));
#143 = ORIENTED_EDGE('',*,*,#144,.T.);
#144 = EDGE_CURVE('',#137,#145,#147,.T.);
#145 = VERTEX_POINT('',#146);
#146 = CARTESIAN_POINT('',(20.231478,5.885919,0.));
#147 = LINE('',#148,#149);
#148 = CARTESIAN_POINT('',(20.231478,20.071014,0.));
#149 = VECTOR('',#150,1.);
#150 = DIRECTION('',(0.,-1.,0.));
#151 = ORIENTED_EDGE('',*,*,#152,.T.);
#152 = EDGE_CURVE('',#145,#153,#155,.T.);
#153 = VERTEX_POINT('',#154);
#154 = CARTESIAN_POINT('',(5.895474,5.885919,0.));
#155 = LINE('',#156,#157);
#156 = CARTESIAN_POINT('',(20.231478,5.885919,0.));
#157 = VECTOR('',#158,1.);
#158 = DIRECTION('',(-1.,0.,0.));
#159 = ORIENTED_EDGE('',*,*,#160,.T.);
#160 = EDGE_CURVE('',#153,#135,#161,.T.);
#161 = LINE('',#162,#163);
#162 = CARTESIAN_POINT('',(5.895474,5.885919,0.));
#163 = VECTOR('',#164,1.);
#164 = DIRECTION('',(0.,1.,0.));
#165 = FACE_BOUND('',#166,.F.);
#166 = EDGE_LOOP('',(#167,#177,#185,#193));
#167 = ORIENTED_EDGE('',*,*,#168,.T.);
#168 = EDGE_CURVE('',#169,#171,#173,.T.);
#169 = VERTEX_POINT('',#170);
#170 = CARTESIAN_POINT('',(24.607731,20.071009,0.));
#171 = VERTEX_POINT('',#172);
#172 = CARTESIAN_POINT('',(38.491024,20.071009,0.));
#173 = LINE('',#174,#175);
#174 = CARTESIAN_POINT('',(24.607731,20.071009,0.));
#175 = VECTOR('',#176,1.);
#176 = DIRECTION('',(1.,0.,0.));
#177 = ORIENTED_EDGE('',*,*,#178,.T.);
#178 = EDGE_CURVE('',#171,#179,#181,.T.);
#179 = VERTEX_POINT('',#180);
#180 = CARTESIAN_POINT('',(38.491024,5.961366,0.));
#181 = LINE('',#182,#183);
#182 = CARTESIAN_POINT('',(38.491024,20.071009,0.));
#183 = VECTOR('',#184,1.);
#184 = DIRECTION('',(0.,-1.,0.));
#185 = ORIENTED_EDGE('',*,*,#186,.T.);
#186 = EDGE_CURVE('',#179,#187,#189,.T.);
#187 = VERTEX_POINT('',#188);
#188 = CARTESIAN_POINT('',(24.607731,5.961366,0.));
#189 = LINE('',#190,#191);
#190 = CARTESIAN_POINT('',(38.491024,5.961366,0.));
#191 = VECTOR('',#192,1.);
#192 = DIRECTION('',(-1.,0.,0.));
#193 = ORIENTED_EDGE('',*,*,#194,.T.);
#194 = EDGE_CURVE('',#187,#169,#195,.T.);
#195 = LINE('',#196,#197);
#196 = CARTESIAN_POINT('',(24.607731,5.961366,0.));
#197 = VECTOR('',#198,1.);
#198 = DIRECTION('',(0.,1.,0.));
#199 = FACE_BOUND('',#200,.F.);
#200 = EDGE_LOOP('',(#201,#211,#219,#227));
#201 = ORIENTED_EDGE('',*,*,#202,.T.);
#202 = EDGE_CURVE('',#203,#205,#207,.T.);
#203 = VERTEX_POINT('',#204);
#204 = CARTESIAN_POINT('',(43.608532,20.179764,0.));
#205 = VERTEX_POINT('',#206);
#206 = CARTESIAN_POINT('',(57.567905,20.179764,0.));
#207 = LINE('',#208,#209);
#208 = CARTESIAN_POINT('',(43.608532,20.179764,0.));
#209 = VECTOR('',#210,1.);
#210 = DIRECTION('',(1.,0.,0.));
#211 = ORIENTED_EDGE('',*,*,#212,.T.);
#212 = EDGE_CURVE('',#205,#213,#215,.T.);
#213 = VERTEX_POINT('',#214);
#214 = CARTESIAN_POINT('',(57.567905,6.119246,0.));
#215 = LINE('',#216,#217);
#216 = CARTESIAN_POINT('',(57.567905,20.179764,0.));
#217 = VECTOR('',#218,1.);
#218 = DIRECTION('',(0.,-1.,0.));
#219 = ORIENTED_EDGE('',*,*,#220,.T.);
#220 = EDGE_CURVE('',#213,#221,#223,.T.);
#221 = VERTEX_POINT('',#222);
#222 = CARTESIAN_POINT('',(43.608532,6.119246,0.));
#223 = LINE('',#224,#225);
#224 = CARTESIAN_POINT('',(57.567905,6.119246,0.));
#225 = VECTOR('',#226,1.);
#226 = DIRECTION('',(-1.,0.,0.));
#227 = ORIENTED_EDGE('',*,*,#228,.T.);
#228 = EDGE_CURVE('',#221,#203,#229,.T.);
#229 = LINE('',#230,#231);
#230 = CARTESIAN_POINT('',(43.608532,6.119246,0.));
#231 = VECTOR('',#232,1.);
#232 = DIRECTION('',(0.,1.,0.));
#233 = FACE_BOUND('',#234,.F.);
#234 = EDGE_LOOP('',(#235,#245,#253,#261));
#235 = ORIENTED_EDGE('',*,*,#236,.T.);
#236 = EDGE_CURVE('',#237,#239,#241,.T.);
#237 = VERTEX_POINT('',#238);
#238 = CARTESIAN_POINT('',(62.271603,20.063152,0.));
#239 = VERTEX_POINT('',#240);
#240 = CARTESIAN_POINT('',(76.373543,20.063152,0.));
#241 = LINE('',#242,#243);
#242 = CARTESIAN_POINT('',(62.271603,20.063152,0.));
#243 = VECTOR('',#244,1.);
#244 = DIRECTION('',(1.,0.,0.));
#245 = ORIENTED_EDGE('',*,*,#246,.T.);
#246 = EDGE_CURVE('',#239,#247,#249,.T.);
#247 = VERTEX_POINT('',#248);
#248 = CARTESIAN_POINT('',(76.373543,6.11924,0.));
#249 = LINE('',#250,#251);
#250 = CARTESIAN_POINT('',(76.373543,20.063152,0.));
#251 = VECTOR('',#252,1.);
#252 = DIRECTION('',(0.,-1.,0.));
#253 = ORIENTED_EDGE('',*,*,#254,.T.);
#254 = EDGE_CURVE('',#247,#255,#257,.T.);
#255 = VERTEX_POINT('',#256);
#256 = CARTESIAN_POINT('',(62.271603,6.11924,0.));
#257 = LINE('',#258,#259);
#258 = CARTESIAN_POINT('',(76.373543,6.11924,0.));
#259 = VECTOR('',#260,1.);
#260 = DIRECTION('',(-1.,0.,0.));
#261 = ORIENTED_EDGE('',*,*,#262,.T.);
#262 = EDGE_CURVE('',#255,#237,#263,.T.);
#263 = LINE('',#264,#265);
#264 = CARTESIAN_POINT('',(62.271603,6.11924,0.));
#265 = VECTOR('',#266,1.);
#266 = DIRECTION('',(0.,1.,0.));
#267 = FACE_BOUND('',#268,.F.);
#268 = EDGE_LOOP('',(#269,#279,#287,#295));
#269 = ORIENTED_EDGE('',*,*,#270,.T.);
#270 = EDGE_CURVE('',#271,#273,#275,.T.);
#271 = VERTEX_POINT('',#272);
#272 = CARTESIAN_POINT('',(124.805145,20.104465,0.));
#273 = VERTEX_POINT('',#274);
#274 = CARTESIAN_POINT('',(138.757004,20.104465,0.));
#275 = LINE('',#276,#277);
#276 = CARTESIAN_POINT('',(124.805145,20.104465,0.));
#277 = VECTOR('',#278,1.);
#278 = DIRECTION('',(1.,0.,0.));
#279 = ORIENTED_EDGE('',*,*,#280,.T.);
#280 = EDGE_CURVE('',#273,#281,#283,.T.);
#281 = VERTEX_POINT('',#282);
#282 = CARTESIAN_POINT('',(138.757004,6.009524,0.));
#283 = LINE('',#284,#285);
#284 = CARTESIAN_POINT('',(138.757004,20.104465,0.));
#285 = VECTOR('',#286,1.);
#286 = DIRECTION('',(0.,-1.,0.));
#287 = ORIENTED_EDGE('',*,*,#288,.T.);
#288 = EDGE_CURVE('',#281,#289,#291,.T.);
#289 = VERTEX_POINT('',#290);
#290 = CARTESIAN_POINT('',(124.805145,6.009524,0.));
#291 = LINE('',#292,#293);
#292 = CARTESIAN_POINT('',(138.757004,6.009524,0.));
#293 = VECTOR('',#294,1.);
#294 = DIRECTION('',(-1.,0.,0.));
#295 = ORIENTED_EDGE('',*,*,#296,.T.);
#296 = EDGE_CURVE('',#289,#271,#297,.T.);
#297 = LINE('',#298,#299);
#298 = CARTESIAN_POINT('',(124.805145,6.009524,0.));
#299 = VECTOR('',#300,1.);
#300 = DIRECTION('',(0.,1.,0.));
#301 = FACE_BOUND('',#302,.F.);
#302 = EDGE_LOOP('',(#303,#313,#321,#329));
#303 = ORIENTED_EDGE('',*,*,#304,.T.);
#304 = EDGE_CURVE('',#305,#307,#309,.T.);
#305 = VERTEX_POINT('',#306);
#306 = CARTESIAN_POINT('',(15.286504,39.082203,0.));
#307 = VERTEX_POINT('',#308);
#308 = CARTESIAN_POINT('',(29.622561,39.082203,0.));
#309 = LINE('',#310,#311);
#310 = CARTESIAN_POINT('',(15.286504,39.082203,0.));
#311 = VECTOR('',#312,1.);
#312 = DIRECTION('',(1.,0.,0.));
#313 = ORIENTED_EDGE('',*,*,#314,.T.);
#314 = EDGE_CURVE('',#307,#315,#317,.T.);
#315 = VERTEX_POINT('',#316);
#316 = CARTESIAN_POINT('',(29.622561,25.19887,0.));
#317 = LINE('',#318,#319);
#318 = CARTESIAN_POINT('',(29.622561,39.082203,0.));
#319 = VECTOR('',#320,1.);
#320 = DIRECTION('',(0.,-1.,0.));
#321 = ORIENTED_EDGE('',*,*,#322,.T.);
#322 = EDGE_CURVE('',#315,#323,#325,.T.);
#323 = VERTEX_POINT('',#324);
#324 = CARTESIAN_POINT('',(15.286504,25.19887,0.));
#325 = LINE('',#326,#327);
#326 = CARTESIAN_POINT('',(29.622561,25.19887,0.));
#327 = VECTOR('',#328,1.);
#328 = DIRECTION('',(-1.,0.,0.));
#329 = ORIENTED_EDGE('',*,*,#330,.T.);
#330 = EDGE_CURVE('',#323,#305,#331,.T.);
#331 = LINE('',#332,#333);
#332 = CARTESIAN_POINT('',(15.286504,25.19887,0.));
#333 = VECTOR('',#334,1.);
#334 = DIRECTION('',(0.,1.,0.));
#335 = FACE_BOUND('',#336,.F.);
#336 = EDGE_LOOP('',(#337,#347,#355,#363));
#337 = ORIENTED_EDGE('',*,*,#338,.T.);
#338 = EDGE_CURVE('',#339,#341,#343,.T.);
#339 = VERTEX_POINT('',#340);
#340 = CARTESIAN_POINT('',(43.757137,39.146011,0.));
#341 = VERTEX_POINT('',#342);
#342 = CARTESIAN_POINT('',(57.905342,39.146011,0.));
#343 = LINE('',#344,#345);
#344 = CARTESIAN_POINT('',(43.757137,39.146011,0.));
#345 = VECTOR('',#346,1.);
#346 = DIRECTION('',(1.,0.,0.));
#347 = ORIENTED_EDGE('',*,*,#348,.T.);
#348 = EDGE_CURVE('',#341,#349,#351,.T.);
#349 = VERTEX_POINT('',#350);
#350 = CARTESIAN_POINT('',(57.905342,25.00873,0.));
#351 = LINE('',#352,#353);
#352 = CARTESIAN_POINT('',(57.905342,39.146011,0.));
#353 = VECTOR('',#354,1.);
#354 = DIRECTION('',(0.,-1.,0.));
#355 = ORIENTED_EDGE('',*,*,#356,.T.);
#356 = EDGE_CURVE('',#349,#357,#359,.T.);
#357 = VERTEX_POINT('',#358);
#358 = CARTESIAN_POINT('',(43.757137,25.00873,0.));
#359 = LINE('',#360,#361);
#360 = CARTESIAN_POINT('',(57.905342,25.00873,0.));
#361 = VECTOR('',#362,1.);
#362 = DIRECTION('',(-1.,0.,0.));
#363 = ORIENTED_EDGE('',*,*,#364,.T.);
#364 = EDGE_CURVE('',#357,#339,#365,.T.);
#365 = LINE('',#366,#367);
#366 = CARTESIAN_POINT('',(43.757137,25.00873,0.));
#367 = VECTOR('',#368,1.);
#368 = DIRECTION('',(0.,1.,0.));
#369 = FACE_BOUND('',#370,.F.);
#370 = EDGE_LOOP('',(#371,#381,#389,#397));
#371 = ORIENTED_EDGE('',*,*,#372,.T.);
#372 = EDGE_CURVE('',#373,#375,#377,.T.);
#373 = VERTEX_POINT('',#374);
#374 = CARTESIAN_POINT('',(62.790981,39.246429,0.));
#375 = VERTEX_POINT('',#376);
#376 = CARTESIAN_POINT('',(77.034012,39.246429,0.));
#377 = LINE('',#378,#379);
#378 = CARTESIAN_POINT('',(62.790981,39.246429,0.));
#379 = VECTOR('',#380,1.);
#380 = DIRECTION('',(1.,0.,0.));
#381 = ORIENTED_EDGE('',*,*,#382,.T.);
#382 = EDGE_CURVE('',#375,#383,#385,.T.);
#383 = VERTEX_POINT('',#384);
#384 = CARTESIAN_POINT('',(77.034012,25.122835,0.));
#385 = LINE('',#386,#387);
#386 = CARTESIAN_POINT('',(77.034012,39.246429,0.));
#387 = VECTOR('',#388,1.);
#388 = DIRECTION('',(0.,-1.,0.));
#389 = ORIENTED_EDGE('',*,*,#390,.T.);
#390 = EDGE_CURVE('',#383,#391,#393,.T.);
#391 = VERTEX_POINT('',#392);
#392 = CARTESIAN_POINT('',(62.790981,25.122835,0.));
#393 = LINE('',#394,#395);
#394 = CARTESIAN_POINT('',(77.034012,25.122835,0.));
#395 = VECTOR('',#396,1.);
#396 = DIRECTION('',(-1.,0.,0.));
#397 = ORIENTED_EDGE('',*,*,#398,.T.);
#398 = EDGE_CURVE('',#391,#373,#399,.T.);
#399 = LINE('',#400,#401);
#400 = CARTESIAN_POINT('',(62.790981,25.122835,0.));
#401 = VECTOR('',#402,1.);
#402 = DIRECTION('',(0.,1.,0.));
#403 = FACE_BOUND('',#404,.F.);
#404 = EDGE_LOOP('',(#405,#415,#423,#431));
#405 = ORIENTED_EDGE('',*,*,#406,.T.);
#406 = EDGE_CURVE('',#407,#409,#411,.T.);
#407 = VERTEX_POINT('',#408);
#408 = CARTESIAN_POINT('',(15.225821,58.186047,0.));
#409 = VERTEX_POINT('',#410);
#410 = CARTESIAN_POINT('',(29.41094,58.186047,0.));
#411 = LINE('',#412,#413);
#412 = CARTESIAN_POINT('',(15.225821,58.186047,0.));
#413 = VECTOR('',#414,1.);
#414 = DIRECTION('',(1.,0.,0.));
#415 = ORIENTED_EDGE('',*,*,#416,.T.);
#416 = EDGE_CURVE('',#409,#417,#419,.T.);
#417 = VERTEX_POINT('',#418);
#418 = CARTESIAN_POINT('',(29.41094,44.000935,0.));
#419 = LINE('',#420,#421);
#420 = CARTESIAN_POINT('',(29.41094,58.186047,0.));
#421 = VECTOR('',#422,1.);
#422 = DIRECTION('',(0.,-1.,0.));
#423 = ORIENTED_EDGE('',*,*,#424,.T.);
#424 = EDGE_CURVE('',#417,#425,#427,.T.);
#425 = VERTEX_POINT('',#426);
#426 = CARTESIAN_POINT('',(15.225821,44.000935,0.));
#427 = LINE('',#428,#429);
#428 = CARTESIAN_POINT('',(29.41094,44.000935,0.));
#429 = VECTOR('',#430,1.);
#430 = DIRECTION('',(-1.,0.,0.));
#431 = ORIENTED_EDGE('',*,*,#432,.T.);
#432 = EDGE_CURVE('',#425,#407,#433,.T.);
#433 = LINE('',#434,#435);
#434 = CARTESIAN_POINT('',(15.225821,44.000935,0.));
#435 = VECTOR('',#436,1.);
#436 = DIRECTION('',(0.,1.,0.));
#437 = FACE_BOUND('',#438,.F.);
#438 = EDGE_LOOP('',(#439,#449,#457,#465));
#439 = ORIENTED_EDGE('',*,*,#440,.T.);
#440 = EDGE_CURVE('',#441,#443,#445,.T.);
#441 = VERTEX_POINT('',#442);
#442 = CARTESIAN_POINT('',(38.963142,58.19875,0.));
#443 = VERTEX_POINT('',#444);
#444 = CARTESIAN_POINT('',(53.148266,58.19875,0.));
#445 = LINE('',#446,#447);
#446 = CARTESIAN_POINT('',(38.963142,58.19875,0.));
#447 = VECTOR('',#448,1.);
#448 = DIRECTION('',(1.,0.,0.));
#449 = ORIENTED_EDGE('',*,*,#450,.T.);
#450 = EDGE_CURVE('',#443,#451,#453,.T.);
#451 = VERTEX_POINT('',#452);
#452 = CARTESIAN_POINT('',(53.148266,44.089088,0.));
#453 = LINE('',#454,#455);
#454 = CARTESIAN_POINT('',(53.148266,58.19875,0.));
#455 = VECTOR('',#456,1.);
#456 = DIRECTION('',(0.,-1.,0.));
#457 = ORIENTED_EDGE('',*,*,#458,.T.);
#458 = EDGE_CURVE('',#451,#459,#461,.T.);
#459 = VERTEX_POINT('',#460);
#460 = CARTESIAN_POINT('',(38.963142,44.089088,0.));
#461 = LINE('',#462,#463);
#462 = CARTESIAN_POINT('',(53.148266,44.089088,0.));
#463 = VECTOR('',#464,1.);
#464 = DIRECTION('',(-1.,0.,0.));
#465 = ORIENTED_EDGE('',*,*,#466,.T.);
#466 = EDGE_CURVE('',#459,#441,#467,.T.);
#467 = LINE('',#468,#469);
#468 = CARTESIAN_POINT('',(38.963142,44.089088,0.));
#469 = VECTOR('',#470,1.);
#470 = DIRECTION('',(0.,1.,0.));
#471 = FACE_BOUND('',#472,.F.);
#472 = EDGE_LOOP('',(#473,#483,#491,#499));
#473 = ORIENTED_EDGE('',*,*,#474,.T.);
#474 = EDGE_CURVE('',#475,#477,#479,.T.);
#475 = VERTEX_POINT('',#476);
#476 = CARTESIAN_POINT('',(58.22533,58.182247,0.));
#477 = VERTEX_POINT('',#478);
#478 = CARTESIAN_POINT('',(72.602005,58.182247,0.));
#479 = LINE('',#480,#481);
#480 = CARTESIAN_POINT('',(58.22533,58.182247,0.));
#481 = VECTOR('',#482,1.);
#482 = DIRECTION('',(1.,0.,0.));
#483 = ORIENTED_EDGE('',*,*,#484,.T.);
#484 = EDGE_CURVE('',#477,#485,#487,.T.);
#485 = VERTEX_POINT('',#486);
#486 = CARTESIAN_POINT('',(72.602005,44.174217,0.));
#487 = LINE('',#488,#489);
#488 = CARTESIAN_POINT('',(72.602005,58.182247,0.));
#489 = VECTOR('',#490,1.);
#490 = DIRECTION('',(0.,-1.,0.));
#491 = ORIENTED_EDGE('',*,*,#492,.T.);
#492 = EDGE_CURVE('',#485,#493,#495,.T.);
#493 = VERTEX_POINT('',#494);
#494 = CARTESIAN_POINT('',(58.22533,44.174217,0.));
#495 = LINE('',#496,#497);
#496 = CARTESIAN_POINT('',(72.602005,44.174217,0.));
#497 = VECTOR('',#498,1.);
#498 = DIRECTION('',(-1.,0.,0.));
#499 = ORIENTED_EDGE('',*,*,#500,.T.);
#500 = EDGE_CURVE('',#493,#475,#501,.T.);
#501 = LINE('',#502,#503);
#502 = CARTESIAN_POINT('',(58.22533,44.174217,0.));
#503 = VECTOR('',#504,1.);
#504 = DIRECTION('',(0.,1.,0.));
#505 = FACE_BOUND('',#506,.F.);
#506 = EDGE_LOOP('',(#507,#517,#525,#533));
#507 = ORIENTED_EDGE('',*,*,#508,.T.);
#508 = EDGE_CURVE('',#509,#511,#513,.T.);
#509 = VERTEX_POINT('',#510);
#510 = CARTESIAN_POINT('',(82.089348,39.18528,0.));
#511 = VERTEX_POINT('',#512);
#512 = CARTESIAN_POINT('',(96.353477,39.18528,0.));
#513 = LINE('',#514,#515);
#514 = CARTESIAN_POINT('',(82.089348,39.18528,0.));
#515 = VECTOR('',#516,1.);
#516 = DIRECTION('',(1.,0.,0.));
#517 = ORIENTED_EDGE('',*,*,#518,.T.);
#518 = EDGE_CURVE('',#511,#519,#521,.T.);
#519 = VERTEX_POINT('',#520);
#520 = CARTESIAN_POINT('',(96.353477,24.985832,0.));
#521 = LINE('',#522,#523);
#522 = CARTESIAN_POINT('',(96.353477,39.18528,0.));
#523 = VECTOR('',#524,1.);
#524 = DIRECTION('',(0.,-1.,0.));
#525 = ORIENTED_EDGE('',*,*,#526,.T.);
#526 = EDGE_CURVE('',#519,#527,#529,.T.);
#527 = VERTEX_POINT('',#528);
#528 = CARTESIAN_POINT('',(82.089348,24.985832,0.));
#529 = LINE('',#530,#531);
#530 = CARTESIAN_POINT('',(96.353477,24.985832,0.));
#531 = VECTOR('',#532,1.);
#532 = DIRECTION('',(-1.,0.,0.));
#533 = ORIENTED_EDGE('',*,*,#534,.T.);
#534 = EDGE_CURVE('',#527,#509,#535,.T.);
#535 = LINE('',#536,#537);
#536 = CARTESIAN_POINT('',(82.089348,24.985832,0.));
#537 = VECTOR('',#538,1.);
#538 = DIRECTION('',(0.,1.,0.));
#539 = FACE_BOUND('',#540,.F.);
#540 = EDGE_LOOP('',(#541,#551,#559,#567));
#541 = ORIENTED_EDGE('',*,*,#542,.T.);
#542 = EDGE_CURVE('',#543,#545,#547,.T.);
#543 = VERTEX_POINT('',#544);
#544 = CARTESIAN_POINT('',(101.484276,39.185276,0.));
#545 = VERTEX_POINT('',#546);
#546 = CARTESIAN_POINT('',(115.669418,39.185276,0.));
#547 = LINE('',#548,#549);
#548 = CARTESIAN_POINT('',(101.484276,39.185276,0.));
#549 = VECTOR('',#550,1.);
#550 = DIRECTION('',(1.,0.,0.));
#551 = ORIENTED_EDGE('',*,*,#552,.T.);
#552 = EDGE_CURVE('',#545,#553,#555,.T.);
#553 = VERTEX_POINT('',#554);
#554 = CARTESIAN_POINT('',(115.669418,25.301949,0.));
#555 = LINE('',#556,#557);
#556 = CARTESIAN_POINT('',(115.669418,39.185276,0.));
#557 = VECTOR('',#558,1.);
#558 = DIRECTION('',(0.,-1.,0.));
#559 = ORIENTED_EDGE('',*,*,#560,.T.);
#560 = EDGE_CURVE('',#553,#561,#563,.T.);
#561 = VERTEX_POINT('',#562);
#562 = CARTESIAN_POINT('',(101.484276,25.301949,0.));
#563 = LINE('',#564,#565);
#564 = CARTESIAN_POINT('',(115.669418,25.301949,0.));
#565 = VECTOR('',#566,1.);
#566 = DIRECTION('',(-1.,0.,0.));
#567 = ORIENTED_EDGE('',*,*,#568,.T.);
#568 = EDGE_CURVE('',#561,#543,#569,.T.);
#569 = LINE('',#570,#571);
#570 = CARTESIAN_POINT('',(101.484276,25.301949,0.));
#571 = VECTOR('',#572,1.);
#572 = DIRECTION('',(0.,1.,0.));
#573 = FACE_BOUND('',#574,.F.);
#574 = EDGE_LOOP('',(#575,#585,#593,#601));
#575 = ORIENTED_EDGE('',*,*,#576,.T.);
#576 = EDGE_CURVE('',#577,#579,#581,.T.);
#577 = VERTEX_POINT('',#578);
#578 = CARTESIAN_POINT('',(120.582336,39.04644,0.));
#579 = VERTEX_POINT('',#580);
#580 = CARTESIAN_POINT('',(134.667175,39.04644,0.));
#581 = LINE('',#582,#583);
#582 = CARTESIAN_POINT('',(120.582336,39.04644,0.));
#583 = VECTOR('',#584,1.);
#584 = DIRECTION('',(1.,0.,0.));
#585 = ORIENTED_EDGE('',*,*,#586,.T.);
#586 = EDGE_CURVE('',#579,#587,#589,.T.);
#587 = VERTEX_POINT('',#588);
#588 = CARTESIAN_POINT('',(134.667175,24.961611,0.));
#589 = LINE('',#590,#591);
#590 = CARTESIAN_POINT('',(134.667175,39.04644,0.));
#591 = VECTOR('',#592,1.);
#592 = DIRECTION('',(0.,-1.,0.));
#593 = ORIENTED_EDGE('',*,*,#594,.T.);
#594 = EDGE_CURVE('',#587,#595,#597,.T.);
#595 = VERTEX_POINT('',#596);
#596 = CARTESIAN_POINT('',(120.582336,24.961611,0.));
#597 = LINE('',#598,#599);
#598 = CARTESIAN_POINT('',(134.667175,24.961611,0.));
#599 = VECTOR('',#600,1.);
#600 = DIRECTION('',(-1.,0.,0.));
#601 = ORIENTED_EDGE('',*,*,#602,.T.);
#602 = EDGE_CURVE('',#595,#577,#603,.T.);
#603 = LINE('',#604,#605);
#604 = CARTESIAN_POINT('',(120.582336,24.961611,0.));
#605 = VECTOR('',#606,1.);
#606 = DIRECTION('',(0.,1.,0.));
#607 = FACE_BOUND('',#608,.F.);
#608 = EDGE_LOOP('',(#609,#619,#627,#635));
#609 = ORIENTED_EDGE('',*,*,#610,.T.);
#610 = EDGE_CURVE('',#611,#613,#615,.T.);
#611 = VERTEX_POINT('',#612);
#612 = CARTESIAN_POINT('',(139.90033,39.067699,0.));
#613 = VERTEX_POINT('',#614);
#614 = CARTESIAN_POINT('',(153.960907,39.067699,0.));
#615 = LINE('',#616,#617);
#616 = CARTESIAN_POINT('',(139.90033,39.067699,0.));
#617 = VECTOR('',#618,1.);
#618 = DIRECTION('',(1.,0.,0.));
#619 = ORIENTED_EDGE('',*,*,#620,.T.);
#620 = EDGE_CURVE('',#613,#621,#623,.T.);
#621 = VERTEX_POINT('',#622);
#622 = CARTESIAN_POINT('',(153.960907,24.956562,0.));
#623 = LINE('',#624,#625);
#624 = CARTESIAN_POINT('',(153.960907,39.067699,0.));
#625 = VECTOR('',#626,1.);
#626 = DIRECTION('',(0.,-1.,0.));
#627 = ORIENTED_EDGE('',*,*,#628,.T.);
#628 = EDGE_CURVE('',#621,#629,#631,.T.);
#629 = VERTEX_POINT('',#630);
#630 = CARTESIAN_POINT('',(139.90033,24.956562,0.));
#631 = LINE('',#632,#633);
#632 = CARTESIAN_POINT('',(153.960907,24.956562,0.));
#633 = VECTOR('',#634,1.);
#634 = DIRECTION('',(-1.,0.,0.));
#635 = ORIENTED_EDGE('',*,*,#636,.T.);
#636 = EDGE_CURVE('',#629,#611,#637,.T.);
#637 = LINE('',#638,#639);
#638 = CARTESIAN_POINT('',(139.90033,24.956562,0.));
#639 = VECTOR('',#640,1.);
#640 = DIRECTION('',(0.,1.,0.));
#641 = FACE_BOUND('',#642,.F.);
#642 = EDGE_LOOP('',(#643,#653,#661,#669));
#643 = ORIENTED_EDGE('',*,*,#644,.T.);
#644 = EDGE_CURVE('',#645,#647,#649,.T.);
#645 = VERTEX_POINT('',#646);
#646 = CARTESIAN_POINT('',(77.747551,58.046543,0.));
#647 = VERTEX_POINT('',#648);
#648 = CARTESIAN_POINT('',(91.832344,58.046543,0.));
#649 = LINE('',#650,#651);
#650 = CARTESIAN_POINT('',(77.747551,58.046543,0.));
#651 = VECTOR('',#652,1.);
#652 = DIRECTION('',(1.,0.,0.));
#653 = ORIENTED_EDGE('',*,*,#654,.T.);
#654 = EDGE_CURVE('',#647,#655,#657,.T.);
#655 = VERTEX_POINT('',#656);
#656 = CARTESIAN_POINT('',(91.832344,44.147072,0.));
#657 = LINE('',#658,#659);
#658 = CARTESIAN_POINT('',(91.832344,58.046543,0.));
#659 = VECTOR('',#660,1.);
#660 = DIRECTION('',(0.,-1.,0.));
#661 = ORIENTED_EDGE('',*,*,#662,.T.);
#662 = EDGE_CURVE('',#655,#663,#665,.T.);
#663 = VERTEX_POINT('',#664);
#664 = CARTESIAN_POINT('',(77.747551,44.147072,0.));
#665 = LINE('',#666,#667);
#666 = CARTESIAN_POINT('',(91.832344,44.147072,0.));
#667 = VECTOR('',#668,1.);
#668 = DIRECTION('',(-1.,0.,0.));
#669 = ORIENTED_EDGE('',*,*,#670,.T.);
#670 = EDGE_CURVE('',#663,#645,#671,.T.);
#671 = LINE('',#672,#673);
#672 = CARTESIAN_POINT('',(77.747551,44.147072,0.));
#673 = VECTOR('',#674,1.);
#674 = DIRECTION('',(0.,1.,0.));
#675 = FACE_BOUND('',#676,.F.);
#676 = EDGE_LOOP('',(#677,#687,#695,#703));
#677 = ORIENTED_EDGE('',*,*,#678,.T.);
#678 = EDGE_CURVE('',#679,#681,#683,.T.);
#679 = VERTEX_POINT('',#680);
#680 = CARTESIAN_POINT('',(96.628548,58.186771,0.));
#681 = VERTEX_POINT('',#682);
#682 = CARTESIAN_POINT('',(110.707718,58.186771,0.));
#683 = LINE('',#684,#685);
#684 = CARTESIAN_POINT('',(96.628548,58.186771,0.));
#685 = VECTOR('',#686,1.);
#686 = DIRECTION('',(1.,0.,0.));
#687 = ORIENTED_EDGE('',*,*,#688,.T.);
#688 = EDGE_CURVE('',#681,#689,#691,.T.);
#689 = VERTEX_POINT('',#690);
#690 = CARTESIAN_POINT('',(110.707718,44.066204,0.));
#691 = LINE('',#692,#693);
#692 = CARTESIAN_POINT('',(110.707718,58.186771,0.));
#693 = VECTOR('',#694,1.);
#694 = DIRECTION('',(0.,-1.,0.));
#695 = ORIENTED_EDGE('',*,*,#696,.T.);
#696 = EDGE_CURVE('',#689,#697,#699,.T.);
#697 = VERTEX_POINT('',#698);
#698 = CARTESIAN_POINT('',(96.628548,44.066204,0.));
#699 = LINE('',#700,#701);
#700 = CARTESIAN_POINT('',(110.707718,44.066204,0.));
#701 = VECTOR('',#702,1.);
#702 = DIRECTION('',(-1.,0.,0.));
#703 = ORIENTED_EDGE('',*,*,#704,.T.);
#704 = EDGE_CURVE('',#697,#679,#705,.T.);
#705 = LINE('',#706,#707);
#706 = CARTESIAN_POINT('',(96.628548,44.066204,0.));
#707 = VECTOR('',#708,1.);
#708 = DIRECTION('',(0.,1.,0.));
#709 = FACE_BOUND('',#710,.F.);
#710 = EDGE_LOOP('',(#711,#721,#729,#737));
#711 = ORIENTED_EDGE('',*,*,#712,.T.);
#712 = EDGE_CURVE('',#713,#715,#717,.T.);
#713 = VERTEX_POINT('',#714);
#714 = CARTESIAN_POINT('',(116.049515,58.15155,0.));
#715 = VERTEX_POINT('',#716);
#716 = CARTESIAN_POINT('',(130.088486,58.15155,0.));
#717 = LINE('',#718,#719);
#718 = CARTESIAN_POINT('',(116.049515,58.15155,0.));
#719 = VECTOR('',#720,1.);
#720 = DIRECTION('',(1.,0.,0.));
#721 = ORIENTED_EDGE('',*,*,#722,.T.);
#722 = EDGE_CURVE('',#715,#723,#725,.T.);
#723 = VERTEX_POINT('',#724);
#724 = CARTESIAN_POINT('',(130.088486,44.066196,0.));
#725 = LINE('',#726,#727);
#726 = CARTESIAN_POINT('',(130.088486,58.15155,0.));
#727 = VECTOR('',#728,1.);
#728 = DIRECTION('',(0.,-1.,0.));
#729 = ORIENTED_EDGE('',*,*,#730,.T.);
#730 = EDGE_CURVE('',#723,#731,#733,.T.);
#731 = VERTEX_POINT('',#732);
#732 = CARTESIAN_POINT('',(116.049515,44.066196,0.));
#733 = LINE('',#734,#735);
#734 = CARTESIAN_POINT('',(130.088486,44.066196,0.));
#735 = VECTOR('',#736,1.);
#736 = DIRECTION('',(-1.,0.,0.));
#737 = ORIENTED_EDGE('',*,*,#738,.T.);
#738 = EDGE_CURVE('',#731,#713,#739,.T.);
#739 = LINE('',#740,#741);
#740 = CARTESIAN_POINT('',(116.049515,44.066196,0.));
#741 = VECTOR('',#742,1.);
#742 = DIRECTION('',(0.,1.,0.));
#743 = FACE_BOUND('',#744,.F.);
#744 = EDGE_LOOP('',(#745,#755,#763,#771));
#745 = ORIENTED_EDGE('',*,*,#746,.T.);
#746 = EDGE_CURVE('',#747,#749,#751,.T.);
#747 = VERTEX_POINT('',#748);
#748 = CARTESIAN_POINT('',(135.1539,58.213406,0.));
#749 = VERTEX_POINT('',#750);
#750 = CARTESIAN_POINT('',(149.221603,58.213406,0.));
#751 = LINE('',#752,#753);
#752 = CARTESIAN_POINT('',(135.1539,58.213406,0.));
#753 = VECTOR('',#754,1.);
#754 = DIRECTION('',(1.,0.,0.));
#755 = ORIENTED_EDGE('',*,*,#756,.T.);
#756 = EDGE_CURVE('',#749,#757,#759,.T.);
#757 = VERTEX_POINT('',#758);
#758 = CARTESIAN_POINT('',(149.221603,44.083916,0.));
#759 = LINE('',#760,#761);
#760 = CARTESIAN_POINT('',(149.221603,58.213406,0.));
#761 = VECTOR('',#762,1.);
#762 = DIRECTION('',(0.,-1.,0.));
#763 = ORIENTED_EDGE('',*,*,#764,.T.);
#764 = EDGE_CURVE('',#757,#765,#767,.T.);
#765 = VERTEX_POINT('',#766);
#766 = CARTESIAN_POINT('',(135.1539,44.083916,0.));
#767 = LINE('',#768,#769);
#768 = CARTESIAN_POINT('',(149.221603,44.083916,0.));
#769 = VECTOR('',#770,1.);
#770 = DIRECTION('',(-1.,0.,0.));
#771 = ORIENTED_EDGE('',*,*,#772,.T.);
#772 = EDGE_CURVE('',#765,#747,#773,.T.);
#773 = LINE('',#774,#775);
#774 = CARTESIAN_POINT('',(135.1539,44.083916,0.));
#775 = VECTOR('',#776,1.);
#776 = DIRECTION('',(0.,1.,0.));
#777 = FACE_BOUND('',#778,.F.);
#778 = EDGE_LOOP('',(#779,#789,#797,#805));
#779 = ORIENTED_EDGE('',*,*,#780,.T.);
#780 = EDGE_CURVE('',#781,#783,#785,.T.);
#781 = VERTEX_POINT('',#782);
#782 = CARTESIAN_POINT('',(188.469879,20.004648,0.));
#783 = VERTEX_POINT('',#784);
#784 = CARTESIAN_POINT('',(202.590454,20.004648,0.));
#785 = LINE('',#786,#787);
#786 = CARTESIAN_POINT('',(188.469879,20.004648,0.));
#787 = VECTOR('',#788,1.);
#788 = DIRECTION('',(1.,0.,0.));
#789 = ORIENTED_EDGE('',*,*,#790,.T.);
#790 = EDGE_CURVE('',#783,#791,#793,.T.);
#791 = VERTEX_POINT('',#792);
#792 = CARTESIAN_POINT('',(202.590454,5.966896,0.));
#793 = LINE('',#794,#795);
#794 = CARTESIAN_POINT('',(202.590454,20.004648,0.));
#795 = VECTOR('',#796,1.);
#796 = DIRECTION('',(0.,-1.,0.));
#797 = ORIENTED_EDGE('',*,*,#798,.T.);
#798 = EDGE_CURVE('',#791,#799,#801,.T.);
#799 = VERTEX_POINT('',#800);
#800 = CARTESIAN_POINT('',(188.469879,5.966896,0.));
#801 = LINE('',#802,#803);
#802 = CARTESIAN_POINT('',(202.590454,5.966896,0.));
#803 = VECTOR('',#804,1.);
#804 = DIRECTION('',(-1.,0.,0.));
#805 = ORIENTED_EDGE('',*,*,#806,.T.);
#806 = EDGE_CURVE('',#799,#781,#807,.T.);
#807 = LINE('',#808,#809);
#808 = CARTESIAN_POINT('',(188.469879,5.966896,0.));
#809 = VECTOR('',#810,1.);
#810 = DIRECTION('',(0.,1.,0.));
#811 = FACE_BOUND('',#812,.F.);
#812 = EDGE_LOOP('',(#813,#823,#831,#839));
#813 = ORIENTED_EDGE('',*,*,#814,.T.);
#814 = EDGE_CURVE('',#815,#817,#819,.T.);
#815 = VERTEX_POINT('',#816);
#816 = CARTESIAN_POINT('',(207.953156,20.031256,0.));
#817 = VERTEX_POINT('',#818);
#818 = CARTESIAN_POINT('',(221.936401,20.031256,0.));
#819 = LINE('',#820,#821);
#820 = CARTESIAN_POINT('',(207.953156,20.031256,0.));
#821 = VECTOR('',#822,1.);
#822 = DIRECTION('',(1.,0.,0.));
#823 = ORIENTED_EDGE('',*,*,#824,.T.);
#824 = EDGE_CURVE('',#817,#825,#827,.T.);
#825 = VERTEX_POINT('',#826);
#826 = CARTESIAN_POINT('',(221.936401,5.717991,0.));
#827 = LINE('',#828,#829);
#828 = CARTESIAN_POINT('',(221.936401,20.031256,0.));
#829 = VECTOR('',#830,1.);
#830 = DIRECTION('',(0.,-1.,0.));
#831 = ORIENTED_EDGE('',*,*,#832,.T.);
#832 = EDGE_CURVE('',#825,#833,#835,.T.);
#833 = VERTEX_POINT('',#834);
#834 = CARTESIAN_POINT('',(207.953156,5.717991,0.));
#835 = LINE('',#836,#837);
#836 = CARTESIAN_POINT('',(221.936401,5.717991,0.));
#837 = VECTOR('',#838,1.);
#838 = DIRECTION('',(-1.,0.,0.));
#839 = ORIENTED_EDGE('',*,*,#840,.T.);
#840 = EDGE_CURVE('',#833,#815,#841,.T.);
#841 = LINE('',#842,#843);
#842 = CARTESIAN_POINT('',(207.953156,5.717991,0.));
#843 = VECTOR('',#844,1.);
#844 = DIRECTION('',(0.,1.,0.));
#845 = FACE_BOUND('',#846,.F.);
#846 = EDGE_LOOP('',(#847,#857,#865,#873));
#847 = ORIENTED_EDGE('',*,*,#848,.T.);
#848 = EDGE_CURVE('',#849,#851,#853,.T.);
#849 = VERTEX_POINT('',#850);
#850 = CARTESIAN_POINT('',(226.715897,20.05772,0.));
#851 = VERTEX_POINT('',#852);
#852 = CARTESIAN_POINT('',(240.921722,20.05772,0.));
#853 = LINE('',#854,#855);
#854 = CARTESIAN_POINT('',(226.715897,20.05772,0.));
#855 = VECTOR('',#856,1.);
#856 = DIRECTION('',(1.,0.,0.));
#857 = ORIENTED_EDGE('',*,*,#858,.T.);
#858 = EDGE_CURVE('',#851,#859,#861,.T.);
#859 = VERTEX_POINT('',#860);
#860 = CARTESIAN_POINT('',(240.921722,5.953822,0.));
#861 = LINE('',#862,#863);
#862 = CARTESIAN_POINT('',(240.921722,20.05772,0.));
#863 = VECTOR('',#864,1.);
#864 = DIRECTION('',(0.,-1.,0.));
#865 = ORIENTED_EDGE('',*,*,#866,.T.);
#866 = EDGE_CURVE('',#859,#867,#869,.T.);
#867 = VERTEX_POINT('',#868);
#868 = CARTESIAN_POINT('',(226.715897,5.953822,0.));
#869 = LINE('',#870,#871);
#870 = CARTESIAN_POINT('',(240.921722,5.953822,0.));
#871 = VECTOR('',#872,1.);
#872 = DIRECTION('',(-1.,0.,0.));
#873 = ORIENTED_EDGE('',*,*,#874,.T.);
#874 = EDGE_CURVE('',#867,#849,#875,.T.);
#875 = LINE('',#876,#877);
#876 = CARTESIAN_POINT('',(226.715897,5.953822,0.));
#877 = VECTOR('',#878,1.);
#878 = DIRECTION('',(0.,1.,0.));
#879 = FACE_BOUND('',#880,.F.);
#880 = EDGE_LOOP('',(#881,#891,#899,#907));
#881 = ORIENTED_EDGE('',*,*,#882,.T.);
#882 = EDGE_CURVE('',#883,#885,#887,.T.);
#883 = VERTEX_POINT('',#884);
#884 = CARTESIAN_POINT('',(246.153061,20.068117,0.));
#885 = VERTEX_POINT('',#886);
#886 = CARTESIAN_POINT('',(260.264191,20.068117,0.));
#887 = LINE('',#888,#889);
#888 = CARTESIAN_POINT('',(246.153061,20.068117,0.));
#889 = VECTOR('',#890,1.);
#890 = DIRECTION('',(1.,0.,0.));
#891 = ORIENTED_EDGE('',*,*,#892,.T.);
#892 = EDGE_CURVE('',#885,#893,#895,.T.);
#893 = VERTEX_POINT('',#894);
#894 = CARTESIAN_POINT('',(260.264191,6.00758,0.));
#895 = LINE('',#896,#897);
#896 = CARTESIAN_POINT('',(260.264191,20.068117,0.));
#897 = VECTOR('',#898,1.);
#898 = DIRECTION('',(0.,-1.,0.));
#899 = ORIENTED_EDGE('',*,*,#900,.T.);
#900 = EDGE_CURVE('',#893,#901,#903,.T.);
#901 = VERTEX_POINT('',#902);
#902 = CARTESIAN_POINT('',(246.153061,6.00758,0.));
#903 = LINE('',#904,#905);
#904 = CARTESIAN_POINT('',(260.264191,6.00758,0.));
#905 = VECTOR('',#906,1.);
#906 = DIRECTION('',(-1.,0.,0.));
#907 = ORIENTED_EDGE('',*,*,#908,.T.);
#908 = EDGE_CURVE('',#901,#883,#909,.T.);
#909 = LINE('',#910,#911);
#910 = CARTESIAN_POINT('',(246.153061,6.00758,0.));
#911 = VECTOR('',#912,1.);
#912 = DIRECTION('',(0.,1.,0.));
#913 = FACE_BOUND('',#914,.F.);
#914 = EDGE_LOOP('',(#915,#925,#933,#941));
#915 = ORIENTED_EDGE('',*,*,#916,.T.);
#916 = EDGE_CURVE('',#917,#919,#921,.T.);
#917 = VERTEX_POINT('',#918);
#918 = CARTESIAN_POINT('',(265.261353,20.080431,0.));
#919 = VERTEX_POINT('',#920);
#920 = CARTESIAN_POINT('',(279.284332,20.080431,0.));
#921 = LINE('',#922,#923);
#922 = CARTESIAN_POINT('',(265.261353,20.080431,0.));
#923 = VECTOR('',#924,1.);
#924 = DIRECTION('',(1.,0.,0.));
#925 = ORIENTED_EDGE('',*,*,#926,.T.);
#926 = EDGE_CURVE('',#919,#927,#929,.T.);
#927 = VERTEX_POINT('',#928);
#928 = CARTESIAN_POINT('',(279.284332,5.995669,0.));
#929 = LINE('',#930,#931);
#930 = CARTESIAN_POINT('',(279.284332,20.080431,0.));
#931 = VECTOR('',#932,1.);
#932 = DIRECTION('',(0.,-1.,0.));
#933 = ORIENTED_EDGE('',*,*,#934,.T.);
#934 = EDGE_CURVE('',#927,#935,#937,.T.);
#935 = VERTEX_POINT('',#936);
#936 = CARTESIAN_POINT('',(265.261353,5.995669,0.));
#937 = LINE('',#938,#939);
#938 = CARTESIAN_POINT('',(279.284332,5.995669,0.));
#939 = VECTOR('',#940,1.);
#940 = DIRECTION('',(-1.,0.,0.));
#941 = ORIENTED_EDGE('',*,*,#942,.T.);
#942 = EDGE_CURVE('',#935,#917,#943,.T.);
#943 = LINE('',#944,#945);
#944 = CARTESIAN_POINT('',(265.261353,5.995669,0.));
#945 = VECTOR('',#946,1.);
#946 = DIRECTION('',(0.,1.,0.));
#947 = FACE_BOUND('',#948,.F.);
#948 = EDGE_LOOP('',(#949,#959,#967,#975));
#949 = ORIENTED_EDGE('',*,*,#950,.T.);
#950 = EDGE_CURVE('',#951,#953,#955,.T.);
#951 = VERTEX_POINT('',#952);
#952 = CARTESIAN_POINT('',(284.111023,20.088682,0.));
#953 = VERTEX_POINT('',#954);
#954 = CARTESIAN_POINT('',(298.190155,20.088682,0.));
#955 = LINE('',#956,#957);
#956 = CARTESIAN_POINT('',(284.111023,20.088682,0.));
#957 = VECTOR('',#958,1.);
#958 = DIRECTION('',(1.,0.,0.));
#959 = ORIENTED_EDGE('',*,*,#960,.T.);
#960 = EDGE_CURVE('',#953,#961,#963,.T.);
#961 = VERTEX_POINT('',#962);
#962 = CARTESIAN_POINT('',(298.190155,6.050962,0.));
#963 = LINE('',#964,#965);
#964 = CARTESIAN_POINT('',(298.190155,20.088682,0.));
#965 = VECTOR('',#966,1.);
#966 = DIRECTION('',(0.,-1.,0.));
#967 = ORIENTED_EDGE('',*,*,#968,.T.);
#968 = EDGE_CURVE('',#961,#969,#971,.T.);
#969 = VERTEX_POINT('',#970);
#970 = CARTESIAN_POINT('',(284.111023,6.050962,0.));
#971 = LINE('',#972,#973);
#972 = CARTESIAN_POINT('',(298.190155,6.050962,0.));
#973 = VECTOR('',#974,1.);
#974 = DIRECTION('',(-1.,0.,0.));
#975 = ORIENTED_EDGE('',*,*,#976,.T.);
#976 = EDGE_CURVE('',#969,#951,#977,.T.);
#977 = LINE('',#978,#979);
#978 = CARTESIAN_POINT('',(284.111023,6.050962,0.));
#979 = VECTOR('',#980,1.);
#980 = DIRECTION('',(0.,1.,0.));
#981 = FACE_BOUND('',#982,.F.);
#982 = EDGE_LOOP('',(#983,#993,#1001,#1009));
#983 = ORIENTED_EDGE('',*,*,#984,.T.);
#984 = EDGE_CURVE('',#985,#987,#989,.T.);
#985 = VERTEX_POINT('',#986);
#986 = CARTESIAN_POINT('',(158.923035,39.104065,0.));
#987 = VERTEX_POINT('',#988);
#988 = CARTESIAN_POINT('',(172.970444,39.104065,0.));
#989 = LINE('',#990,#991);
#990 = CARTESIAN_POINT('',(158.923035,39.104065,0.));
#991 = VECTOR('',#992,1.);
#992 = DIRECTION('',(1.,0.,0.));
#993 = ORIENTED_EDGE('',*,*,#994,.T.);
#994 = EDGE_CURVE('',#987,#995,#997,.T.);
#995 = VERTEX_POINT('',#996);
#996 = CARTESIAN_POINT('',(172.970444,25.015224,0.));
#997 = LINE('',#998,#999);
#998 = CARTESIAN_POINT('',(172.970444,39.104065,0.));
#999 = VECTOR('',#1000,1.);
#1000 = DIRECTION('',(0.,-1.,0.));
#1001 = ORIENTED_EDGE('',*,*,#1002,.T.);
#1002 = EDGE_CURVE('',#995,#1003,#1005,.T.);
#1003 = VERTEX_POINT('',#1004);
#1004 = CARTESIAN_POINT('',(158.923035,25.015224,0.));
#1005 = LINE('',#1006,#1007);
#1006 = CARTESIAN_POINT('',(172.970444,25.015224,0.));
#1007 = VECTOR('',#1008,1.);
#1008 = DIRECTION('',(-1.,0.,0.));
#1009 = ORIENTED_EDGE('',*,*,#1010,.T.);
#1010 = EDGE_CURVE('',#1003,#985,#1011,.T.);
#1011 = LINE('',#1012,#1013);
#1012 = CARTESIAN_POINT('',(158.923035,25.015224,0.));
#1013 = VECTOR('',#1014,1.);
#1014 = DIRECTION('',(0.,1.,0.));
#1015 = FACE_BOUND('',#1016,.F.);
#1016 = EDGE_LOOP('',(#1017,#1027,#1035,#1043));
#1017 = ORIENTED_EDGE('',*,*,#1018,.T.);
#1018 = EDGE_CURVE('',#1019,#1021,#1023,.T.);
#1019 = VERTEX_POINT('',#1020);
#1020 = CARTESIAN_POINT('',(177.774673,39.12664,0.));
#1021 = VERTEX_POINT('',#1022);
#1022 = CARTESIAN_POINT('',(191.838501,39.12664,0.));
#1023 = LINE('',#1024,#1025);
#1024 = CARTESIAN_POINT('',(177.774673,39.12664,0.));
#1025 = VECTOR('',#1026,1.);
#1026 = DIRECTION('',(1.,0.,0.));
#1027 = ORIENTED_EDGE('',*,*,#1028,.T.);
#1028 = EDGE_CURVE('',#1021,#1029,#1031,.T.);
#1029 = VERTEX_POINT('',#1030);
#1030 = CARTESIAN_POINT('',(191.838501,25.138704,0.));
#1031 = LINE('',#1032,#1033);
#1032 = CARTESIAN_POINT('',(191.838501,39.12664,0.));
#1033 = VECTOR('',#1034,1.);
#1034 = DIRECTION('',(0.,-1.,0.));
#1035 = ORIENTED_EDGE('',*,*,#1036,.T.);
#1036 = EDGE_CURVE('',#1029,#1037,#1039,.T.);
#1037 = VERTEX_POINT('',#1038);
#1038 = CARTESIAN_POINT('',(177.774673,25.138704,0.));
#1039 = LINE('',#1040,#1041);
#1040 = CARTESIAN_POINT('',(191.838501,25.138704,0.));
#1041 = VECTOR('',#1042,1.);
#1042 = DIRECTION('',(-1.,0.,0.));
#1043 = ORIENTED_EDGE('',*,*,#1044,.T.);
#1044 = EDGE_CURVE('',#1037,#1019,#1045,.T.);
#1045 = LINE('',#1046,#1047);
#1046 = CARTESIAN_POINT('',(177.774673,25.138704,0.));
#1047 = VECTOR('',#1048,1.);
#1048 = DIRECTION('',(0.,1.,0.));
#1049 = FACE_BOUND('',#1050,.F.);
#1050 = EDGE_LOOP('',(#1051,#1061,#1069,#1077));
#1051 = ORIENTED_EDGE('',*,*,#1052,.T.);
#1052 = EDGE_CURVE('',#1053,#1055,#1057,.T.);
#1053 = VERTEX_POINT('',#1054);
#1054 = CARTESIAN_POINT('',(196.71402,39.099403,0.));
#1055 = VERTEX_POINT('',#1056);
#1056 = CARTESIAN_POINT('',(210.769562,39.099403,0.));
#1057 = LINE('',#1058,#1059);
#1058 = CARTESIAN_POINT('',(196.71402,39.099403,0.));
#1059 = VECTOR('',#1060,1.);
#1060 = DIRECTION('',(1.,0.,0.));
#1061 = ORIENTED_EDGE('',*,*,#1062,.T.);
#1062 = EDGE_CURVE('',#1055,#1063,#1065,.T.);
#1063 = VERTEX_POINT('',#1064);
#1064 = CARTESIAN_POINT('',(210.769562,25.02832,0.));
#1065 = LINE('',#1066,#1067);
#1066 = CARTESIAN_POINT('',(210.769562,39.099403,0.));
#1067 = VECTOR('',#1068,1.);
#1068 = DIRECTION('',(0.,-1.,0.));
#1069 = ORIENTED_EDGE('',*,*,#1070,.T.);
#1070 = EDGE_CURVE('',#1063,#1071,#1073,.T.);
#1071 = VERTEX_POINT('',#1072);
#1072 = CARTESIAN_POINT('',(196.71402,25.02832,0.));
#1073 = LINE('',#1074,#1075);
#1074 = CARTESIAN_POINT('',(210.769562,25.02832,0.));
#1075 = VECTOR('',#1076,1.);
#1076 = DIRECTION('',(-1.,0.,0.));
#1077 = ORIENTED_EDGE('',*,*,#1078,.T.);
#1078 = EDGE_CURVE('',#1071,#1053,#1079,.T.);
#1079 = LINE('',#1080,#1081);
#1080 = CARTESIAN_POINT('',(196.71402,25.02832,0.));
#1081 = VECTOR('',#1082,1.);
#1082 = DIRECTION('',(0.,1.,0.));
#1083 = FACE_BOUND('',#1084,.F.);
#1084 = EDGE_LOOP('',(#1085,#1095,#1103,#1111));
#1085 = ORIENTED_EDGE('',*,*,#1086,.T.);
#1086 = EDGE_CURVE('',#1087,#1089,#1091,.T.);
#1087 = VERTEX_POINT('',#1088);
#1088 = CARTESIAN_POINT('',(215.640472,38.965725,0.));
#1089 = VERTEX_POINT('',#1090);
#1090 = CARTESIAN_POINT('',(229.740692,38.965725,0.));
#1091 = LINE('',#1092,#1093);
#1092 = CARTESIAN_POINT('',(215.640472,38.965725,0.));
#1093 = VECTOR('',#1094,1.);
#1094 = DIRECTION('',(1.,0.,0.));
#1095 = ORIENTED_EDGE('',*,*,#1096,.T.);
#1096 = EDGE_CURVE('',#1089,#1097,#1099,.T.);
#1097 = VERTEX_POINT('',#1098);
#1098 = CARTESIAN_POINT('',(229.740692,24.773357,0.));
#1099 = LINE('',#1100,#1101);
#1100 = CARTESIAN_POINT('',(229.740692,38.965725,0.));
#1101 = VECTOR('',#1102,1.);
#1102 = DIRECTION('',(0.,-1.,0.));
#1103 = ORIENTED_EDGE('',*,*,#1104,.T.);
#1104 = EDGE_CURVE('',#1097,#1105,#1107,.T.);
#1105 = VERTEX_POINT('',#1106);
#1106 = CARTESIAN_POINT('',(215.640472,24.773357,0.));
#1107 = LINE('',#1108,#1109);
#1108 = CARTESIAN_POINT('',(229.740692,24.773357,0.));
#1109 = VECTOR('',#1110,1.);
#1110 = DIRECTION('',(-1.,0.,0.));
#1111 = ORIENTED_EDGE('',*,*,#1112,.T.);
#1112 = EDGE_CURVE('',#1105,#1087,#1113,.T.);
#1113 = LINE('',#1114,#1115);
#1114 = CARTESIAN_POINT('',(215.640472,24.773357,0.));
#1115 = VECTOR('',#1116,1.);
#1116 = DIRECTION('',(0.,1.,0.));
#1117 = FACE_BOUND('',#1118,.F.);
#1118 = EDGE_LOOP('',(#1119,#1129,#1137,#1145));
#1119 = ORIENTED_EDGE('',*,*,#1120,.T.);
#1120 = EDGE_CURVE('',#1121,#1123,#1125,.T.);
#1121 = VERTEX_POINT('',#1122);
#1122 = CARTESIAN_POINT('',(154.082947,58.252357,0.));
#1123 = VERTEX_POINT('',#1124);
#1124 = CARTESIAN_POINT('',(168.078125,58.252357,0.));
#1125 = LINE('',#1126,#1127);
#1126 = CARTESIAN_POINT('',(154.082947,58.252357,0.));
#1127 = VECTOR('',#1128,1.);
#1128 = DIRECTION('',(1.,0.,0.));
#1129 = ORIENTED_EDGE('',*,*,#1130,.T.);
#1130 = EDGE_CURVE('',#1123,#1131,#1133,.T.);
#1131 = VERTEX_POINT('',#1132);
#1132 = CARTESIAN_POINT('',(168.078125,44.038712,0.));
#1133 = LINE('',#1134,#1135);
#1134 = CARTESIAN_POINT('',(168.078125,58.252357,0.));
#1135 = VECTOR('',#1136,1.);
#1136 = DIRECTION('',(0.,-1.,0.));
#1137 = ORIENTED_EDGE('',*,*,#1138,.T.);
#1138 = EDGE_CURVE('',#1131,#1139,#1141,.T.);
#1139 = VERTEX_POINT('',#1140);
#1140 = CARTESIAN_POINT('',(154.082947,44.038712,0.));
#1141 = LINE('',#1142,#1143);
#1142 = CARTESIAN_POINT('',(168.078125,44.038712,0.));
#1143 = VECTOR('',#1144,1.);
#1144 = DIRECTION('',(-1.,0.,0.));
#1145 = ORIENTED_EDGE('',*,*,#1146,.T.);
#1146 = EDGE_CURVE('',#1139,#1121,#1147,.T.);
#1147 = LINE('',#1148,#1149);
#1148 = CARTESIAN_POINT('',(154.082947,44.038712,0.));
#1149 = VECTOR('',#1150,1.);
#1150 = DIRECTION('',(0.,1.,0.));
#1151 = FACE_BOUND('',#1152,.F.);
#1152 = EDGE_LOOP('',(#1153,#1163,#1171,#1179));
#1153 = ORIENTED_EDGE('',*,*,#1154,.T.);
#1154 = EDGE_CURVE('',#1155,#1157,#1159,.T.);
#1155 = VERTEX_POINT('',#1156);
#1156 = CARTESIAN_POINT('',(172.953522,58.128384,0.));
#1157 = VERTEX_POINT('',#1158);
#1158 = CARTESIAN_POINT('',(186.948105,58.128384,0.));
#1159 = LINE('',#1160,#1161);
#1160 = CARTESIAN_POINT('',(172.953522,58.128384,0.));
#1161 = VECTOR('',#1162,1.);
#1162 = DIRECTION('',(1.,0.,0.));
#1163 = ORIENTED_EDGE('',*,*,#1164,.T.);
#1164 = EDGE_CURVE('',#1157,#1165,#1167,.T.);
#1165 = VERTEX_POINT('',#1166);
#1166 = CARTESIAN_POINT('',(186.948105,44.119499,0.));
#1167 = LINE('',#1168,#1169);
#1168 = CARTESIAN_POINT('',(186.948105,58.128384,0.));
#1169 = VECTOR('',#1170,1.);
#1170 = DIRECTION('',(0.,-1.,0.));
#1171 = ORIENTED_EDGE('',*,*,#1172,.T.);
#1172 = EDGE_CURVE('',#1165,#1173,#1175,.T.);
#1173 = VERTEX_POINT('',#1174);
#1174 = CARTESIAN_POINT('',(172.953522,44.119499,0.));
#1175 = LINE('',#1176,#1177);
#1176 = CARTESIAN_POINT('',(186.948105,44.119499,0.));
#1177 = VECTOR('',#1178,1.);
#1178 = DIRECTION('',(-1.,0.,0.));
#1179 = ORIENTED_EDGE('',*,*,#1180,.T.);
#1180 = EDGE_CURVE('',#1173,#1155,#1181,.T.);
#1181 = LINE('',#1182,#1183);
#1182 = CARTESIAN_POINT('',(172.953522,44.119499,0.));
#1183 = VECTOR('',#1184,1.);
#1184 = DIRECTION('',(0.,1.,0.));
#1185 = FACE_BOUND('',#1186,.F.);
#1186 = EDGE_LOOP('',(#1187,#1197,#1205,#1213));
#1187 = ORIENTED_EDGE('',*,*,#1188,.T.);
#1188 = EDGE_CURVE('',#1189,#1191,#1193,.T.);
#1189 = VERTEX_POINT('',#1190);
#1190 = CARTESIAN_POINT('',(191.873184,58.034641,0.));
#1191 = VERTEX_POINT('',#1192);
#1192 = CARTESIAN_POINT('',(205.83255,58.034641,0.));
#1193 = LINE('',#1194,#1195);
#1194 = CARTESIAN_POINT('',(191.873184,58.034641,0.));
#1195 = VECTOR('',#1196,1.);
#1196 = DIRECTION('',(1.,0.,0.));
#1197 = ORIENTED_EDGE('',*,*,#1198,.T.);
#1198 = EDGE_CURVE('',#1191,#1199,#1201,.T.);
#1199 = VERTEX_POINT('',#1200);
#1200 = CARTESIAN_POINT('',(205.83255,44.075291,0.));
#1201 = LINE('',#1202,#1203);
#1202 = CARTESIAN_POINT('',(205.83255,58.034641,0.));
#1203 = VECTOR('',#1204,1.);
#1204 = DIRECTION('',(0.,-1.,0.));
#1205 = ORIENTED_EDGE('',*,*,#1206,.T.);
#1206 = EDGE_CURVE('',#1199,#1207,#1209,.T.);
#1207 = VERTEX_POINT('',#1208);
#1208 = CARTESIAN_POINT('',(191.873184,44.075291,0.));
#1209 = LINE('',#1210,#1211);
#1210 = CARTESIAN_POINT('',(205.83255,44.075291,0.));
#1211 = VECTOR('',#1212,1.);
#1212 = DIRECTION('',(-1.,0.,0.));
#1213 = ORIENTED_EDGE('',*,*,#1214,.T.);
#1214 = EDGE_CURVE('',#1207,#1189,#1215,.T.);
#1215 = LINE('',#1216,#1217);
#1216 = CARTESIAN_POINT('',(191.873184,44.075291,0.));
#1217 = VECTOR('',#1218,1.);
#1218 = DIRECTION('',(0.,1.,0.));
#1219 = FACE_BOUND('',#1220,.F.);
#1220 = EDGE_LOOP('',(#1221,#1231,#1239,#1247));
#1221 = ORIENTED_EDGE('',*,*,#1222,.T.);
#1222 = EDGE_CURVE('',#1223,#1225,#1227,.T.);
#1223 = VERTEX_POINT('',#1224);
#1224 = CARTESIAN_POINT('',(210.786163,58.13707,0.));
#1225 = VERTEX_POINT('',#1226);
#1226 = CARTESIAN_POINT('',(224.895798,58.13707,0.));
#1227 = LINE('',#1228,#1229);
#1228 = CARTESIAN_POINT('',(210.786163,58.13707,0.));
#1229 = VECTOR('',#1230,1.);
#1230 = DIRECTION('',(1.,0.,0.));
#1231 = ORIENTED_EDGE('',*,*,#1232,.T.);
#1232 = EDGE_CURVE('',#1225,#1233,#1235,.T.);
#1233 = VERTEX_POINT('',#1234);
#1234 = CARTESIAN_POINT('',(224.895798,44.102898,0.));
#1235 = LINE('',#1236,#1237);
#1236 = CARTESIAN_POINT('',(224.895798,58.13707,0.));
#1237 = VECTOR('',#1238,1.);
#1238 = DIRECTION('',(0.,-1.,0.));
#1239 = ORIENTED_EDGE('',*,*,#1240,.T.);
#1240 = EDGE_CURVE('',#1233,#1241,#1243,.T.);
#1241 = VERTEX_POINT('',#1242);
#1242 = CARTESIAN_POINT('',(210.786163,44.102898,0.));
#1243 = LINE('',#1244,#1245);
#1244 = CARTESIAN_POINT('',(224.895798,44.102898,0.));
#1245 = VECTOR('',#1246,1.);
#1246 = DIRECTION('',(-1.,0.,0.));
#1247 = ORIENTED_EDGE('',*,*,#1248,.T.);
#1248 = EDGE_CURVE('',#1241,#1223,#1249,.T.);
#1249 = LINE('',#1250,#1251);
#1250 = CARTESIAN_POINT('',(210.786163,44.102898,0.));
#1251 = VECTOR('',#1252,1.);
#1252 = DIRECTION('',(0.,1.,0.));
#1253 = FACE_BOUND('',#1254,.F.);
#1254 = EDGE_LOOP('',(#1255,#1265,#1273,#1281));
#1255 = ORIENTED_EDGE('',*,*,#1256,.T.);
#1256 = EDGE_CURVE('',#1257,#1259,#1261,.T.);
#1257 = VERTEX_POINT('',#1258);
#1258 = CARTESIAN_POINT('',(239.347504,39.166824,0.));
#1259 = VERTEX_POINT('',#1260);
#1260 = CARTESIAN_POINT('',(253.521606,39.166824,0.));
#1261 = LINE('',#1262,#1263);
#1262 = CARTESIAN_POINT('',(239.347504,39.166824,0.));
#1263 = VECTOR('',#1264,1.);
#1264 = DIRECTION('',(1.,0.,0.));
#1265 = ORIENTED_EDGE('',*,*,#1266,.T.);
#1266 = EDGE_CURVE('',#1259,#1267,#1269,.T.);
#1267 = VERTEX_POINT('',#1268);
#1268 = CARTESIAN_POINT('',(253.521606,25.188343,0.));
#1269 = LINE('',#1270,#1271);
#1270 = CARTESIAN_POINT('',(253.521606,39.166824,0.));
#1271 = VECTOR('',#1272,1.);
#1272 = DIRECTION('',(0.,-1.,0.));
#1273 = ORIENTED_EDGE('',*,*,#1274,.T.);
#1274 = EDGE_CURVE('',#1267,#1275,#1277,.T.);
#1275 = VERTEX_POINT('',#1276);
#1276 = CARTESIAN_POINT('',(239.347504,25.188343,0.));
#1277 = LINE('',#1278,#1279);
#1278 = CARTESIAN_POINT('',(253.521606,25.188343,0.));
#1279 = VECTOR('',#1280,1.);
#1280 = DIRECTION('',(-1.,0.,0.));
#1281 = ORIENTED_EDGE('',*,*,#1282,.T.);
#1282 = EDGE_CURVE('',#1275,#1257,#1283,.T.);
#1283 = LINE('',#1284,#1285);
#1284 = CARTESIAN_POINT('',(239.347504,25.188343,0.));
#1285 = VECTOR('',#1286,1.);
#1286 = DIRECTION('',(0.,1.,0.));
#1287 = FACE_BOUND('',#1288,.F.);
#1288 = EDGE_LOOP('',(#1289,#1299,#1307,#1315));
#1289 = ORIENTED_EDGE('',*,*,#1290,.T.);
#1290 = EDGE_CURVE('',#1291,#1293,#1295,.T.);
#1291 = VERTEX_POINT('',#1292);
#1292 = CARTESIAN_POINT('',(265.314789,39.066174,0.));
#1293 = VERTEX_POINT('',#1294);
#1294 = CARTESIAN_POINT('',(279.507111,39.066174,0.));
#1295 = LINE('',#1296,#1297);
#1296 = CARTESIAN_POINT('',(265.314789,39.066174,0.));
#1297 = VECTOR('',#1298,1.);
#1298 = DIRECTION('',(1.,0.,0.));
#1299 = ORIENTED_EDGE('',*,*,#1300,.T.);
#1300 = EDGE_CURVE('',#1293,#1301,#1303,.T.);
#1301 = VERTEX_POINT('',#1302);
#1302 = CARTESIAN_POINT('',(279.507111,25.242496,0.));
#1303 = LINE('',#1304,#1305);
#1304 = CARTESIAN_POINT('',(279.507111,39.066174,0.));
#1305 = VECTOR('',#1306,1.);
#1306 = DIRECTION('',(0.,-1.,0.));
#1307 = ORIENTED_EDGE('',*,*,#1308,.T.);
#1308 = EDGE_CURVE('',#1301,#1309,#1311,.T.);
#1309 = VERTEX_POINT('',#1310);
#1310 = CARTESIAN_POINT('',(265.314789,25.242496,0.));
#1311 = LINE('',#1312,#1313);
#1312 = CARTESIAN_POINT('',(279.507111,25.242496,0.));
#1313 = VECTOR('',#1314,1.);
#1314 = DIRECTION('',(-1.,0.,0.));
#1315 = ORIENTED_EDGE('',*,*,#1316,.T.);
#1316 = EDGE_CURVE('',#1309,#1291,#1317,.T.);
#1317 = LINE('',#1318,#1319);
#1318 = CARTESIAN_POINT('',(265.314789,25.242496,0.));
#1319 = VECTOR('',#1320,1.);
#1320 = DIRECTION('',(0.,1.,0.));
#1321 = FACE_BOUND('',#1322,.F.);
#1322 = EDGE_LOOP('',(#1323,#1333,#1341,#1349));
#1323 = ORIENTED_EDGE('',*,*,#1324,.T.);
#1324 = EDGE_CURVE('',#1325,#1327,#1329,.T.);
#1325 = VERTEX_POINT('',#1326);
#1326 = CARTESIAN_POINT('',(229.800217,58.094742,0.));
#1327 = VERTEX_POINT('',#1328);
#1328 = CARTESIAN_POINT('',(243.806763,58.094742,0.));
#1329 = LINE('',#1330,#1331);
#1330 = CARTESIAN_POINT('',(229.800217,58.094742,0.));
#1331 = VECTOR('',#1332,1.);
#1332 = DIRECTION('',(1.,0.,0.));
#1333 = ORIENTED_EDGE('',*,*,#1334,.T.);
#1334 = EDGE_CURVE('',#1327,#1335,#1337,.T.);
#1335 = VERTEX_POINT('',#1336);
#1336 = CARTESIAN_POINT('',(243.806763,44.10289,0.));
#1337 = LINE('',#1338,#1339);
#1338 = CARTESIAN_POINT('',(243.806763,58.094742,0.));
#1339 = VECTOR('',#1340,1.);
#1340 = DIRECTION('',(0.,-1.,0.));
#1341 = ORIENTED_EDGE('',*,*,#1342,.T.);
#1342 = EDGE_CURVE('',#1335,#1343,#1345,.T.);
#1343 = VERTEX_POINT('',#1344);
#1344 = CARTESIAN_POINT('',(229.800217,44.10289,0.));
#1345 = LINE('',#1346,#1347);
#1346 = CARTESIAN_POINT('',(243.806763,44.10289,0.));
#1347 = VECTOR('',#1348,1.);
#1348 = DIRECTION('',(-1.,0.,0.));
#1349 = ORIENTED_EDGE('',*,*,#1350,.T.);
#1350 = EDGE_CURVE('',#1343,#1325,#1351,.T.);
#1351 = LINE('',#1352,#1353);
#1352 = CARTESIAN_POINT('',(229.800217,44.10289,0.));
#1353 = VECTOR('',#1354,1.);
#1354 = DIRECTION('',(0.,1.,0.));
#1355 = FACE_BOUND('',#1356,.F.);
#1356 = EDGE_LOOP('',(#1357,#1367,#1375,#1383));
#1357 = ORIENTED_EDGE('',*,*,#1358,.T.);
#1358 = EDGE_CURVE('',#1359,#1361,#1363,.T.);
#1359 = VERTEX_POINT('',#1360);
#1360 = CARTESIAN_POINT('',(253.553192,58.055431,0.));
#1361 = VERTEX_POINT('',#1362);
#1362 = CARTESIAN_POINT('',(267.874603,58.055431,0.));
#1363 = LINE('',#1364,#1365);
#1364 = CARTESIAN_POINT('',(253.553192,58.055431,0.));
#1365 = VECTOR('',#1366,1.);
#1366 = DIRECTION('',(1.,0.,0.));
#1367 = ORIENTED_EDGE('',*,*,#1368,.T.);
#1368 = EDGE_CURVE('',#1361,#1369,#1371,.T.);
#1369 = VERTEX_POINT('',#1370);
#1370 = CARTESIAN_POINT('',(267.874603,43.976906,0.));
#1371 = LINE('',#1372,#1373);
#1372 = CARTESIAN_POINT('',(267.874603,58.055431,0.));
#1373 = VECTOR('',#1374,1.);
#1374 = DIRECTION('',(0.,-1.,0.));
#1375 = ORIENTED_EDGE('',*,*,#1376,.T.);
#1376 = EDGE_CURVE('',#1369,#1377,#1379,.T.);
#1377 = VERTEX_POINT('',#1378);
#1378 = CARTESIAN_POINT('',(253.553192,43.976906,0.));
#1379 = LINE('',#1380,#1381);
#1380 = CARTESIAN_POINT('',(267.874603,43.976906,0.));
#1381 = VECTOR('',#1382,1.);
#1382 = DIRECTION('',(-1.,0.,0.));
#1383 = ORIENTED_EDGE('',*,*,#1384,.T.);
#1384 = EDGE_CURVE('',#1377,#1359,#1385,.T.);
#1385 = LINE('',#1386,#1387);
#1386 = CARTESIAN_POINT('',(253.553192,43.976906,0.));
#1387 = VECTOR('',#1388,1.);
#1388 = DIRECTION('',(0.,1.,0.));
#1389 = FACE_BOUND('',#1390,.F.);
#1390 = EDGE_LOOP('',(#1391,#1401,#1409,#1417));
#1391 = ORIENTED_EDGE('',*,*,#1392,.T.);
#1392 = EDGE_CURVE('',#1393,#1395,#1397,.T.);
#1393 = VERTEX_POINT('',#1394);
#1394 = CARTESIAN_POINT('',(281.698273,55.659321,0.));
#1395 = VERTEX_POINT('',#1396);
#1396 = CARTESIAN_POINT('',(295.982758,55.659321,0.));
#1397 = LINE('',#1398,#1399);
#1398 = CARTESIAN_POINT('',(281.698273,55.659321,0.));
#1399 = VECTOR('',#1400,1.);
#1400 = DIRECTION('',(1.,0.,0.));
#1401 = ORIENTED_EDGE('',*,*,#1402,.T.);
#1402 = EDGE_CURVE('',#1395,#1403,#1405,.T.);
#1403 = VERTEX_POINT('',#1404);
#1404 = CARTESIAN_POINT('',(295.982758,41.559174,0.));
#1405 = LINE('',#1406,#1407);
#1406 = CARTESIAN_POINT('',(295.982758,55.659321,0.));
#1407 = VECTOR('',#1408,1.);
#1408 = DIRECTION('',(0.,-1.,0.));
#1409 = ORIENTED_EDGE('',*,*,#1410,.T.);
#1410 = EDGE_CURVE('',#1403,#1411,#1413,.T.);
#1411 = VERTEX_POINT('',#1412);
#1412 = CARTESIAN_POINT('',(281.698273,41.559174,0.));
#1413 = LINE('',#1414,#1415);
#1414 = CARTESIAN_POINT('',(295.982758,41.559174,0.));
#1415 = VECTOR('',#1416,1.);
#1416 = DIRECTION('',(-1.,0.,0.));
#1417 = ORIENTED_EDGE('',*,*,#1418,.T.);
#1418 = EDGE_CURVE('',#1411,#1393,#1419,.T.);
#1419 = LINE('',#1420,#1421);
#1420 = CARTESIAN_POINT('',(281.698273,41.559174,0.));
#1421 = VECTOR('',#1422,1.);
#1422 = DIRECTION('',(0.,1.,0.));
#1423 = FACE_BOUND('',#1424,.F.);
#1424 = EDGE_LOOP('',(#1425,#1435,#1443,#1451));
#1425 = ORIENTED_EDGE('',*,*,#1426,.T.);
#1426 = EDGE_CURVE('',#1427,#1429,#1431,.T.);
#1427 = VERTEX_POINT('',#1428);
#1428 = CARTESIAN_POINT('',(10.578156,77.184532,0.));
#1429 = VERTEX_POINT('',#1430);
#1430 = CARTESIAN_POINT('',(24.601149,77.184532,0.));
#1431 = LINE('',#1432,#1433);
#1432 = CARTESIAN_POINT('',(10.578156,77.184532,0.));
#1433 = VECTOR('',#1434,1.);
#1434 = DIRECTION('',(1.,0.,0.));
#1435 = ORIENTED_EDGE('',*,*,#1436,.T.);
#1436 = EDGE_CURVE('',#1429,#1437,#1439,.T.);
#1437 = VERTEX_POINT('',#1438);
#1438 = CARTESIAN_POINT('',(24.601149,63.22332,0.));
#1439 = LINE('',#1440,#1441);
#1440 = CARTESIAN_POINT('',(24.601149,77.184532,0.));
#1441 = VECTOR('',#1442,1.);
#1442 = DIRECTION('',(0.,-1.,0.));
#1443 = ORIENTED_EDGE('',*,*,#1444,.T.);
#1444 = EDGE_CURVE('',#1437,#1445,#1447,.T.);
#1445 = VERTEX_POINT('',#1446);
#1446 = CARTESIAN_POINT('',(10.578156,63.22332,0.));
#1447 = LINE('',#1448,#1449);
#1448 = CARTESIAN_POINT('',(24.601149,63.22332,0.));
#1449 = VECTOR('',#1450,1.);
#1450 = DIRECTION('',(-1.,0.,0.));
#1451 = ORIENTED_EDGE('',*,*,#1452,.T.);
#1452 = EDGE_CURVE('',#1445,#1427,#1453,.T.);
#1453 = LINE('',#1454,#1455);
#1454 = CARTESIAN_POINT('',(10.578156,63.22332,0.));
#1455 = VECTOR('',#1456,1.);
#1456 = DIRECTION('',(0.,1.,0.));
#1457 = FACE_BOUND('',#1458,.F.);
#1458 = EDGE_LOOP('',(#1459,#1469,#1477,#1485));
#1459 = ORIENTED_EDGE('',*,*,#1460,.T.);
#1460 = EDGE_CURVE('',#1461,#1463,#1465,.T.);
#1461 = VERTEX_POINT('',#1462);
#1462 = CARTESIAN_POINT('',(34.176315,77.308075,0.));
#1463 = VERTEX_POINT('',#1464);
#1464 = CARTESIAN_POINT('',(48.261086,77.308075,0.));
#1465 = LINE('',#1466,#1467);
#1466 = CARTESIAN_POINT('',(34.176315,77.308075,0.));
#1467 = VECTOR('',#1468,1.);
#1468 = DIRECTION('',(1.,0.,0.));
#1469 = ORIENTED_EDGE('',*,*,#1470,.T.);
#1470 = EDGE_CURVE('',#1463,#1471,#1473,.T.);
#1471 = VERTEX_POINT('',#1472);
#1472 = CARTESIAN_POINT('',(48.261086,63.223312,0.));
#1473 = LINE('',#1474,#1475);
#1474 = CARTESIAN_POINT('',(48.261086,77.308075,0.));
#1475 = VECTOR('',#1476,1.);
#1476 = DIRECTION('',(0.,-1.,0.));
#1477 = ORIENTED_EDGE('',*,*,#1478,.T.);
#1478 = EDGE_CURVE('',#1471,#1479,#1481,.T.);
#1479 = VERTEX_POINT('',#1480);
#1480 = CARTESIAN_POINT('',(34.176315,63.223312,0.));
#1481 = LINE('',#1482,#1483);
#1482 = CARTESIAN_POINT('',(48.261086,63.223312,0.));
#1483 = VECTOR('',#1484,1.);
#1484 = DIRECTION('',(-1.,0.,0.));
#1485 = ORIENTED_EDGE('',*,*,#1486,.T.);
#1486 = EDGE_CURVE('',#1479,#1461,#1487,.T.);
#1487 = LINE('',#1488,#1489);
#1488 = CARTESIAN_POINT('',(34.176315,63.223312,0.));
#1489 = VECTOR('',#1490,1.);
#1490 = DIRECTION('',(0.,1.,0.));
#1491 = FACE_BOUND('',#1492,.F.);
#1492 = EDGE_LOOP('',(#1493,#1503,#1511,#1519));
#1493 = ORIENTED_EDGE('',*,*,#1494,.T.);
#1494 = EDGE_CURVE('',#1495,#1497,#1499,.T.);
#1495 = VERTEX_POINT('',#1496);
#1496 = CARTESIAN_POINT('',(53.698143,77.179237,0.));
#1497 = VERTEX_POINT('',#1498);
#1498 = CARTESIAN_POINT('',(67.883217,77.179237,0.));
#1499 = LINE('',#1500,#1501);
#1500 = CARTESIAN_POINT('',(53.698143,77.179237,0.));
#1501 = VECTOR('',#1502,1.);
#1502 = DIRECTION('',(1.,0.,0.));
#1503 = ORIENTED_EDGE('',*,*,#1504,.T.);
#1504 = EDGE_CURVE('',#1497,#1505,#1507,.T.);
#1505 = VERTEX_POINT('',#1506);
#1506 = CARTESIAN_POINT('',(67.883217,63.220528,0.));
#1507 = LINE('',#1508,#1509);
#1508 = CARTESIAN_POINT('',(67.883217,77.179237,0.));
#1509 = VECTOR('',#1510,1.);
#1510 = DIRECTION('',(0.,-1.,0.));
#1511 = ORIENTED_EDGE('',*,*,#1512,.T.);
#1512 = EDGE_CURVE('',#1505,#1513,#1515,.T.);
#1513 = VERTEX_POINT('',#1514);
#1514 = CARTESIAN_POINT('',(53.698143,63.220528,0.));
#1515 = LINE('',#1516,#1517);
#1516 = CARTESIAN_POINT('',(67.883217,63.220528,0.));
#1517 = VECTOR('',#1518,1.);
#1518 = DIRECTION('',(-1.,0.,0.));
#1519 = ORIENTED_EDGE('',*,*,#1520,.T.);
#1520 = EDGE_CURVE('',#1513,#1495,#1521,.T.);
#1521 = LINE('',#1522,#1523);
#1522 = CARTESIAN_POINT('',(53.698143,63.220528,0.));
#1523 = VECTOR('',#1524,1.);
#1524 = DIRECTION('',(0.,1.,0.));
#1525 = FACE_BOUND('',#1526,.F.);
#1526 = EDGE_LOOP('',(#1527,#1537,#1545,#1553));
#1527 = ORIENTED_EDGE('',*,*,#1528,.T.);
#1528 = EDGE_CURVE('',#1529,#1531,#1533,.T.);
#1529 = VERTEX_POINT('',#1530);
#1530 = CARTESIAN_POINT('',(72.969887,77.18502,0.));
#1531 = VERTEX_POINT('',#1532);
#1532 = CARTESIAN_POINT('',(86.928612,77.18502,0.));
#1533 = LINE('',#1534,#1535);
#1534 = CARTESIAN_POINT('',(72.969887,77.18502,0.));
#1535 = VECTOR('',#1536,1.);
#1536 = DIRECTION('',(1.,0.,0.));
#1537 = ORIENTED_EDGE('',*,*,#1538,.T.);
#1538 = EDGE_CURVE('',#1531,#1539,#1541,.T.);
#1539 = VERTEX_POINT('',#1540);
#1540 = CARTESIAN_POINT('',(86.928612,63.15086,0.));
#1541 = LINE('',#1542,#1543);
#1542 = CARTESIAN_POINT('',(86.928612,77.18502,0.));
#1543 = VECTOR('',#1544,1.);
#1544 = DIRECTION('',(0.,-1.,0.));
#1545 = ORIENTED_EDGE('',*,*,#1546,.T.);
#1546 = EDGE_CURVE('',#1539,#1547,#1549,.T.);
#1547 = VERTEX_POINT('',#1548);
#1548 = CARTESIAN_POINT('',(72.969887,63.15086,0.));
#1549 = LINE('',#1550,#1551);
#1550 = CARTESIAN_POINT('',(86.928612,63.15086,0.));
#1551 = VECTOR('',#1552,1.);
#1552 = DIRECTION('',(-1.,0.,0.));
#1553 = ORIENTED_EDGE('',*,*,#1554,.T.);
#1554 = EDGE_CURVE('',#1547,#1529,#1555,.T.);
#1555 = LINE('',#1556,#1557);
#1556 = CARTESIAN_POINT('',(72.969887,63.15086,0.));
#1557 = VECTOR('',#1558,1.);
#1558 = DIRECTION('',(0.,1.,0.));
#1559 = FACE_BOUND('',#1560,.F.);
#1560 = EDGE_LOOP('',(#1561,#1571,#1579,#1587));
#1561 = ORIENTED_EDGE('',*,*,#1562,.T.);
#1562 = EDGE_CURVE('',#1563,#1565,#1567,.T.);
#1563 = VERTEX_POINT('',#1564);
#1564 = CARTESIAN_POINT('',(91.977104,77.140495,0.));
#1565 = VERTEX_POINT('',#1566);
#1566 = CARTESIAN_POINT('',(106.061874,77.140495,0.));
#1567 = LINE('',#1568,#1569);
#1568 = CARTESIAN_POINT('',(91.977104,77.140495,0.));
#1569 = VECTOR('',#1570,1.);
#1570 = DIRECTION('',(1.,0.,0.));
#1571 = ORIENTED_EDGE('',*,*,#1572,.T.);
#1572 = EDGE_CURVE('',#1565,#1573,#1575,.T.);
#1573 = VERTEX_POINT('',#1574);
#1574 = CARTESIAN_POINT('',(106.061874,63.179283,0.));
#1575 = LINE('',#1576,#1577);
#1576 = CARTESIAN_POINT('',(106.061874,77.140495,0.));
#1577 = VECTOR('',#1578,1.);
#1578 = DIRECTION('',(0.,-1.,0.));
#1579 = ORIENTED_EDGE('',*,*,#1580,.T.);
#1580 = EDGE_CURVE('',#1573,#1581,#1583,.T.);
#1581 = VERTEX_POINT('',#1582);
#1582 = CARTESIAN_POINT('',(91.977104,63.179283,0.));
#1583 = LINE('',#1584,#1585);
#1584 = CARTESIAN_POINT('',(106.061874,63.179283,0.));
#1585 = VECTOR('',#1586,1.);
#1586 = DIRECTION('',(-1.,0.,0.));
#1587 = ORIENTED_EDGE('',*,*,#1588,.T.);
#1588 = EDGE_CURVE('',#1581,#1563,#1589,.T.);
#1589 = LINE('',#1590,#1591);
#1590 = CARTESIAN_POINT('',(91.977104,63.179283,0.));
#1591 = VECTOR('',#1592,1.);
#1592 = DIRECTION('',(0.,1.,0.));
#1593 = FACE_BOUND('',#1594,.F.);
#1594 = EDGE_LOOP('',(#1595,#1605,#1613,#1621));
#1595 = ORIENTED_EDGE('',*,*,#1596,.T.);
#1596 = EDGE_CURVE('',#1597,#1599,#1601,.T.);
#1597 = VERTEX_POINT('',#1598);
#1598 = CARTESIAN_POINT('',(111.274422,77.052162,0.));
#1599 = VERTEX_POINT('',#1600);
#1600 = CARTESIAN_POINT('',(125.235641,77.052162,0.));
#1601 = LINE('',#1602,#1603);
#1602 = CARTESIAN_POINT('',(111.274422,77.052162,0.));
#1603 = VECTOR('',#1604,1.);
#1604 = DIRECTION('',(1.,0.,0.));
#1605 = ORIENTED_EDGE('',*,*,#1606,.T.);
#1606 = EDGE_CURVE('',#1599,#1607,#1609,.T.);
#1607 = VERTEX_POINT('',#1608);
#1608 = CARTESIAN_POINT('',(125.235641,63.152721,0.));
#1609 = LINE('',#1610,#1611);
#1610 = CARTESIAN_POINT('',(125.235641,77.052162,0.));
#1611 = VECTOR('',#1612,1.);
#1612 = DIRECTION('',(0.,-1.,0.));
#1613 = ORIENTED_EDGE('',*,*,#1614,.T.);
#1614 = EDGE_CURVE('',#1607,#1615,#1617,.T.);
#1615 = VERTEX_POINT('',#1616);
#1616 = CARTESIAN_POINT('',(111.274422,63.152721,0.));
#1617 = LINE('',#1618,#1619);
#1618 = CARTESIAN_POINT('',(125.235641,63.152721,0.));
#1619 = VECTOR('',#1620,1.);
#1620 = DIRECTION('',(-1.,0.,0.));
#1621 = ORIENTED_EDGE('',*,*,#1622,.T.);
#1622 = EDGE_CURVE('',#1615,#1597,#1623,.T.);
#1623 = LINE('',#1624,#1625);
#1624 = CARTESIAN_POINT('',(111.274422,63.152721,0.));
#1625 = VECTOR('',#1626,1.);
#1626 = DIRECTION('',(0.,1.,0.));
#1627 = FACE_BOUND('',#1628,.F.);
#1628 = EDGE_LOOP('',(#1629,#1639,#1647,#1655));
#1629 = ORIENTED_EDGE('',*,*,#1630,.T.);
#1630 = EDGE_CURVE('',#1631,#1633,#1635,.T.);
#1631 = VERTEX_POINT('',#1632);
#1632 = CARTESIAN_POINT('',(130.239441,77.23748,0.));
#1633 = VERTEX_POINT('',#1634);
#1634 = CARTESIAN_POINT('',(144.447754,77.23748,0.));
#1635 = LINE('',#1636,#1637);
#1636 = CARTESIAN_POINT('',(130.239441,77.23748,0.));
#1637 = VECTOR('',#1638,1.);
#1638 = DIRECTION('',(1.,0.,0.));
#1639 = ORIENTED_EDGE('',*,*,#1640,.T.);
#1640 = EDGE_CURVE('',#1633,#1641,#1643,.T.);
#1641 = VERTEX_POINT('',#1642);
#1642 = CARTESIAN_POINT('',(144.447754,63.214493,0.));
#1643 = LINE('',#1644,#1645);
#1644 = CARTESIAN_POINT('',(144.447754,77.23748,0.));
#1645 = VECTOR('',#1646,1.);
#1646 = DIRECTION('',(0.,-1.,0.));
#1647 = ORIENTED_EDGE('',*,*,#1648,.T.);
#1648 = EDGE_CURVE('',#1641,#1649,#1651,.T.);
#1649 = VERTEX_POINT('',#1650);
#1650 = CARTESIAN_POINT('',(130.239441,63.214493,0.));
#1651 = LINE('',#1652,#1653);
#1652 = CARTESIAN_POINT('',(144.447754,63.214493,0.));
#1653 = VECTOR('',#1654,1.);
#1654 = DIRECTION('',(-1.,0.,0.));
#1655 = ORIENTED_EDGE('',*,*,#1656,.T.);
#1656 = EDGE_CURVE('',#1649,#1631,#1657,.T.);
#1657 = LINE('',#1658,#1659);
#1658 = CARTESIAN_POINT('',(130.239441,63.214493,0.));
#1659 = VECTOR('',#1660,1.);
#1660 = DIRECTION('',(0.,1.,0.));
#1661 = FACE_BOUND('',#1662,.F.);
#1662 = EDGE_LOOP('',(#1663,#1673,#1681,#1689));
#1663 = ORIENTED_EDGE('',*,*,#1664,.T.);
#1664 = EDGE_CURVE('',#1665,#1667,#1669,.T.);
#1665 = VERTEX_POINT('',#1666);
#1666 = CARTESIAN_POINT('',(5.965772,96.749092,0.));
#1667 = VERTEX_POINT('',#1668);
#1668 = CARTESIAN_POINT('',(20.190042,96.749092,0.));
#1669 = LINE('',#1670,#1671);
#1670 = CARTESIAN_POINT('',(5.965772,96.749092,0.));
#1671 = VECTOR('',#1672,1.);
#1672 = DIRECTION('',(1.,0.,0.));
#1673 = ORIENTED_EDGE('',*,*,#1674,.T.);
#1674 = EDGE_CURVE('',#1667,#1675,#1677,.T.);
#1675 = VERTEX_POINT('',#1676);
#1676 = CARTESIAN_POINT('',(20.190042,82.700844,0.));
#1677 = LINE('',#1678,#1679);
#1678 = CARTESIAN_POINT('',(20.190042,96.749092,0.));
#1679 = VECTOR('',#1680,1.);
#1680 = DIRECTION('',(0.,-1.,0.));
#1681 = ORIENTED_EDGE('',*,*,#1682,.T.);
#1682 = EDGE_CURVE('',#1675,#1683,#1685,.T.);
#1683 = VERTEX_POINT('',#1684);
#1684 = CARTESIAN_POINT('',(5.965772,82.700844,0.));
#1685 = LINE('',#1686,#1687);
#1686 = CARTESIAN_POINT('',(20.190042,82.700844,0.));
#1687 = VECTOR('',#1688,1.);
#1688 = DIRECTION('',(-1.,0.,0.));
#1689 = ORIENTED_EDGE('',*,*,#1690,.T.);
#1690 = EDGE_CURVE('',#1683,#1665,#1691,.T.);
#1691 = LINE('',#1692,#1693);
#1692 = CARTESIAN_POINT('',(5.965772,82.700844,0.));
#1693 = VECTOR('',#1694,1.);
#1694 = DIRECTION('',(0.,1.,0.));
#1695 = FACE_BOUND('',#1696,.F.);
#1696 = EDGE_LOOP('',(#1697,#1707,#1715,#1723));
#1697 = ORIENTED_EDGE('',*,*,#1698,.T.);
#1698 = EDGE_CURVE('',#1699,#1701,#1703,.T.);
#1699 = VERTEX_POINT('',#1700);
#1700 = CARTESIAN_POINT('',(24.717196,96.749084,0.));
#1701 = VERTEX_POINT('',#1702);
#1702 = CARTESIAN_POINT('',(38.977734,96.749084,0.));
#1703 = LINE('',#1704,#1705);
#1704 = CARTESIAN_POINT('',(24.717196,96.749084,0.));
#1705 = VECTOR('',#1706,1.);
#1706 = DIRECTION('',(1.,0.,0.));
#1707 = ORIENTED_EDGE('',*,*,#1708,.T.);
#1708 = EDGE_CURVE('',#1701,#1709,#1711,.T.);
#1709 = VERTEX_POINT('',#1710);
#1710 = CARTESIAN_POINT('',(38.977734,82.488556,0.));
#1711 = LINE('',#1712,#1713);
#1712 = CARTESIAN_POINT('',(38.977734,96.749084,0.));
#1713 = VECTOR('',#1714,1.);
#1714 = DIRECTION('',(0.,-1.,0.));
#1715 = ORIENTED_EDGE('',*,*,#1716,.T.);
#1716 = EDGE_CURVE('',#1709,#1717,#1719,.T.);
#1717 = VERTEX_POINT('',#1718);
#1718 = CARTESIAN_POINT('',(24.717196,82.488556,0.));
#1719 = LINE('',#1720,#1721);
#1720 = CARTESIAN_POINT('',(38.977734,82.488556,0.));
#1721 = VECTOR('',#1722,1.);
#1722 = DIRECTION('',(-1.,0.,0.));
#1723 = ORIENTED_EDGE('',*,*,#1724,.T.);
#1724 = EDGE_CURVE('',#1717,#1699,#1725,.T.);
#1725 = LINE('',#1726,#1727);
#1726 = CARTESIAN_POINT('',(24.717196,82.488556,0.));
#1727 = VECTOR('',#1728,1.);
#1728 = DIRECTION('',(0.,1.,0.));
#1729 = FACE_BOUND('',#1730,.F.);
#1730 = EDGE_LOOP('',(#1731,#1741,#1749,#1757));
#1731 = ORIENTED_EDGE('',*,*,#1732,.T.);
#1732 = EDGE_CURVE('',#1733,#1735,#1737,.T.);
#1733 = VERTEX_POINT('',#1734);
#1734 = CARTESIAN_POINT('',(43.74028,96.578804,0.));
#1735 = VERTEX_POINT('',#1736);
#1736 = CARTESIAN_POINT('',(57.849911,96.578804,0.));
#1737 = LINE('',#1738,#1739);
#1738 = CARTESIAN_POINT('',(43.74028,96.578804,0.));
#1739 = VECTOR('',#1740,1.);
#1740 = DIRECTION('',(1.,0.,0.));
#1741 = ORIENTED_EDGE('',*,*,#1742,.T.);
#1742 = EDGE_CURVE('',#1735,#1743,#1745,.T.);
#1743 = VERTEX_POINT('',#1744);
#1744 = CARTESIAN_POINT('',(57.849911,82.393723,0.));
#1745 = LINE('',#1746,#1747);
#1746 = CARTESIAN_POINT('',(57.849911,96.578804,0.));
#1747 = VECTOR('',#1748,1.);
#1748 = DIRECTION('',(0.,-1.,0.));
#1749 = ORIENTED_EDGE('',*,*,#1750,.T.);
#1750 = EDGE_CURVE('',#1743,#1751,#1753,.T.);
#1751 = VERTEX_POINT('',#1752);
#1752 = CARTESIAN_POINT('',(43.74028,82.393723,0.));
#1753 = LINE('',#1754,#1755);
#1754 = CARTESIAN_POINT('',(57.849911,82.393723,0.));
#1755 = VECTOR('',#1756,1.);
#1756 = DIRECTION('',(-1.,0.,0.));
#1757 = ORIENTED_EDGE('',*,*,#1758,.T.);
#1758 = EDGE_CURVE('',#1751,#1733,#1759,.T.);
#1759 = LINE('',#1760,#1761);
#1760 = CARTESIAN_POINT('',(43.74028,82.393723,0.));
#1761 = VECTOR('',#1762,1.);
#1762 = DIRECTION('',(0.,1.,0.));
#1763 = FACE_BOUND('',#1764,.F.);
#1764 = EDGE_LOOP('',(#1765,#1775,#1783,#1791));
#1765 = ORIENTED_EDGE('',*,*,#1766,.T.);
#1766 = EDGE_CURVE('',#1767,#1769,#1771,.T.);
#1767 = VERTEX_POINT('',#1768);
#1768 = CARTESIAN_POINT('',(62.989738,96.652122,0.));
#1769 = VERTEX_POINT('',#1770);
#1770 = CARTESIAN_POINT('',(77.366386,96.652122,0.));
#1771 = LINE('',#1772,#1773);
#1772 = CARTESIAN_POINT('',(62.989738,96.652122,0.));
#1773 = VECTOR('',#1774,1.);
#1774 = DIRECTION('',(1.,0.,0.));
#1775 = ORIENTED_EDGE('',*,*,#1776,.T.);
#1776 = EDGE_CURVE('',#1769,#1777,#1779,.T.);
#1777 = VERTEX_POINT('',#1778);
#1778 = CARTESIAN_POINT('',(77.366386,82.459801,0.));
#1779 = LINE('',#1780,#1781);
#1780 = CARTESIAN_POINT('',(77.366386,96.652122,0.));
#1781 = VECTOR('',#1782,1.);
#1782 = DIRECTION('',(0.,-1.,0.));
#1783 = ORIENTED_EDGE('',*,*,#1784,.T.);
#1784 = EDGE_CURVE('',#1777,#1785,#1787,.T.);
#1785 = VERTEX_POINT('',#1786);
#1786 = CARTESIAN_POINT('',(62.989738,82.459801,0.));
#1787 = LINE('',#1788,#1789);
#1788 = CARTESIAN_POINT('',(77.366386,82.459801,0.));
#1789 = VECTOR('',#1790,1.);
#1790 = DIRECTION('',(-1.,0.,0.));
#1791 = ORIENTED_EDGE('',*,*,#1792,.T.);
#1792 = EDGE_CURVE('',#1785,#1767,#1793,.T.);
#1793 = LINE('',#1794,#1795);
#1794 = CARTESIAN_POINT('',(62.989738,82.459801,0.));
#1795 = VECTOR('',#1796,1.);
#1796 = DIRECTION('',(0.,1.,0.));
#1797 = FACE_BOUND('',#1798,.F.);
#1798 = EDGE_LOOP('',(#1799,#1809,#1817,#1825));
#1799 = ORIENTED_EDGE('',*,*,#1800,.T.);
#1800 = EDGE_CURVE('',#1801,#1803,#1805,.T.);
#1801 = VERTEX_POINT('',#1802);
#1802 = CARTESIAN_POINT('',(82.527229,96.559959,0.));
#1803 = VERTEX_POINT('',#1804);
#1804 = CARTESIAN_POINT('',(96.627403,96.559959,0.));
#1805 = LINE('',#1806,#1807);
#1806 = CARTESIAN_POINT('',(82.527229,96.559959,0.));
#1807 = VECTOR('',#1808,1.);
#1808 = DIRECTION('',(1.,0.,0.));
#1809 = ORIENTED_EDGE('',*,*,#1810,.T.);
#1810 = EDGE_CURVE('',#1803,#1811,#1813,.T.);
#1811 = VERTEX_POINT('',#1812);
#1812 = CARTESIAN_POINT('',(96.627403,82.551956,0.));
#1813 = LINE('',#1814,#1815);
#1814 = CARTESIAN_POINT('',(96.627403,96.559959,0.));
#1815 = VECTOR('',#1816,1.);
#1816 = DIRECTION('',(0.,-1.,0.));
#1817 = ORIENTED_EDGE('',*,*,#1818,.T.);
#1818 = EDGE_CURVE('',#1811,#1819,#1821,.T.);
#1819 = VERTEX_POINT('',#1820);
#1820 = CARTESIAN_POINT('',(82.527229,82.551956,0.));
#1821 = LINE('',#1822,#1823);
#1822 = CARTESIAN_POINT('',(96.627403,82.551956,0.));
#1823 = VECTOR('',#1824,1.);
#1824 = DIRECTION('',(-1.,0.,0.));
#1825 = ORIENTED_EDGE('',*,*,#1826,.T.);
#1826 = EDGE_CURVE('',#1819,#1801,#1827,.T.);
#1827 = LINE('',#1828,#1829);
#1828 = CARTESIAN_POINT('',(82.527229,82.551956,0.));
#1829 = VECTOR('',#1830,1.);
#1830 = DIRECTION('',(0.,1.,0.));
#1831 = FACE_BOUND('',#1832,.F.);
#1832 = EDGE_LOOP('',(#1833,#1843,#1851,#1859));
#1833 = ORIENTED_EDGE('',*,*,#1834,.T.);
#1834 = EDGE_CURVE('',#1835,#1837,#1839,.T.);
#1835 = VERTEX_POINT('',#1836);
#1836 = CARTESIAN_POINT('',(101.333855,96.588234,0.));
#1837 = VERTEX_POINT('',#1838);
#1838 = CARTESIAN_POINT('',(115.519264,96.588234,0.));
#1839 = LINE('',#1840,#1841);
#1840 = CARTESIAN_POINT('',(101.333855,96.588234,0.));
#1841 = VECTOR('',#1842,1.);
#1842 = DIRECTION('',(1.,0.,0.));
#1843 = ORIENTED_EDGE('',*,*,#1844,.T.);
#1844 = EDGE_CURVE('',#1837,#1845,#1847,.T.);
#1845 = VERTEX_POINT('',#1846);
#1846 = CARTESIAN_POINT('',(115.519264,82.6064,0.));
#1847 = LINE('',#1848,#1849);
#1848 = CARTESIAN_POINT('',(115.519264,96.588234,0.));
#1849 = VECTOR('',#1850,1.);
#1850 = DIRECTION('',(0.,-1.,0.));
#1851 = ORIENTED_EDGE('',*,*,#1852,.T.);
#1852 = EDGE_CURVE('',#1845,#1853,#1855,.T.);
#1853 = VERTEX_POINT('',#1854);
#1854 = CARTESIAN_POINT('',(101.333855,82.6064,0.));
#1855 = LINE('',#1856,#1857);
#1856 = CARTESIAN_POINT('',(115.519264,82.6064,0.));
#1857 = VECTOR('',#1858,1.);
#1858 = DIRECTION('',(-1.,0.,0.));
#1859 = ORIENTED_EDGE('',*,*,#1860,.T.);
#1860 = EDGE_CURVE('',#1853,#1835,#1861,.T.);
#1861 = LINE('',#1862,#1863);
#1862 = CARTESIAN_POINT('',(101.333855,82.6064,0.));
#1863 = VECTOR('',#1864,1.);
#1864 = DIRECTION('',(0.,1.,0.));
#1865 = FACE_BOUND('',#1866,.F.);
#1866 = EDGE_LOOP('',(#1867,#1877,#1885,#1893));
#1867 = ORIENTED_EDGE('',*,*,#1868,.T.);
#1868 = EDGE_CURVE('',#1869,#1871,#1873,.T.);
#1869 = VERTEX_POINT('',#1870);
#1870 = CARTESIAN_POINT('',(120.523056,96.526459,0.));
#1871 = VERTEX_POINT('',#1872);
#1872 = CARTESIAN_POINT('',(134.669617,96.526459,0.));
#1873 = LINE('',#1874,#1875);
#1874 = CARTESIAN_POINT('',(120.523056,96.526459,0.));
#1875 = VECTOR('',#1876,1.);
#1876 = DIRECTION('',(1.,0.,0.));
#1877 = ORIENTED_EDGE('',*,*,#1878,.T.);
#1878 = EDGE_CURVE('',#1871,#1879,#1881,.T.);
#1879 = VERTEX_POINT('',#1880);
#1880 = CARTESIAN_POINT('',(134.669617,82.503464,0.));
#1881 = LINE('',#1882,#1883);
#1882 = CARTESIAN_POINT('',(134.669617,96.526459,0.));
#1883 = VECTOR('',#1884,1.);
#1884 = DIRECTION('',(0.,-1.,0.));
#1885 = ORIENTED_EDGE('',*,*,#1886,.T.);
#1886 = EDGE_CURVE('',#1879,#1887,#1889,.T.);
#1887 = VERTEX_POINT('',#1888);
#1888 = CARTESIAN_POINT('',(120.523056,82.503464,0.));
#1889 = LINE('',#1890,#1891);
#1890 = CARTESIAN_POINT('',(134.669617,82.503464,0.));
#1891 = VECTOR('',#1892,1.);
#1892 = DIRECTION('',(-1.,0.,0.));
#1893 = ORIENTED_EDGE('',*,*,#1894,.T.);
#1894 = EDGE_CURVE('',#1887,#1869,#1895,.T.);
#1895 = LINE('',#1896,#1897);
#1896 = CARTESIAN_POINT('',(120.523056,82.503464,0.));
#1897 = VECTOR('',#1898,1.);
#1898 = DIRECTION('',(0.,1.,0.));
#1899 = FACE_BOUND('',#1900,.F.);
#1900 = EDGE_LOOP('',(#1901,#1911,#1919,#1927));
#1901 = ORIENTED_EDGE('',*,*,#1902,.T.);
#1902 = EDGE_CURVE('',#1903,#1905,#1907,.T.);
#1903 = VERTEX_POINT('',#1904);
#1904 = CARTESIAN_POINT('',(139.910248,96.681137,0.));
#1905 = VERTEX_POINT('',#1906);
#1906 = CARTESIAN_POINT('',(154.019882,96.681137,0.));
#1907 = LINE('',#1908,#1909);
#1908 = CARTESIAN_POINT('',(139.910248,96.681137,0.));
#1909 = VECTOR('',#1910,1.);
#1910 = DIRECTION('',(1.,0.,0.));
#1911 = ORIENTED_EDGE('',*,*,#1912,.T.);
#1912 = EDGE_CURVE('',#1905,#1913,#1915,.T.);
#1913 = VERTEX_POINT('',#1914);
#1914 = CARTESIAN_POINT('',(154.019882,82.646973,0.));
#1915 = LINE('',#1916,#1917);
#1916 = CARTESIAN_POINT('',(154.019882,96.681137,0.));
#1917 = VECTOR('',#1918,1.);
#1918 = DIRECTION('',(0.,-1.,0.));
#1919 = ORIENTED_EDGE('',*,*,#1920,.T.);
#1920 = EDGE_CURVE('',#1913,#1921,#1923,.T.);
#1921 = VERTEX_POINT('',#1922);
#1922 = CARTESIAN_POINT('',(139.910248,82.646973,0.));
#1923 = LINE('',#1924,#1925);
#1924 = CARTESIAN_POINT('',(154.019882,82.646973,0.));
#1925 = VECTOR('',#1926,1.);
#1926 = DIRECTION('',(-1.,0.,0.));
#1927 = ORIENTED_EDGE('',*,*,#1928,.T.);
#1928 = EDGE_CURVE('',#1921,#1903,#1929,.T.);
#1929 = LINE('',#1930,#1931);
#1930 = CARTESIAN_POINT('',(139.910248,82.646973,0.));
#1931 = VECTOR('',#1932,1.);
#1932 = DIRECTION('',(0.,1.,0.));
#1933 = FACE_BOUND('',#1934,.F.);
#1934 = EDGE_LOOP('',(#1935,#1945,#1953,#1961));
#1935 = ORIENTED_EDGE('',*,*,#1936,.T.);
#1936 = EDGE_CURVE('',#1937,#1939,#1941,.T.);
#1937 = VERTEX_POINT('',#1938);
#1938 = CARTESIAN_POINT('',(149.269333,77.132454,0.));
#1939 = VERTEX_POINT('',#1940);
#1940 = CARTESIAN_POINT('',(163.281311,77.132454,0.));
#1941 = LINE('',#1942,#1943);
#1942 = CARTESIAN_POINT('',(149.269333,77.132454,0.));
#1943 = VECTOR('',#1944,1.);
#1944 = DIRECTION('',(1.,0.,0.));
#1945 = ORIENTED_EDGE('',*,*,#1946,.T.);
#1946 = EDGE_CURVE('',#1939,#1947,#1949,.T.);
#1947 = VERTEX_POINT('',#1948);
#1948 = CARTESIAN_POINT('',(163.281311,63.09465,0.));
#1949 = LINE('',#1950,#1951);
#1950 = CARTESIAN_POINT('',(163.281311,77.132454,0.));
#1951 = VECTOR('',#1952,1.);
#1952 = DIRECTION('',(0.,-1.,0.));
#1953 = ORIENTED_EDGE('',*,*,#1954,.T.);
#1954 = EDGE_CURVE('',#1947,#1955,#1957,.T.);
#1955 = VERTEX_POINT('',#1956);
#1956 = CARTESIAN_POINT('',(149.269333,63.09465,0.));
#1957 = LINE('',#1958,#1959);
#1958 = CARTESIAN_POINT('',(163.281311,63.09465,0.));
#1959 = VECTOR('',#1960,1.);
#1960 = DIRECTION('',(-1.,0.,0.));
#1961 = ORIENTED_EDGE('',*,*,#1962,.T.);
#1962 = EDGE_CURVE('',#1955,#1937,#1963,.T.);
#1963 = LINE('',#1964,#1965);
#1964 = CARTESIAN_POINT('',(149.269333,63.09465,0.));
#1965 = VECTOR('',#1966,1.);
#1966 = DIRECTION('',(0.,1.,0.));
#1967 = FACE_BOUND('',#1968,.F.);
#1968 = EDGE_LOOP('',(#1969,#1979,#1987,#1995));
#1969 = ORIENTED_EDGE('',*,*,#1970,.T.);
#1970 = EDGE_CURVE('',#1971,#1973,#1975,.T.);
#1971 = VERTEX_POINT('',#1972);
#1972 = CARTESIAN_POINT('',(168.082657,77.114143,0.));
#1973 = VERTEX_POINT('',#1974);
#1974 = CARTESIAN_POINT('',(182.192291,77.114143,0.));
#1975 = LINE('',#1976,#1977);
#1976 = CARTESIAN_POINT('',(168.082657,77.114143,0.));
#1977 = VECTOR('',#1978,1.);
#1978 = DIRECTION('',(1.,0.,0.));
#1979 = ORIENTED_EDGE('',*,*,#1980,.T.);
#1980 = EDGE_CURVE('',#1973,#1981,#1983,.T.);
#1981 = VERTEX_POINT('',#1982);
#1982 = CARTESIAN_POINT('',(182.192291,63.155422,0.));
#1983 = LINE('',#1984,#1985);
#1984 = CARTESIAN_POINT('',(182.192291,77.114143,0.));
#1985 = VECTOR('',#1986,1.);
#1986 = DIRECTION('',(0.,-1.,0.));
#1987 = ORIENTED_EDGE('',*,*,#1988,.T.);
#1988 = EDGE_CURVE('',#1981,#1989,#1991,.T.);
#1989 = VERTEX_POINT('',#1990);
#1990 = CARTESIAN_POINT('',(168.082657,63.155422,0.));
#1991 = LINE('',#1992,#1993);
#1992 = CARTESIAN_POINT('',(182.192291,63.155422,0.));
#1993 = VECTOR('',#1994,1.);
#1994 = DIRECTION('',(-1.,0.,0.));
#1995 = ORIENTED_EDGE('',*,*,#1996,.T.);
#1996 = EDGE_CURVE('',#1989,#1971,#1997,.T.);
#1997 = LINE('',#1998,#1999);
#1998 = CARTESIAN_POINT('',(168.082657,63.155422,0.));
#1999 = VECTOR('',#2000,1.);
#2000 = DIRECTION('',(0.,1.,0.));
#2001 = FACE_BOUND('',#2002,.F.);
#2002 = EDGE_LOOP('',(#2003,#2013,#2021,#2029));
#2003 = ORIENTED_EDGE('',*,*,#2004,.T.);
#2004 = EDGE_CURVE('',#2005,#2007,#2009,.T.);
#2005 = VERTEX_POINT('',#2006);
#2006 = CARTESIAN_POINT('',(186.945801,77.265038,0.));
#2007 = VERTEX_POINT('',#2008);
#2008 = CARTESIAN_POINT('',(201.130875,77.265038,0.));
#2009 = LINE('',#2010,#2011);
#2010 = CARTESIAN_POINT('',(186.945801,77.265038,0.));
#2011 = VECTOR('',#2012,1.);
#2012 = DIRECTION('',(1.,0.,0.));
#2013 = ORIENTED_EDGE('',*,*,#2014,.T.);
#2014 = EDGE_CURVE('',#2007,#2015,#2017,.T.);
#2015 = VERTEX_POINT('',#2016);
#2016 = CARTESIAN_POINT('',(201.130875,63.155415,0.));
#2017 = LINE('',#2018,#2019);
#2018 = CARTESIAN_POINT('',(201.130875,77.265038,0.));
#2019 = VECTOR('',#2020,1.);
#2020 = DIRECTION('',(0.,-1.,0.));
#2021 = ORIENTED_EDGE('',*,*,#2022,.T.);
#2022 = EDGE_CURVE('',#2015,#2023,#2025,.T.);
#2023 = VERTEX_POINT('',#2024);
#2024 = CARTESIAN_POINT('',(186.945801,63.155415,0.));
#2025 = LINE('',#2026,#2027);
#2026 = CARTESIAN_POINT('',(201.130875,63.155415,0.));
#2027 = VECTOR('',#2028,1.);
#2028 = DIRECTION('',(-1.,0.,0.));
#2029 = ORIENTED_EDGE('',*,*,#2030,.T.);
#2030 = EDGE_CURVE('',#2023,#2005,#2031,.T.);
#2031 = LINE('',#2032,#2033);
#2032 = CARTESIAN_POINT('',(186.945801,63.155415,0.));
#2033 = VECTOR('',#2034,1.);
#2034 = DIRECTION('',(0.,1.,0.));
#2035 = FACE_BOUND('',#2036,.F.);
#2036 = EDGE_LOOP('',(#2037,#2047,#2055,#2063));
#2037 = ORIENTED_EDGE('',*,*,#2038,.T.);
#2038 = EDGE_CURVE('',#2039,#2041,#2043,.T.);
#2039 = VERTEX_POINT('',#2040);
#2040 = CARTESIAN_POINT('',(205.940933,77.345016,0.));
#2041 = VERTEX_POINT('',#2042);
#2042 = CARTESIAN_POINT('',(220.025711,77.345016,0.));
#2043 = LINE('',#2044,#2045);
#2044 = CARTESIAN_POINT('',(205.940933,77.345016,0.));
#2045 = VECTOR('',#2046,1.);
#2046 = DIRECTION('',(1.,0.,0.));
#2047 = ORIENTED_EDGE('',*,*,#2048,.T.);
#2048 = EDGE_CURVE('',#2041,#2049,#2051,.T.);
#2049 = VERTEX_POINT('',#2050);
#2050 = CARTESIAN_POINT('',(220.025711,63.198467,0.));
#2051 = LINE('',#2052,#2053);
#2052 = CARTESIAN_POINT('',(220.025711,77.345016,0.));
#2053 = VECTOR('',#2054,1.);
#2054 = DIRECTION('',(0.,-1.,0.));
#2055 = ORIENTED_EDGE('',*,*,#2056,.T.);
#2056 = EDGE_CURVE('',#2049,#2057,#2059,.T.);
#2057 = VERTEX_POINT('',#2058);
#2058 = CARTESIAN_POINT('',(205.940933,63.198467,0.));
#2059 = LINE('',#2060,#2061);
#2060 = CARTESIAN_POINT('',(220.025711,63.198467,0.));
#2061 = VECTOR('',#2062,1.);
#2062 = DIRECTION('',(-1.,0.,0.));
#2063 = ORIENTED_EDGE('',*,*,#2064,.T.);
#2064 = EDGE_CURVE('',#2057,#2039,#2065,.T.);
#2065 = LINE('',#2066,#2067);
#2066 = CARTESIAN_POINT('',(205.940933,63.198467,0.));
#2067 = VECTOR('',#2068,1.);
#2068 = DIRECTION('',(0.,1.,0.));
#2069 = FACE_BOUND('',#2070,.F.);
#2070 = EDGE_LOOP('',(#2071,#2081,#2089,#2097));
#2071 = ORIENTED_EDGE('',*,*,#2072,.T.);
#2072 = EDGE_CURVE('',#2073,#2075,#2077,.T.);
#2073 = VERTEX_POINT('',#2074);
#2074 = CARTESIAN_POINT('',(224.895493,77.09742,0.));
#2075 = VERTEX_POINT('',#2076);
#2076 = CARTESIAN_POINT('',(239.227371,77.09742,0.));
#2077 = LINE('',#2078,#2079);
#2078 = CARTESIAN_POINT('',(224.895493,77.09742,0.));
#2079 = VECTOR('',#2080,1.);
#2080 = DIRECTION('',(1.,0.,0.));
#2081 = ORIENTED_EDGE('',*,*,#2082,.T.);
#2082 = EDGE_CURVE('',#2075,#2083,#2085,.T.);
#2083 = VERTEX_POINT('',#2084);
#2084 = CARTESIAN_POINT('',(239.227371,63.1362,0.));
#2085 = LINE('',#2086,#2087);
#2086 = CARTESIAN_POINT('',(239.227371,77.09742,0.));
#2087 = VECTOR('',#2088,1.);
#2088 = DIRECTION('',(0.,-1.,0.));
#2089 = ORIENTED_EDGE('',*,*,#2090,.T.);
#2090 = EDGE_CURVE('',#2083,#2091,#2093,.T.);
#2091 = VERTEX_POINT('',#2092);
#2092 = CARTESIAN_POINT('',(224.895493,63.1362,0.));
#2093 = LINE('',#2094,#2095);
#2094 = CARTESIAN_POINT('',(239.227371,63.1362,0.));
#2095 = VECTOR('',#2096,1.);
#2096 = DIRECTION('',(-1.,0.,0.));
#2097 = ORIENTED_EDGE('',*,*,#2098,.T.);
#2098 = EDGE_CURVE('',#2091,#2073,#2099,.T.);
#2099 = LINE('',#2100,#2101);
#2100 = CARTESIAN_POINT('',(224.895493,63.1362,0.));
#2101 = VECTOR('',#2102,1.);
#2102 = DIRECTION('',(0.,1.,0.));
#2103 = FACE_BOUND('',#2104,.F.);
#2104 = EDGE_LOOP('',(#2105,#2115,#2123,#2131));
#2105 = ORIENTED_EDGE('',*,*,#2106,.T.);
#2106 = EDGE_CURVE('',#2107,#2109,#2111,.T.);
#2107 = VERTEX_POINT('',#2108);
#2108 = CARTESIAN_POINT('',(243.887711,77.245056,0.));
#2109 = VERTEX_POINT('',#2110);
#2110 = CARTESIAN_POINT('',(258.183075,77.245056,0.));
#2111 = LINE('',#2112,#2113);
#2112 = CARTESIAN_POINT('',(243.887711,77.245056,0.));
#2113 = VECTOR('',#2114,1.);
#2114 = DIRECTION('',(1.,0.,0.));
#2115 = ORIENTED_EDGE('',*,*,#2116,.T.);
#2116 = EDGE_CURVE('',#2109,#2117,#2119,.T.);
#2117 = VERTEX_POINT('',#2118);
#2118 = CARTESIAN_POINT('',(258.183075,62.949707,0.));
#2119 = LINE('',#2120,#2121);
#2120 = CARTESIAN_POINT('',(258.183075,77.245056,0.));
#2121 = VECTOR('',#2122,1.);
#2122 = DIRECTION('',(0.,-1.,0.));
#2123 = ORIENTED_EDGE('',*,*,#2124,.T.);
#2124 = EDGE_CURVE('',#2117,#2125,#2127,.T.);
#2125 = VERTEX_POINT('',#2126);
#2126 = CARTESIAN_POINT('',(243.887711,62.949707,0.));
#2127 = LINE('',#2128,#2129);
#2128 = CARTESIAN_POINT('',(258.183075,62.949707,0.));
#2129 = VECTOR('',#2130,1.);
#2130 = DIRECTION('',(-1.,0.,0.));
#2131 = ORIENTED_EDGE('',*,*,#2132,.T.);
#2132 = EDGE_CURVE('',#2125,#2107,#2133,.T.);
#2133 = LINE('',#2134,#2135);
#2134 = CARTESIAN_POINT('',(243.887711,62.949707,0.));
#2135 = VECTOR('',#2136,1.);
#2136 = DIRECTION('',(0.,1.,0.));
#2137 = FACE_BOUND('',#2138,.F.);
#2138 = EDGE_LOOP('',(#2139,#2149,#2157,#2165));
#2139 = ORIENTED_EDGE('',*,*,#2140,.T.);
#2140 = EDGE_CURVE('',#2141,#2143,#2145,.T.);
#2141 = VERTEX_POINT('',#2142);
#2142 = CARTESIAN_POINT('',(289.700378,71.504395,0.));
#2143 = VERTEX_POINT('',#2144);
#2144 = CARTESIAN_POINT('',(303.658051,71.504395,0.));
#2145 = LINE('',#2146,#2147);
#2146 = CARTESIAN_POINT('',(289.700378,71.504395,0.));
#2147 = VECTOR('',#2148,1.);
#2148 = DIRECTION('',(1.,0.,0.));
#2149 = ORIENTED_EDGE('',*,*,#2150,.T.);
#2150 = EDGE_CURVE('',#2143,#2151,#2153,.T.);
#2151 = VERTEX_POINT('',#2152);
#2152 = CARTESIAN_POINT('',(303.658051,57.434166,0.));
#2153 = LINE('',#2154,#2155);
#2154 = CARTESIAN_POINT('',(303.658051,71.504395,0.));
#2155 = VECTOR('',#2156,1.);
#2156 = DIRECTION('',(0.,-1.,0.));
#2157 = ORIENTED_EDGE('',*,*,#2158,.T.);
#2158 = EDGE_CURVE('',#2151,#2159,#2161,.T.);
#2159 = VERTEX_POINT('',#2160);
#2160 = CARTESIAN_POINT('',(289.700378,57.434166,0.));
#2161 = LINE('',#2162,#2163);
#2162 = CARTESIAN_POINT('',(303.658051,57.434166,0.));
#2163 = VECTOR('',#2164,1.);
#2164 = DIRECTION('',(-1.,0.,0.));
#2165 = ORIENTED_EDGE('',*,*,#2166,.T.);
#2166 = EDGE_CURVE('',#2159,#2141,#2167,.T.);
#2167 = LINE('',#2168,#2169);
#2168 = CARTESIAN_POINT('',(289.700378,57.434166,0.));
#2169 = VECTOR('',#2170,1.);
#2170 = DIRECTION('',(0.,1.,0.));
#2171 = FACE_BOUND('',#2172,.F.);
#2172 = EDGE_LOOP('',(#2173,#2183,#2191,#2199));
#2173 = ORIENTED_EDGE('',*,*,#2174,.T.);
#2174 = EDGE_CURVE('',#2175,#2177,#2179,.T.);
#2175 = VERTEX_POINT('',#2176);
#2176 = CARTESIAN_POINT('',(263.023224,77.245056,0.));
#2177 = VERTEX_POINT('',#2178);
#2178 = CARTESIAN_POINT('',(277.431122,77.245056,0.));
#2179 = LINE('',#2180,#2181);
#2180 = CARTESIAN_POINT('',(263.023224,77.245056,0.));
#2181 = VECTOR('',#2182,1.);
#2182 = DIRECTION('',(1.,0.,0.));
#2183 = ORIENTED_EDGE('',*,*,#2184,.T.);
#2184 = EDGE_CURVE('',#2177,#2185,#2187,.T.);
#2185 = VERTEX_POINT('',#2186);
#2186 = CARTESIAN_POINT('',(277.431122,63.174828,0.));
#2187 = LINE('',#2188,#2189);
#2188 = CARTESIAN_POINT('',(277.431122,77.245056,0.));
#2189 = VECTOR('',#2190,1.);
#2190 = DIRECTION('',(0.,-1.,0.));
#2191 = ORIENTED_EDGE('',*,*,#2192,.T.);
#2192 = EDGE_CURVE('',#2185,#2193,#2195,.T.);
#2193 = VERTEX_POINT('',#2194);
#2194 = CARTESIAN_POINT('',(263.023224,63.174828,0.));
#2195 = LINE('',#2196,#2197);
#2196 = CARTESIAN_POINT('',(277.431122,63.174828,0.));
#2197 = VECTOR('',#2198,1.);
#2198 = DIRECTION('',(-1.,0.,0.));
#2199 = ORIENTED_EDGE('',*,*,#2200,.T.);
#2200 = EDGE_CURVE('',#2193,#2175,#2201,.T.);
#2201 = LINE('',#2202,#2203);
#2202 = CARTESIAN_POINT('',(263.023224,63.174828,0.));
#2203 = VECTOR('',#2204,1.);
#2204 = DIRECTION('',(0.,1.,0.));
#2205 = FACE_BOUND('',#2206,.F.);
#2206 = EDGE_LOOP('',(#2207,#2217,#2225,#2233));
#2207 = ORIENTED_EDGE('',*,*,#2208,.T.);
#2208 = EDGE_CURVE('',#2209,#2211,#2213,.T.);
#2209 = VERTEX_POINT('',#2210);
#2210 = CARTESIAN_POINT('',(158.848846,96.605682,0.));
#2211 = VERTEX_POINT('',#2212);
#2212 = CARTESIAN_POINT('',(172.958481,96.605682,0.));
#2213 = LINE('',#2214,#2215);
#2214 = CARTESIAN_POINT('',(158.848846,96.605682,0.));
#2215 = VECTOR('',#2216,1.);
#2216 = DIRECTION('',(1.,0.,0.));
#2217 = ORIENTED_EDGE('',*,*,#2218,.T.);
#2218 = EDGE_CURVE('',#2211,#2219,#2221,.T.);
#2219 = VERTEX_POINT('',#2220);
#2220 = CARTESIAN_POINT('',(172.958481,82.57151,0.));
#2221 = LINE('',#2222,#2223);
#2222 = CARTESIAN_POINT('',(172.958481,96.605682,0.));
#2223 = VECTOR('',#2224,1.);
#2224 = DIRECTION('',(0.,-1.,0.));
#2225 = ORIENTED_EDGE('',*,*,#2226,.T.);
#2226 = EDGE_CURVE('',#2219,#2227,#2229,.T.);
#2227 = VERTEX_POINT('',#2228);
#2228 = CARTESIAN_POINT('',(158.848846,82.57151,0.));
#2229 = LINE('',#2230,#2231);
#2230 = CARTESIAN_POINT('',(172.958481,82.57151,0.));
#2231 = VECTOR('',#2232,1.);
#2232 = DIRECTION('',(-1.,0.,0.));
#2233 = ORIENTED_EDGE('',*,*,#2234,.T.);
#2234 = EDGE_CURVE('',#2227,#2209,#2235,.T.);
#2235 = LINE('',#2236,#2237);
#2236 = CARTESIAN_POINT('',(158.848846,82.57151,0.));
#2237 = VECTOR('',#2238,1.);
#2238 = DIRECTION('',(0.,1.,0.));
#2239 = FACE_BOUND('',#2240,.F.);
#2240 = EDGE_LOOP('',(#2241,#2251,#2259,#2267));
#2241 = ORIENTED_EDGE('',*,*,#2242,.T.);
#2242 = EDGE_CURVE('',#2243,#2245,#2247,.T.);
#2243 = VERTEX_POINT('',#2244);
#2244 = CARTESIAN_POINT('',(177.668518,96.590424,0.));
#2245 = VERTEX_POINT('',#2246);
#2246 = CARTESIAN_POINT('',(191.769424,96.590424,0.));
#2247 = LINE('',#2248,#2249);
#2248 = CARTESIAN_POINT('',(177.668518,96.590424,0.));
#2249 = VECTOR('',#2250,1.);
#2250 = DIRECTION('',(1.,0.,0.));
#2251 = ORIENTED_EDGE('',*,*,#2252,.T.);
#2252 = EDGE_CURVE('',#2245,#2253,#2255,.T.);
#2253 = VERTEX_POINT('',#2254);
#2254 = CARTESIAN_POINT('',(191.769424,82.544876,0.));
#2255 = LINE('',#2256,#2257);
#2256 = CARTESIAN_POINT('',(191.769424,96.590424,0.));
#2257 = VECTOR('',#2258,1.);
#2258 = DIRECTION('',(0.,-1.,0.));
#2259 = ORIENTED_EDGE('',*,*,#2260,.T.);
#2260 = EDGE_CURVE('',#2253,#2261,#2263,.T.);
#2261 = VERTEX_POINT('',#2262);
#2262 = CARTESIAN_POINT('',(177.668518,82.544876,0.));
#2263 = LINE('',#2264,#2265);
#2264 = CARTESIAN_POINT('',(191.769424,82.544876,0.));
#2265 = VECTOR('',#2266,1.);
#2266 = DIRECTION('',(-1.,0.,0.));
#2267 = ORIENTED_EDGE('',*,*,#2268,.T.);
#2268 = EDGE_CURVE('',#2261,#2243,#2269,.T.);
#2269 = LINE('',#2270,#2271);
#2270 = CARTESIAN_POINT('',(177.668518,82.544876,0.));
#2271 = VECTOR('',#2272,1.);
#2272 = DIRECTION('',(0.,1.,0.));
#2273 = FACE_BOUND('',#2274,.F.);
#2274 = EDGE_LOOP('',(#2275,#2285,#2293,#2301));
#2275 = ORIENTED_EDGE('',*,*,#2276,.T.);
#2276 = EDGE_CURVE('',#2277,#2279,#2281,.T.);
#2277 = VERTEX_POINT('',#2278);
#2278 = CARTESIAN_POINT('',(196.574265,96.525505,0.));
#2279 = VERTEX_POINT('',#2280);
#2280 = CARTESIAN_POINT('',(210.60025,96.525505,0.));
#2281 = LINE('',#2282,#2283);
#2282 = CARTESIAN_POINT('',(196.574265,96.525505,0.));
#2283 = VECTOR('',#2284,1.);
#2284 = DIRECTION('',(1.,0.,0.));
#2285 = ORIENTED_EDGE('',*,*,#2286,.T.);
#2286 = EDGE_CURVE('',#2279,#2287,#2289,.T.);
#2287 = VERTEX_POINT('',#2288);
#2288 = CARTESIAN_POINT('',(210.60025,82.428772,0.));
#2289 = LINE('',#2290,#2291);
#2290 = CARTESIAN_POINT('',(210.60025,96.525505,0.));
#2291 = VECTOR('',#2292,1.);
#2292 = DIRECTION('',(0.,-1.,0.));
#2293 = ORIENTED_EDGE('',*,*,#2294,.T.);
#2294 = EDGE_CURVE('',#2287,#2295,#2297,.T.);
#2295 = VERTEX_POINT('',#2296);
#2296 = CARTESIAN_POINT('',(196.574265,82.428772,0.));
#2297 = LINE('',#2298,#2299);
#2298 = CARTESIAN_POINT('',(210.60025,82.428772,0.));
#2299 = VECTOR('',#2300,1.);
#2300 = DIRECTION('',(-1.,0.,0.));
#2301 = ORIENTED_EDGE('',*,*,#2302,.T.);
#2302 = EDGE_CURVE('',#2295,#2277,#2303,.T.);
#2303 = LINE('',#2304,#2305);
#2304 = CARTESIAN_POINT('',(196.574265,82.428772,0.));
#2305 = VECTOR('',#2306,1.);
#2306 = DIRECTION('',(0.,1.,0.));
#2307 = FACE_BOUND('',#2308,.F.);
#2308 = EDGE_LOOP('',(#2309,#2319,#2327,#2335));
#2309 = ORIENTED_EDGE('',*,*,#2310,.T.);
#2310 = EDGE_CURVE('',#2311,#2313,#2315,.T.);
#2311 = VERTEX_POINT('',#2312);
#2312 = CARTESIAN_POINT('',(215.526947,96.709267,0.));
#2313 = VERTEX_POINT('',#2314);
#2314 = CARTESIAN_POINT('',(229.606094,96.709267,0.));
#2315 = LINE('',#2316,#2317);
#2316 = CARTESIAN_POINT('',(215.526947,96.709267,0.));
#2317 = VECTOR('',#2318,1.);
#2318 = DIRECTION('',(1.,0.,0.));
#2319 = ORIENTED_EDGE('',*,*,#2320,.T.);
#2320 = EDGE_CURVE('',#2313,#2321,#2323,.T.);
#2321 = VERTEX_POINT('',#2322);
#2322 = CARTESIAN_POINT('',(229.606094,82.547318,0.));
#2323 = LINE('',#2324,#2325);
#2324 = CARTESIAN_POINT('',(229.606094,96.709267,0.));
#2325 = VECTOR('',#2326,1.);
#2326 = DIRECTION('',(0.,-1.,0.));
#2327 = ORIENTED_EDGE('',*,*,#2328,.T.);
#2328 = EDGE_CURVE('',#2321,#2329,#2331,.T.);
#2329 = VERTEX_POINT('',#2330);
#2330 = CARTESIAN_POINT('',(215.526947,82.547318,0.));
#2331 = LINE('',#2332,#2333);
#2332 = CARTESIAN_POINT('',(229.606094,82.547318,0.));
#2333 = VECTOR('',#2334,1.);
#2334 = DIRECTION('',(-1.,0.,0.));
#2335 = ORIENTED_EDGE('',*,*,#2336,.T.);
#2336 = EDGE_CURVE('',#2329,#2311,#2337,.T.);
#2337 = LINE('',#2338,#2339);
#2338 = CARTESIAN_POINT('',(215.526947,82.547318,0.));
#2339 = VECTOR('',#2340,1.);
#2340 = DIRECTION('',(0.,1.,0.));
#2341 = FACE_BOUND('',#2342,.F.);
#2342 = EDGE_LOOP('',(#2343,#2353,#2361,#2369));
#2343 = ORIENTED_EDGE('',*,*,#2344,.T.);
#2344 = EDGE_CURVE('',#2345,#2347,#2349,.T.);
#2345 = VERTEX_POINT('',#2346);
#2346 = CARTESIAN_POINT('',(234.556747,96.56398,0.));
#2347 = VERTEX_POINT('',#2348);
#2348 = CARTESIAN_POINT('',(248.532379,96.56398,0.));
#2349 = LINE('',#2350,#2351);
#2350 = CARTESIAN_POINT('',(234.556747,96.56398,0.));
#2351 = VECTOR('',#2352,1.);
#2352 = DIRECTION('',(1.,0.,0.));
#2353 = ORIENTED_EDGE('',*,*,#2354,.T.);
#2354 = EDGE_CURVE('',#2347,#2355,#2357,.T.);
#2355 = VERTEX_POINT('',#2356);
#2356 = CARTESIAN_POINT('',(248.532379,82.617279,0.));
#2357 = LINE('',#2358,#2359);
#2358 = CARTESIAN_POINT('',(248.532379,96.56398,0.));
#2359 = VECTOR('',#2360,1.);
#2360 = DIRECTION('',(0.,-1.,0.));
#2361 = ORIENTED_EDGE('',*,*,#2362,.T.);
#2362 = EDGE_CURVE('',#2355,#2363,#2365,.T.);
#2363 = VERTEX_POINT('',#2364);
#2364 = CARTESIAN_POINT('',(234.556747,82.617279,0.));
#2365 = LINE('',#2366,#2367);
#2366 = CARTESIAN_POINT('',(248.532379,82.617279,0.));
#2367 = VECTOR('',#2368,1.);
#2368 = DIRECTION('',(-1.,0.,0.));
#2369 = ORIENTED_EDGE('',*,*,#2370,.T.);
#2370 = EDGE_CURVE('',#2363,#2345,#2371,.T.);
#2371 = LINE('',#2372,#2373);
#2372 = CARTESIAN_POINT('',(234.556747,82.617279,0.));
#2373 = VECTOR('',#2374,1.);
#2374 = DIRECTION('',(0.,1.,0.));
#2375 = FACE_BOUND('',#2376,.F.);
#2376 = EDGE_LOOP('',(#2377,#2387,#2395,#2403));
#2377 = ORIENTED_EDGE('',*,*,#2378,.T.);
#2378 = EDGE_CURVE('',#2379,#2381,#2383,.T.);
#2379 = VERTEX_POINT('',#2380);
#2380 = CARTESIAN_POINT('',(253.729095,96.601868,0.));
#2381 = VERTEX_POINT('',#2382);
#2382 = CARTESIAN_POINT('',(267.612366,96.601868,0.));
#2383 = LINE('',#2384,#2385);
#2384 = CARTESIAN_POINT('',(253.729095,96.601868,0.));
#2385 = VECTOR('',#2386,1.);
#2386 = DIRECTION('',(1.,0.,0.));
#2387 = ORIENTED_EDGE('',*,*,#2388,.T.);
#2388 = EDGE_CURVE('',#2381,#2389,#2391,.T.);
#2389 = VERTEX_POINT('',#2390);
#2390 = CARTESIAN_POINT('',(267.612366,82.492256,0.));
#2391 = LINE('',#2392,#2393);
#2392 = CARTESIAN_POINT('',(267.612366,96.601868,0.));
#2393 = VECTOR('',#2394,1.);
#2394 = DIRECTION('',(0.,-1.,0.));
#2395 = ORIENTED_EDGE('',*,*,#2396,.T.);
#2396 = EDGE_CURVE('',#2389,#2397,#2399,.T.);
#2397 = VERTEX_POINT('',#2398);
#2398 = CARTESIAN_POINT('',(253.729095,82.492256,0.));
#2399 = LINE('',#2400,#2401);
#2400 = CARTESIAN_POINT('',(267.612366,82.492256,0.));
#2401 = VECTOR('',#2402,1.);
#2402 = DIRECTION('',(-1.,0.,0.));
#2403 = ORIENTED_EDGE('',*,*,#2404,.T.);
#2404 = EDGE_CURVE('',#2397,#2379,#2405,.T.);
#2405 = LINE('',#2406,#2407);
#2406 = CARTESIAN_POINT('',(253.729095,82.492256,0.));
#2407 = VECTOR('',#2408,1.);
#2408 = DIRECTION('',(0.,1.,0.));
#2409 = FACE_BOUND('',#2410,.F.);
#2410 = EDGE_LOOP('',(#2411,#2421,#2429,#2437));
#2411 = ORIENTED_EDGE('',*,*,#2412,.T.);
#2412 = EDGE_CURVE('',#2413,#2415,#2417,.T.);
#2413 = VERTEX_POINT('',#2414);
#2414 = CARTESIAN_POINT('',(277.409515,96.628792,0.));
#2415 = VERTEX_POINT('',#2416);
#2416 = CARTESIAN_POINT('',(291.556061,96.628792,0.));
#2417 = LINE('',#2418,#2419);
#2418 = CARTESIAN_POINT('',(277.409515,96.628792,0.));
#2419 = VECTOR('',#2420,1.);
#2420 = DIRECTION('',(1.,0.,0.));
#2421 = ORIENTED_EDGE('',*,*,#2422,.T.);
#2422 = EDGE_CURVE('',#2415,#2423,#2425,.T.);
#2423 = VERTEX_POINT('',#2424);
#2424 = CARTESIAN_POINT('',(291.556061,82.605812,0.));
#2425 = LINE('',#2426,#2427);
#2426 = CARTESIAN_POINT('',(291.556061,96.628792,0.));
#2427 = VECTOR('',#2428,1.);
#2428 = DIRECTION('',(0.,-1.,0.));
#2429 = ORIENTED_EDGE('',*,*,#2430,.T.);
#2430 = EDGE_CURVE('',#2423,#2431,#2433,.T.);
#2431 = VERTEX_POINT('',#2432);
#2432 = CARTESIAN_POINT('',(277.409515,82.605812,0.));
#2433 = LINE('',#2434,#2435);
#2434 = CARTESIAN_POINT('',(291.556061,82.605812,0.));
#2435 = VECTOR('',#2436,1.);
#2436 = DIRECTION('',(-1.,0.,0.));
#2437 = ORIENTED_EDGE('',*,*,#2438,.T.);
#2438 = EDGE_CURVE('',#2431,#2413,#2439,.T.);
#2439 = LINE('',#2440,#2441);
#2440 = CARTESIAN_POINT('',(277.409515,82.605812,0.));
#2441 = VECTOR('',#2442,1.);
#2442 = DIRECTION('',(0.,1.,0.));
#2443 = PLANE('',#2444);
#2444 = AXIS2_PLACEMENT_3D('',#2445,#2446,#2447);
#2445 = CARTESIAN_POINT('',(154.410343,51.5089065,0.));
#2446 = DIRECTION('',(0.,0.,1.));
#2447 = DIRECTION('',(1.,0.,0.));
#2448 = ADVANCED_FACE('',(#2449,#2460,#2494,#2528,#2562,#2596,#2630,
    #2664,#2698,#2732,#2766,#2800,#2834,#2868,#2902,#2936,#2970,#3004,
    #3038,#3072,#3106,#3140,#3174,#3208,#3242,#3276,#3310,#3344,#3378,
    #3412,#3446,#3480,#3514,#3548,#3582,#3616,#3650,#3684,#3718,#3752,
    #3786,#3820,#3854,#3888,#3922,#3956,#3990,#4024,#4058,#4092,#4126,
    #4160,#4194,#4228,#4262,#4296,#4330,#4364,#4398,#4432,#4466,#4500,
    #4534,#4568,#4602,#4636,#4670,#4704,#4738),#4772,.T.);
#2449 = FACE_BOUND('',#2450,.T.);
#2450 = EDGE_LOOP('',(#2451,#2452,#2453,#2459));
#2451 = ORIENTED_EDGE('',*,*,#31,.T.);
#2452 = ORIENTED_EDGE('',*,*,#93,.T.);
#2453 = ORIENTED_EDGE('',*,*,#2454,.T.);
#2454 = EDGE_CURVE('',#94,#64,#2455,.T.);
#2455 = LINE('',#2456,#2457);
#2456 = CARTESIAN_POINT('',(310.449707,-0.680383,1.499));
#2457 = VECTOR('',#2458,1.);
#2458 = DIRECTION('',(0.,1.,0.));
#2459 = ORIENTED_EDGE('',*,*,#71,.T.);
#2460 = FACE_BOUND('',#2461,.T.);
#2461 = EDGE_LOOP('',(#2462,#2472,#2480,#2488));
#2462 = ORIENTED_EDGE('',*,*,#2463,.F.);
#2463 = EDGE_CURVE('',#2464,#2466,#2468,.T.);
#2464 = VERTEX_POINT('',#2465);
#2465 = CARTESIAN_POINT('',(20.231478,5.885919,1.499));
#2466 = VERTEX_POINT('',#2467);
#2467 = CARTESIAN_POINT('',(20.231478,20.071014,1.499));
#2468 = LINE('',#2469,#2470);
#2469 = CARTESIAN_POINT('',(20.231478,35.78996025,1.499));
#2470 = VECTOR('',#2471,1.);
#2471 = DIRECTION('',(0.,1.,0.));
#2472 = ORIENTED_EDGE('',*,*,#2473,.F.);
#2473 = EDGE_CURVE('',#2474,#2464,#2476,.T.);
#2474 = VERTEX_POINT('',#2475);
#2475 = CARTESIAN_POINT('',(5.895474,5.885919,1.499));
#2476 = LINE('',#2477,#2478);
#2477 = CARTESIAN_POINT('',(87.3209105,5.885919,1.499));
#2478 = VECTOR('',#2479,1.);
#2479 = DIRECTION('',(1.,0.,0.));
#2480 = ORIENTED_EDGE('',*,*,#2481,.F.);
#2481 = EDGE_CURVE('',#2482,#2474,#2484,.T.);
#2482 = VERTEX_POINT('',#2483);
#2483 = CARTESIAN_POINT('',(5.895474,20.071014,1.499));
#2484 = LINE('',#2485,#2486);
#2485 = CARTESIAN_POINT('',(5.895474,28.69741275,1.499));
#2486 = VECTOR('',#2487,1.);
#2487 = DIRECTION('',(0.,-1.,0.));
#2488 = ORIENTED_EDGE('',*,*,#2489,.F.);
#2489 = EDGE_CURVE('',#2466,#2482,#2490,.T.);
#2490 = LINE('',#2491,#2492);
#2491 = CARTESIAN_POINT('',(80.1529085,20.071014,1.499));
#2492 = VECTOR('',#2493,1.);
#2493 = DIRECTION('',(-1.,0.,0.));
#2494 = FACE_BOUND('',#2495,.T.);
#2495 = EDGE_LOOP('',(#2496,#2506,#2514,#2522));
#2496 = ORIENTED_EDGE('',*,*,#2497,.F.);
#2497 = EDGE_CURVE('',#2498,#2500,#2502,.T.);
#2498 = VERTEX_POINT('',#2499);
#2499 = CARTESIAN_POINT('',(38.491024,5.961366,1.499));
#2500 = VERTEX_POINT('',#2501);
#2501 = CARTESIAN_POINT('',(38.491024,20.071009,1.499));
#2502 = LINE('',#2503,#2504);
#2503 = CARTESIAN_POINT('',(38.491024,35.78995775,1.499));
#2504 = VECTOR('',#2505,1.);
#2505 = DIRECTION('',(0.,1.,0.));
#2506 = ORIENTED_EDGE('',*,*,#2507,.F.);
#2507 = EDGE_CURVE('',#2508,#2498,#2510,.T.);
#2508 = VERTEX_POINT('',#2509);
#2509 = CARTESIAN_POINT('',(24.607731,5.961366,1.499));
#2510 = LINE('',#2511,#2512);
#2511 = CARTESIAN_POINT('',(96.4506835,5.961366,1.499));
#2512 = VECTOR('',#2513,1.);
#2513 = DIRECTION('',(1.,0.,0.));
#2514 = ORIENTED_EDGE('',*,*,#2515,.F.);
#2515 = EDGE_CURVE('',#2516,#2508,#2518,.T.);
#2516 = VERTEX_POINT('',#2517);
#2517 = CARTESIAN_POINT('',(24.607731,20.071009,1.499));
#2518 = LINE('',#2519,#2520);
#2519 = CARTESIAN_POINT('',(24.607731,28.73513625,1.499));
#2520 = VECTOR('',#2521,1.);
#2521 = DIRECTION('',(0.,-1.,0.));
#2522 = ORIENTED_EDGE('',*,*,#2523,.F.);
#2523 = EDGE_CURVE('',#2500,#2516,#2524,.T.);
#2524 = LINE('',#2525,#2526);
#2525 = CARTESIAN_POINT('',(89.509037,20.071009,1.499));
#2526 = VECTOR('',#2527,1.);
#2527 = DIRECTION('',(-1.,0.,0.));
#2528 = FACE_BOUND('',#2529,.T.);
#2529 = EDGE_LOOP('',(#2530,#2540,#2548,#2556));
#2530 = ORIENTED_EDGE('',*,*,#2531,.F.);
#2531 = EDGE_CURVE('',#2532,#2534,#2536,.T.);
#2532 = VERTEX_POINT('',#2533);
#2533 = CARTESIAN_POINT('',(57.567905,6.119246,1.499));
#2534 = VERTEX_POINT('',#2535);
#2535 = CARTESIAN_POINT('',(57.567905,20.179764,1.499));
#2536 = LINE('',#2537,#2538);
#2537 = CARTESIAN_POINT('',(57.567905,35.84433525,1.499));
#2538 = VECTOR('',#2539,1.);
#2539 = DIRECTION('',(0.,1.,0.));
#2540 = ORIENTED_EDGE('',*,*,#2541,.F.);
#2541 = EDGE_CURVE('',#2542,#2532,#2544,.T.);
#2542 = VERTEX_POINT('',#2543);
#2543 = CARTESIAN_POINT('',(43.608532,6.119246,1.499));
#2544 = LINE('',#2545,#2546);
#2545 = CARTESIAN_POINT('',(105.989124,6.119246,1.499));
#2546 = VECTOR('',#2547,1.);
#2547 = DIRECTION('',(1.,0.,0.));
#2548 = ORIENTED_EDGE('',*,*,#2549,.F.);
#2549 = EDGE_CURVE('',#2550,#2542,#2552,.T.);
#2550 = VERTEX_POINT('',#2551);
#2551 = CARTESIAN_POINT('',(43.608532,20.179764,1.499));
#2552 = LINE('',#2553,#2554);
#2553 = CARTESIAN_POINT('',(43.608532,28.81407625,1.499));
#2554 = VECTOR('',#2555,1.);
#2555 = DIRECTION('',(0.,-1.,0.));
#2556 = ORIENTED_EDGE('',*,*,#2557,.F.);
#2557 = EDGE_CURVE('',#2534,#2550,#2558,.T.);
#2558 = LINE('',#2559,#2560);
#2559 = CARTESIAN_POINT('',(99.0094375,20.179764,1.499));
#2560 = VECTOR('',#2561,1.);
#2561 = DIRECTION('',(-1.,0.,0.));
#2562 = FACE_BOUND('',#2563,.T.);
#2563 = EDGE_LOOP('',(#2564,#2574,#2582,#2590));
#2564 = ORIENTED_EDGE('',*,*,#2565,.F.);
#2565 = EDGE_CURVE('',#2566,#2568,#2570,.T.);
#2566 = VERTEX_POINT('',#2567);
#2567 = CARTESIAN_POINT('',(76.373543,6.11924,1.499));
#2568 = VERTEX_POINT('',#2569);
#2569 = CARTESIAN_POINT('',(76.373543,20.063152,1.499));
#2570 = LINE('',#2571,#2572);
#2571 = CARTESIAN_POINT('',(76.373543,35.78602925,1.499));
#2572 = VECTOR('',#2573,1.);
#2573 = DIRECTION('',(0.,1.,0.));
#2574 = ORIENTED_EDGE('',*,*,#2575,.F.);
#2575 = EDGE_CURVE('',#2576,#2566,#2578,.T.);
#2576 = VERTEX_POINT('',#2577);
#2577 = CARTESIAN_POINT('',(62.271603,6.11924,1.499));
#2578 = LINE('',#2579,#2580);
#2579 = CARTESIAN_POINT('',(115.391943,6.11924,1.499));
#2580 = VECTOR('',#2581,1.);
#2581 = DIRECTION('',(1.,0.,0.));
#2582 = ORIENTED_EDGE('',*,*,#2583,.F.);
#2583 = EDGE_CURVE('',#2584,#2576,#2586,.T.);
#2584 = VERTEX_POINT('',#2585);
#2585 = CARTESIAN_POINT('',(62.271603,20.063152,1.499));
#2586 = LINE('',#2587,#2588);
#2587 = CARTESIAN_POINT('',(62.271603,28.81407325,1.499));
#2588 = VECTOR('',#2589,1.);
#2589 = DIRECTION('',(0.,-1.,0.));
#2590 = ORIENTED_EDGE('',*,*,#2591,.F.);
#2591 = EDGE_CURVE('',#2568,#2584,#2592,.T.);
#2592 = LINE('',#2593,#2594);
#2593 = CARTESIAN_POINT('',(108.340973,20.063152,1.499));
#2594 = VECTOR('',#2595,1.);
#2595 = DIRECTION('',(-1.,0.,0.));
#2596 = FACE_BOUND('',#2597,.T.);
#2597 = EDGE_LOOP('',(#2598,#2608,#2616,#2624));
#2598 = ORIENTED_EDGE('',*,*,#2599,.F.);
#2599 = EDGE_CURVE('',#2600,#2602,#2604,.T.);
#2600 = VERTEX_POINT('',#2601);
#2601 = CARTESIAN_POINT('',(138.757004,6.009524,1.499));
#2602 = VERTEX_POINT('',#2603);
#2603 = CARTESIAN_POINT('',(138.757004,20.104465,1.499));
#2604 = LINE('',#2605,#2606);
#2605 = CARTESIAN_POINT('',(138.757004,35.80668575,1.499));
#2606 = VECTOR('',#2607,1.);
#2607 = DIRECTION('',(0.,1.,0.));
#2608 = ORIENTED_EDGE('',*,*,#2609,.F.);
#2609 = EDGE_CURVE('',#2610,#2600,#2612,.T.);
#2610 = VERTEX_POINT('',#2611);
#2611 = CARTESIAN_POINT('',(124.805145,6.009524,1.499));
#2612 = LINE('',#2613,#2614);
#2613 = CARTESIAN_POINT('',(146.5836735,6.009524,1.499));
#2614 = VECTOR('',#2615,1.);
#2615 = DIRECTION('',(1.,0.,0.));
#2616 = ORIENTED_EDGE('',*,*,#2617,.F.);
#2617 = EDGE_CURVE('',#2618,#2610,#2620,.T.);
#2618 = VERTEX_POINT('',#2619);
#2619 = CARTESIAN_POINT('',(124.805145,20.104465,1.499));
#2620 = LINE('',#2621,#2622);
#2621 = CARTESIAN_POINT('',(124.805145,28.75921525,1.499));
#2622 = VECTOR('',#2623,1.);
#2623 = DIRECTION('',(0.,-1.,0.));
#2624 = ORIENTED_EDGE('',*,*,#2625,.F.);
#2625 = EDGE_CURVE('',#2602,#2618,#2626,.T.);
#2626 = LINE('',#2627,#2628);
#2627 = CARTESIAN_POINT('',(139.607744,20.104465,1.499));
#2628 = VECTOR('',#2629,1.);
#2629 = DIRECTION('',(-1.,0.,0.));
#2630 = FACE_BOUND('',#2631,.T.);
#2631 = EDGE_LOOP('',(#2632,#2642,#2650,#2658));
#2632 = ORIENTED_EDGE('',*,*,#2633,.F.);
#2633 = EDGE_CURVE('',#2634,#2636,#2638,.T.);
#2634 = VERTEX_POINT('',#2635);
#2635 = CARTESIAN_POINT('',(29.622561,25.19887,1.499));
#2636 = VERTEX_POINT('',#2637);
#2637 = CARTESIAN_POINT('',(29.622561,39.082203,1.499));
#2638 = LINE('',#2639,#2640);
#2639 = CARTESIAN_POINT('',(29.622561,45.29555475,1.499));
#2640 = VECTOR('',#2641,1.);
#2641 = DIRECTION('',(0.,1.,0.));
#2642 = ORIENTED_EDGE('',*,*,#2643,.F.);
#2643 = EDGE_CURVE('',#2644,#2634,#2646,.T.);
#2644 = VERTEX_POINT('',#2645);
#2645 = CARTESIAN_POINT('',(15.286504,25.19887,1.499));
#2646 = LINE('',#2647,#2648);
#2647 = CARTESIAN_POINT('',(92.016452,25.19887,1.499));
#2648 = VECTOR('',#2649,1.);
#2649 = DIRECTION('',(1.,0.,0.));
#2650 = ORIENTED_EDGE('',*,*,#2651,.F.);
#2651 = EDGE_CURVE('',#2652,#2644,#2654,.T.);
#2652 = VERTEX_POINT('',#2653);
#2653 = CARTESIAN_POINT('',(15.286504,39.082203,1.499));
#2654 = LINE('',#2655,#2656);
#2655 = CARTESIAN_POINT('',(15.286504,38.35388825,1.499));
#2656 = VECTOR('',#2657,1.);
#2657 = DIRECTION('',(0.,-1.,0.));
#2658 = ORIENTED_EDGE('',*,*,#2659,.F.);
#2659 = EDGE_CURVE('',#2636,#2652,#2660,.T.);
#2660 = LINE('',#2661,#2662);
#2661 = CARTESIAN_POINT('',(84.8484235,39.082203,1.499));
#2662 = VECTOR('',#2663,1.);
#2663 = DIRECTION('',(-1.,0.,0.));
#2664 = FACE_BOUND('',#2665,.T.);
#2665 = EDGE_LOOP('',(#2666,#2676,#2684,#2692));
#2666 = ORIENTED_EDGE('',*,*,#2667,.F.);
#2667 = EDGE_CURVE('',#2668,#2670,#2672,.T.);
#2668 = VERTEX_POINT('',#2669);
#2669 = CARTESIAN_POINT('',(57.905342,25.00873,1.499));
#2670 = VERTEX_POINT('',#2671);
#2671 = CARTESIAN_POINT('',(57.905342,39.146011,1.499));
#2672 = LINE('',#2673,#2674);
#2673 = CARTESIAN_POINT('',(57.905342,45.32745875,1.499));
#2674 = VECTOR('',#2675,1.);
#2675 = DIRECTION('',(0.,1.,0.));
#2676 = ORIENTED_EDGE('',*,*,#2677,.F.);
#2677 = EDGE_CURVE('',#2678,#2668,#2680,.T.);
#2678 = VERTEX_POINT('',#2679);
#2679 = CARTESIAN_POINT('',(43.757137,25.00873,1.499));
#2680 = LINE('',#2681,#2682);
#2681 = CARTESIAN_POINT('',(106.1578425,25.00873,1.499));
#2682 = VECTOR('',#2683,1.);
#2683 = DIRECTION('',(1.,0.,0.));
#2684 = ORIENTED_EDGE('',*,*,#2685,.F.);
#2685 = EDGE_CURVE('',#2686,#2678,#2688,.T.);
#2686 = VERTEX_POINT('',#2687);
#2687 = CARTESIAN_POINT('',(43.757137,39.146011,1.499));
#2688 = LINE('',#2689,#2690);
#2689 = CARTESIAN_POINT('',(43.757137,38.25881825,1.499));
#2690 = VECTOR('',#2691,1.);
#2691 = DIRECTION('',(0.,-1.,0.));
#2692 = ORIENTED_EDGE('',*,*,#2693,.F.);
#2693 = EDGE_CURVE('',#2670,#2686,#2694,.T.);
#2694 = LINE('',#2695,#2696);
#2695 = CARTESIAN_POINT('',(99.08374,39.146011,1.499));
#2696 = VECTOR('',#2697,1.);
#2697 = DIRECTION('',(-1.,0.,0.));
#2698 = FACE_BOUND('',#2699,.T.);
#2699 = EDGE_LOOP('',(#2700,#2710,#2718,#2726));
#2700 = ORIENTED_EDGE('',*,*,#2701,.F.);
#2701 = EDGE_CURVE('',#2702,#2704,#2706,.T.);
#2702 = VERTEX_POINT('',#2703);
#2703 = CARTESIAN_POINT('',(77.034012,25.122835,1.499));
#2704 = VERTEX_POINT('',#2705);
#2705 = CARTESIAN_POINT('',(77.034012,39.246429,1.499));
#2706 = LINE('',#2707,#2708);
#2707 = CARTESIAN_POINT('',(77.034012,45.37766775,1.499));
#2708 = VECTOR('',#2709,1.);
#2709 = DIRECTION('',(0.,1.,0.));
#2710 = ORIENTED_EDGE('',*,*,#2711,.F.);
#2711 = EDGE_CURVE('',#2712,#2702,#2714,.T.);
#2712 = VERTEX_POINT('',#2713);
#2713 = CARTESIAN_POINT('',(62.790981,25.122835,1.499));
#2714 = LINE('',#2715,#2716);
#2715 = CARTESIAN_POINT('',(115.7221775,25.122835,1.499));
#2716 = VECTOR('',#2717,1.);
#2717 = DIRECTION('',(1.,0.,0.));
#2718 = ORIENTED_EDGE('',*,*,#2719,.F.);
#2719 = EDGE_CURVE('',#2720,#2712,#2722,.T.);
#2720 = VERTEX_POINT('',#2721);
#2721 = CARTESIAN_POINT('',(62.790981,39.246429,1.499));
#2722 = LINE('',#2723,#2724);
#2723 = CARTESIAN_POINT('',(62.790981,38.31587075,1.499));
#2724 = VECTOR('',#2725,1.);
#2725 = DIRECTION('',(0.,-1.,0.));
#2726 = ORIENTED_EDGE('',*,*,#2727,.F.);
#2727 = EDGE_CURVE('',#2704,#2720,#2728,.T.);
#2728 = LINE('',#2729,#2730);
#2729 = CARTESIAN_POINT('',(108.600662,39.246429,1.499));
#2730 = VECTOR('',#2731,1.);
#2731 = DIRECTION('',(-1.,0.,0.));
#2732 = FACE_BOUND('',#2733,.T.);
#2733 = EDGE_LOOP('',(#2734,#2744,#2752,#2760));
#2734 = ORIENTED_EDGE('',*,*,#2735,.F.);
#2735 = EDGE_CURVE('',#2736,#2738,#2740,.T.);
#2736 = VERTEX_POINT('',#2737);
#2737 = CARTESIAN_POINT('',(29.41094,44.000935,1.499));
#2738 = VERTEX_POINT('',#2739);
#2739 = CARTESIAN_POINT('',(29.41094,58.186047,1.499));
#2740 = LINE('',#2741,#2742);
#2741 = CARTESIAN_POINT('',(29.41094,54.84747675,1.499));
#2742 = VECTOR('',#2743,1.);
#2743 = DIRECTION('',(0.,1.,0.));
#2744 = ORIENTED_EDGE('',*,*,#2745,.F.);
#2745 = EDGE_CURVE('',#2746,#2736,#2748,.T.);
#2746 = VERTEX_POINT('',#2747);
#2747 = CARTESIAN_POINT('',(15.225821,44.000935,1.499));
#2748 = LINE('',#2749,#2750);
#2749 = CARTESIAN_POINT('',(91.9106415,44.000935,1.499));
#2750 = VECTOR('',#2751,1.);
#2751 = DIRECTION('',(1.,0.,0.));
#2752 = ORIENTED_EDGE('',*,*,#2753,.F.);
#2753 = EDGE_CURVE('',#2754,#2746,#2756,.T.);
#2754 = VERTEX_POINT('',#2755);
#2755 = CARTESIAN_POINT('',(15.225821,58.186047,1.499));
#2756 = LINE('',#2757,#2758);
#2757 = CARTESIAN_POINT('',(15.225821,47.75492075,1.499));
#2758 = VECTOR('',#2759,1.);
#2759 = DIRECTION('',(0.,-1.,0.));
#2760 = ORIENTED_EDGE('',*,*,#2761,.F.);
#2761 = EDGE_CURVE('',#2738,#2754,#2762,.T.);
#2762 = LINE('',#2763,#2764);
#2763 = CARTESIAN_POINT('',(84.818082,58.186047,1.499));
#2764 = VECTOR('',#2765,1.);
#2765 = DIRECTION('',(-1.,0.,0.));
#2766 = FACE_BOUND('',#2767,.T.);
#2767 = EDGE_LOOP('',(#2768,#2778,#2786,#2794));
#2768 = ORIENTED_EDGE('',*,*,#2769,.F.);
#2769 = EDGE_CURVE('',#2770,#2772,#2774,.T.);
#2770 = VERTEX_POINT('',#2771);
#2771 = CARTESIAN_POINT('',(53.148266,44.089088,1.499));
#2772 = VERTEX_POINT('',#2773);
#2773 = CARTESIAN_POINT('',(53.148266,58.19875,1.499));
#2774 = LINE('',#2775,#2776);
#2775 = CARTESIAN_POINT('',(53.148266,54.85382825,1.499));
#2776 = VECTOR('',#2777,1.);
#2777 = DIRECTION('',(0.,1.,0.));
#2778 = ORIENTED_EDGE('',*,*,#2779,.F.);
#2779 = EDGE_CURVE('',#2780,#2770,#2782,.T.);
#2780 = VERTEX_POINT('',#2781);
#2781 = CARTESIAN_POINT('',(38.963142,44.089088,1.499));
#2782 = LINE('',#2783,#2784);
#2783 = CARTESIAN_POINT('',(103.7793045,44.089088,1.499));
#2784 = VECTOR('',#2785,1.);
#2785 = DIRECTION('',(1.,0.,0.));
#2786 = ORIENTED_EDGE('',*,*,#2787,.F.);
#2787 = EDGE_CURVE('',#2788,#2780,#2790,.T.);
#2788 = VERTEX_POINT('',#2789);
#2789 = CARTESIAN_POINT('',(38.963142,58.19875,1.499));
#2790 = LINE('',#2791,#2792);
#2791 = CARTESIAN_POINT('',(38.963142,47.79899725,1.499));
#2792 = VECTOR('',#2793,1.);
#2793 = DIRECTION('',(0.,-1.,0.));
#2794 = ORIENTED_EDGE('',*,*,#2795,.F.);
#2795 = EDGE_CURVE('',#2772,#2788,#2796,.T.);
#2796 = LINE('',#2797,#2798);
#2797 = CARTESIAN_POINT('',(96.6867425,58.19875,1.499));
#2798 = VECTOR('',#2799,1.);
#2799 = DIRECTION('',(-1.,0.,0.));
#2800 = FACE_BOUND('',#2801,.T.);
#2801 = EDGE_LOOP('',(#2802,#2812,#2820,#2828));
#2802 = ORIENTED_EDGE('',*,*,#2803,.F.);
#2803 = EDGE_CURVE('',#2804,#2806,#2808,.T.);
#2804 = VERTEX_POINT('',#2805);
#2805 = CARTESIAN_POINT('',(72.602005,44.174217,1.499));
#2806 = VERTEX_POINT('',#2807);
#2807 = CARTESIAN_POINT('',(72.602005,58.182247,1.499));
#2808 = LINE('',#2809,#2810);
#2809 = CARTESIAN_POINT('',(72.602005,54.84557675,1.499));
#2810 = VECTOR('',#2811,1.);
#2811 = DIRECTION('',(0.,1.,0.));
#2812 = ORIENTED_EDGE('',*,*,#2813,.F.);
#2813 = EDGE_CURVE('',#2814,#2804,#2816,.T.);
#2814 = VERTEX_POINT('',#2815);
#2815 = CARTESIAN_POINT('',(58.22533,44.174217,1.499));
#2816 = LINE('',#2817,#2818);
#2817 = CARTESIAN_POINT('',(113.506174,44.174217,1.499));
#2818 = VECTOR('',#2819,1.);
#2819 = DIRECTION('',(1.,0.,0.));
#2820 = ORIENTED_EDGE('',*,*,#2821,.F.);
#2821 = EDGE_CURVE('',#2822,#2814,#2824,.T.);
#2822 = VERTEX_POINT('',#2823);
#2823 = CARTESIAN_POINT('',(58.22533,58.182247,1.499));
#2824 = LINE('',#2825,#2826);
#2825 = CARTESIAN_POINT('',(58.22533,47.84156175,1.499));
#2826 = VECTOR('',#2827,1.);
#2827 = DIRECTION('',(0.,-1.,0.));
#2828 = ORIENTED_EDGE('',*,*,#2829,.F.);
#2829 = EDGE_CURVE('',#2806,#2822,#2830,.T.);
#2830 = LINE('',#2831,#2832);
#2831 = CARTESIAN_POINT('',(106.3178365,58.182247,1.499));
#2832 = VECTOR('',#2833,1.);
#2833 = DIRECTION('',(-1.,0.,0.));
#2834 = FACE_BOUND('',#2835,.T.);
#2835 = EDGE_LOOP('',(#2836,#2846,#2854,#2862));
#2836 = ORIENTED_EDGE('',*,*,#2837,.F.);
#2837 = EDGE_CURVE('',#2838,#2840,#2842,.T.);
#2838 = VERTEX_POINT('',#2839);
#2839 = CARTESIAN_POINT('',(96.353477,24.985832,1.499));
#2840 = VERTEX_POINT('',#2841);
#2841 = CARTESIAN_POINT('',(96.353477,39.18528,1.499));
#2842 = LINE('',#2843,#2844);
#2843 = CARTESIAN_POINT('',(96.353477,45.34709325,1.499));
#2844 = VECTOR('',#2845,1.);
#2845 = DIRECTION('',(0.,1.,0.));
#2846 = ORIENTED_EDGE('',*,*,#2847,.F.);
#2847 = EDGE_CURVE('',#2848,#2838,#2850,.T.);
#2848 = VERTEX_POINT('',#2849);
#2849 = CARTESIAN_POINT('',(82.089348,24.985832,1.499));
#2850 = LINE('',#2851,#2852);
#2851 = CARTESIAN_POINT('',(125.38191,24.985832,1.499));
#2852 = VECTOR('',#2853,1.);
#2853 = DIRECTION('',(1.,0.,0.));
#2854 = ORIENTED_EDGE('',*,*,#2855,.F.);
#2855 = EDGE_CURVE('',#2856,#2848,#2858,.T.);
#2856 = VERTEX_POINT('',#2857);
#2857 = CARTESIAN_POINT('',(82.089348,39.18528,1.499));
#2858 = LINE('',#2859,#2860);
#2859 = CARTESIAN_POINT('',(82.089348,38.24736925,1.499));
#2860 = VECTOR('',#2861,1.);
#2861 = DIRECTION('',(0.,-1.,0.));
#2862 = ORIENTED_EDGE('',*,*,#2863,.F.);
#2863 = EDGE_CURVE('',#2840,#2856,#2864,.T.);
#2864 = LINE('',#2865,#2866);
#2865 = CARTESIAN_POINT('',(118.2498455,39.18528,1.499));
#2866 = VECTOR('',#2867,1.);
#2867 = DIRECTION('',(-1.,0.,0.));
#2868 = FACE_BOUND('',#2869,.T.);
#2869 = EDGE_LOOP('',(#2870,#2880,#2888,#2896));
#2870 = ORIENTED_EDGE('',*,*,#2871,.F.);
#2871 = EDGE_CURVE('',#2872,#2874,#2876,.T.);
#2872 = VERTEX_POINT('',#2873);
#2873 = CARTESIAN_POINT('',(115.669418,25.301949,1.499));
#2874 = VERTEX_POINT('',#2875);
#2875 = CARTESIAN_POINT('',(115.669418,39.185276,1.499));
#2876 = LINE('',#2877,#2878);
#2877 = CARTESIAN_POINT('',(115.669418,45.34709125,1.499));
#2878 = VECTOR('',#2879,1.);
#2879 = DIRECTION('',(0.,1.,0.));
#2880 = ORIENTED_EDGE('',*,*,#2881,.F.);
#2881 = EDGE_CURVE('',#2882,#2872,#2884,.T.);
#2882 = VERTEX_POINT('',#2883);
#2883 = CARTESIAN_POINT('',(101.484276,25.301949,1.499));
#2884 = LINE('',#2885,#2886);
#2885 = CARTESIAN_POINT('',(135.0398805,25.301949,1.499));
#2886 = VECTOR('',#2887,1.);
#2887 = DIRECTION('',(1.,0.,0.));
#2888 = ORIENTED_EDGE('',*,*,#2889,.F.);
#2889 = EDGE_CURVE('',#2890,#2882,#2892,.T.);
#2890 = VERTEX_POINT('',#2891);
#2891 = CARTESIAN_POINT('',(101.484276,39.185276,1.499));
#2892 = LINE('',#2893,#2894);
#2893 = CARTESIAN_POINT('',(101.484276,38.40542775,1.499));
#2894 = VECTOR('',#2895,1.);
#2895 = DIRECTION('',(0.,-1.,0.));
#2896 = ORIENTED_EDGE('',*,*,#2897,.F.);
#2897 = EDGE_CURVE('',#2874,#2890,#2898,.T.);
#2898 = LINE('',#2899,#2900);
#2899 = CARTESIAN_POINT('',(127.9473095,39.185276,1.499));
#2900 = VECTOR('',#2901,1.);
#2901 = DIRECTION('',(-1.,0.,0.));
#2902 = FACE_BOUND('',#2903,.T.);
#2903 = EDGE_LOOP('',(#2904,#2914,#2922,#2930));
#2904 = ORIENTED_EDGE('',*,*,#2905,.F.);
#2905 = EDGE_CURVE('',#2906,#2908,#2910,.T.);
#2906 = VERTEX_POINT('',#2907);
#2907 = CARTESIAN_POINT('',(134.667175,24.961611,1.499));
#2908 = VERTEX_POINT('',#2909);
#2909 = CARTESIAN_POINT('',(134.667175,39.04644,1.499));
#2910 = LINE('',#2911,#2912);
#2911 = CARTESIAN_POINT('',(134.667175,45.27767325,1.499));
#2912 = VECTOR('',#2913,1.);
#2913 = DIRECTION('',(0.,1.,0.));
#2914 = ORIENTED_EDGE('',*,*,#2915,.F.);
#2915 = EDGE_CURVE('',#2916,#2906,#2918,.T.);
#2916 = VERTEX_POINT('',#2917);
#2917 = CARTESIAN_POINT('',(120.582336,24.961611,1.499));
#2918 = LINE('',#2919,#2920);
#2919 = CARTESIAN_POINT('',(144.538759,24.961611,1.499));
#2920 = VECTOR('',#2921,1.);
#2921 = DIRECTION('',(1.,0.,0.));
#2922 = ORIENTED_EDGE('',*,*,#2923,.F.);
#2923 = EDGE_CURVE('',#2924,#2916,#2926,.T.);
#2924 = VERTEX_POINT('',#2925);
#2925 = CARTESIAN_POINT('',(120.582336,39.04644,1.499));
#2926 = LINE('',#2927,#2928);
#2927 = CARTESIAN_POINT('',(120.582336,38.23525875,1.499));
#2928 = VECTOR('',#2929,1.);
#2929 = DIRECTION('',(0.,-1.,0.));
#2930 = ORIENTED_EDGE('',*,*,#2931,.F.);
#2931 = EDGE_CURVE('',#2908,#2924,#2932,.T.);
#2932 = LINE('',#2933,#2934);
#2933 = CARTESIAN_POINT('',(137.4963395,39.04644,1.499));
#2934 = VECTOR('',#2935,1.);
#2935 = DIRECTION('',(-1.,0.,0.));
#2936 = FACE_BOUND('',#2937,.T.);
#2937 = EDGE_LOOP('',(#2938,#2948,#2956,#2964));
#2938 = ORIENTED_EDGE('',*,*,#2939,.F.);
#2939 = EDGE_CURVE('',#2940,#2942,#2944,.T.);
#2940 = VERTEX_POINT('',#2941);
#2941 = CARTESIAN_POINT('',(153.960907,24.956562,1.499));
#2942 = VERTEX_POINT('',#2943);
#2943 = CARTESIAN_POINT('',(153.960907,39.067699,1.499));
#2944 = LINE('',#2945,#2946);
#2945 = CARTESIAN_POINT('',(153.960907,45.28830275,1.499));
#2946 = VECTOR('',#2947,1.);
#2947 = DIRECTION('',(0.,1.,0.));
#2948 = ORIENTED_EDGE('',*,*,#2949,.F.);
#2949 = EDGE_CURVE('',#2950,#2940,#2952,.T.);
#2950 = VERTEX_POINT('',#2951);
#2951 = CARTESIAN_POINT('',(139.90033,24.956562,1.499));
#2952 = LINE('',#2953,#2954);
#2953 = CARTESIAN_POINT('',(154.185625,24.956562,1.499));
#2954 = VECTOR('',#2955,1.);
#2955 = DIRECTION('',(1.,0.,0.));
#2956 = ORIENTED_EDGE('',*,*,#2957,.F.);
#2957 = EDGE_CURVE('',#2958,#2950,#2960,.T.);
#2958 = VERTEX_POINT('',#2959);
#2959 = CARTESIAN_POINT('',(139.90033,39.067699,1.499));
#2960 = LINE('',#2961,#2962);
#2961 = CARTESIAN_POINT('',(139.90033,38.23273425,1.499));
#2962 = VECTOR('',#2963,1.);
#2963 = DIRECTION('',(0.,-1.,0.));
#2964 = ORIENTED_EDGE('',*,*,#2965,.F.);
#2965 = EDGE_CURVE('',#2942,#2958,#2966,.T.);
#2966 = LINE('',#2967,#2968);
#2967 = CARTESIAN_POINT('',(147.1553365,39.067699,1.499));
#2968 = VECTOR('',#2969,1.);
#2969 = DIRECTION('',(-1.,0.,0.));
#2970 = FACE_BOUND('',#2971,.T.);
#2971 = EDGE_LOOP('',(#2972,#2982,#2990,#2998));
#2972 = ORIENTED_EDGE('',*,*,#2973,.F.);
#2973 = EDGE_CURVE('',#2974,#2976,#2978,.T.);
#2974 = VERTEX_POINT('',#2975);
#2975 = CARTESIAN_POINT('',(91.832344,44.147072,1.499));
#2976 = VERTEX_POINT('',#2977);
#2977 = CARTESIAN_POINT('',(91.832344,58.046543,1.499));
#2978 = LINE('',#2979,#2980);
#2979 = CARTESIAN_POINT('',(91.832344,54.77772475,1.499));
#2980 = VECTOR('',#2981,1.);
#2981 = DIRECTION('',(0.,1.,0.));
#2982 = ORIENTED_EDGE('',*,*,#2983,.F.);
#2983 = EDGE_CURVE('',#2984,#2974,#2986,.T.);
#2984 = VERTEX_POINT('',#2985);
#2985 = CARTESIAN_POINT('',(77.747551,44.147072,1.499));
#2986 = LINE('',#2987,#2988);
#2987 = CARTESIAN_POINT('',(123.1213435,44.147072,1.499));
#2988 = VECTOR('',#2989,1.);
#2989 = DIRECTION('',(1.,0.,0.));
#2990 = ORIENTED_EDGE('',*,*,#2991,.F.);
#2991 = EDGE_CURVE('',#2992,#2984,#2994,.T.);
#2992 = VERTEX_POINT('',#2993);
#2993 = CARTESIAN_POINT('',(77.747551,58.046543,1.499));
#2994 = LINE('',#2995,#2996);
#2995 = CARTESIAN_POINT('',(77.747551,47.82798925,1.499));
#2996 = VECTOR('',#2997,1.);
#2997 = DIRECTION('',(0.,-1.,0.));
#2998 = ORIENTED_EDGE('',*,*,#2999,.F.);
#2999 = EDGE_CURVE('',#2976,#2992,#3000,.T.);
#3000 = LINE('',#3001,#3002);
#3001 = CARTESIAN_POINT('',(116.078947,58.046543,1.499));
#3002 = VECTOR('',#3003,1.);
#3003 = DIRECTION('',(-1.,0.,0.));
#3004 = FACE_BOUND('',#3005,.T.);
#3005 = EDGE_LOOP('',(#3006,#3016,#3024,#3032));
#3006 = ORIENTED_EDGE('',*,*,#3007,.F.);
#3007 = EDGE_CURVE('',#3008,#3010,#3012,.T.);
#3008 = VERTEX_POINT('',#3009);
#3009 = CARTESIAN_POINT('',(110.707718,44.066204,1.499));
#3010 = VERTEX_POINT('',#3011);
#3011 = CARTESIAN_POINT('',(110.707718,58.186771,1.499));
#3012 = LINE('',#3013,#3014);
#3013 = CARTESIAN_POINT('',(110.707718,54.84783875,1.499));
#3014 = VECTOR('',#3015,1.);
#3015 = DIRECTION('',(0.,1.,0.));
#3016 = ORIENTED_EDGE('',*,*,#3017,.F.);
#3017 = EDGE_CURVE('',#3018,#3008,#3020,.T.);
#3018 = VERTEX_POINT('',#3019);
#3019 = CARTESIAN_POINT('',(96.628548,44.066204,1.499));
#3020 = LINE('',#3021,#3022);
#3021 = CARTESIAN_POINT('',(132.5590305,44.066204,1.499));
#3022 = VECTOR('',#3023,1.);
#3023 = DIRECTION('',(1.,0.,0.));
#3024 = ORIENTED_EDGE('',*,*,#3025,.F.);
#3025 = EDGE_CURVE('',#3026,#3018,#3028,.T.);
#3026 = VERTEX_POINT('',#3027);
#3027 = CARTESIAN_POINT('',(96.628548,58.186771,1.499));
#3028 = LINE('',#3029,#3030);
#3029 = CARTESIAN_POINT('',(96.628548,47.78755525,1.499));
#3030 = VECTOR('',#3031,1.);
#3031 = DIRECTION('',(0.,-1.,0.));
#3032 = ORIENTED_EDGE('',*,*,#3033,.F.);
#3033 = EDGE_CURVE('',#3010,#3026,#3034,.T.);
#3034 = LINE('',#3035,#3036);
#3035 = CARTESIAN_POINT('',(125.5194455,58.186771,1.499));
#3036 = VECTOR('',#3037,1.);
#3037 = DIRECTION('',(-1.,0.,0.));
#3038 = FACE_BOUND('',#3039,.T.);
#3039 = EDGE_LOOP('',(#3040,#3050,#3058,#3066));
#3040 = ORIENTED_EDGE('',*,*,#3041,.F.);
#3041 = EDGE_CURVE('',#3042,#3044,#3046,.T.);
#3042 = VERTEX_POINT('',#3043);
#3043 = CARTESIAN_POINT('',(130.088486,44.066196,1.499));
#3044 = VERTEX_POINT('',#3045);
#3045 = CARTESIAN_POINT('',(130.088486,58.15155,1.499));
#3046 = LINE('',#3047,#3048);
#3047 = CARTESIAN_POINT('',(130.088486,54.83022825,1.499));
#3048 = VECTOR('',#3049,1.);
#3049 = DIRECTION('',(0.,1.,0.));
#3050 = ORIENTED_EDGE('',*,*,#3051,.F.);
#3051 = EDGE_CURVE('',#3052,#3042,#3054,.T.);
#3052 = VERTEX_POINT('',#3053);
#3053 = CARTESIAN_POINT('',(116.049515,44.066196,1.499));
#3054 = LINE('',#3055,#3056);
#3055 = CARTESIAN_POINT('',(142.2494145,44.066196,1.499));
#3056 = VECTOR('',#3057,1.);
#3057 = DIRECTION('',(1.,0.,0.));
#3058 = ORIENTED_EDGE('',*,*,#3059,.F.);
#3059 = EDGE_CURVE('',#3060,#3052,#3062,.T.);
#3060 = VERTEX_POINT('',#3061);
#3061 = CARTESIAN_POINT('',(116.049515,58.15155,1.499));
#3062 = LINE('',#3063,#3064);
#3063 = CARTESIAN_POINT('',(116.049515,47.78755125,1.499));
#3064 = VECTOR('',#3065,1.);
#3065 = DIRECTION('',(0.,-1.,0.));
#3066 = ORIENTED_EDGE('',*,*,#3067,.F.);
#3067 = EDGE_CURVE('',#3044,#3060,#3068,.T.);
#3068 = LINE('',#3069,#3070);
#3069 = CARTESIAN_POINT('',(135.229929,58.15155,1.499));
#3070 = VECTOR('',#3071,1.);
#3071 = DIRECTION('',(-1.,0.,0.));
#3072 = FACE_BOUND('',#3073,.T.);
#3073 = EDGE_LOOP('',(#3074,#3084,#3092,#3100));
#3074 = ORIENTED_EDGE('',*,*,#3075,.F.);
#3075 = EDGE_CURVE('',#3076,#3078,#3080,.T.);
#3076 = VERTEX_POINT('',#3077);
#3077 = CARTESIAN_POINT('',(149.221603,44.083916,1.499));
#3078 = VERTEX_POINT('',#3079);
#3079 = CARTESIAN_POINT('',(149.221603,58.213406,1.499));
#3080 = LINE('',#3081,#3082);
#3081 = CARTESIAN_POINT('',(149.221603,54.86115625,1.499));
#3082 = VECTOR('',#3083,1.);
#3083 = DIRECTION('',(0.,1.,0.));
#3084 = ORIENTED_EDGE('',*,*,#3085,.F.);
#3085 = EDGE_CURVE('',#3086,#3076,#3088,.T.);
#3086 = VERTEX_POINT('',#3087);
#3087 = CARTESIAN_POINT('',(135.1539,44.083916,1.499));
#3088 = LINE('',#3089,#3090);
#3089 = CARTESIAN_POINT('',(151.815973,44.083916,1.499));
#3090 = VECTOR('',#3091,1.);
#3091 = DIRECTION('',(1.,0.,0.));
#3092 = ORIENTED_EDGE('',*,*,#3093,.F.);
#3093 = EDGE_CURVE('',#3094,#3086,#3096,.T.);
#3094 = VERTEX_POINT('',#3095);
#3095 = CARTESIAN_POINT('',(135.1539,58.213406,1.499));
#3096 = LINE('',#3097,#3098);
#3097 = CARTESIAN_POINT('',(135.1539,47.79641125,1.499));
#3098 = VECTOR('',#3099,1.);
#3099 = DIRECTION('',(0.,-1.,0.));
#3100 = ORIENTED_EDGE('',*,*,#3101,.F.);
#3101 = EDGE_CURVE('',#3078,#3094,#3102,.T.);
#3102 = LINE('',#3103,#3104);
#3103 = CARTESIAN_POINT('',(144.7821215,58.213406,1.499));
#3104 = VECTOR('',#3105,1.);
#3105 = DIRECTION('',(-1.,0.,0.));
#3106 = FACE_BOUND('',#3107,.T.);
#3107 = EDGE_LOOP('',(#3108,#3118,#3126,#3134));
#3108 = ORIENTED_EDGE('',*,*,#3109,.F.);
#3109 = EDGE_CURVE('',#3110,#3112,#3114,.T.);
#3110 = VERTEX_POINT('',#3111);
#3111 = CARTESIAN_POINT('',(202.590454,5.966896,1.499));
#3112 = VERTEX_POINT('',#3113);
#3113 = CARTESIAN_POINT('',(202.590454,20.004648,1.499));
#3114 = LINE('',#3115,#3116);
#3115 = CARTESIAN_POINT('',(202.590454,35.75677725,1.499));
#3116 = VECTOR('',#3117,1.);
#3117 = DIRECTION('',(0.,1.,0.));
#3118 = ORIENTED_EDGE('',*,*,#3119,.F.);
#3119 = EDGE_CURVE('',#3120,#3110,#3122,.T.);
#3120 = VERTEX_POINT('',#3121);
#3121 = CARTESIAN_POINT('',(188.469879,5.966896,1.499));
#3122 = LINE('',#3123,#3124);
#3123 = CARTESIAN_POINT('',(178.5003985,5.966896,1.499));
#3124 = VECTOR('',#3125,1.);
#3125 = DIRECTION('',(1.,0.,0.));
#3126 = ORIENTED_EDGE('',*,*,#3127,.F.);
#3127 = EDGE_CURVE('',#3128,#3120,#3130,.T.);
#3128 = VERTEX_POINT('',#3129);
#3129 = CARTESIAN_POINT('',(188.469879,20.004648,1.499));
#3130 = LINE('',#3131,#3132);
#3131 = CARTESIAN_POINT('',(188.469879,28.73790125,1.499));
#3132 = VECTOR('',#3133,1.);
#3133 = DIRECTION('',(0.,-1.,0.));
#3134 = ORIENTED_EDGE('',*,*,#3135,.F.);
#3135 = EDGE_CURVE('',#3112,#3128,#3136,.T.);
#3136 = LINE('',#3137,#3138);
#3137 = CARTESIAN_POINT('',(171.440111,20.004648,1.499));
#3138 = VECTOR('',#3139,1.);
#3139 = DIRECTION('',(-1.,0.,0.));
#3140 = FACE_BOUND('',#3141,.T.);
#3141 = EDGE_LOOP('',(#3142,#3152,#3160,#3168));
#3142 = ORIENTED_EDGE('',*,*,#3143,.F.);
#3143 = EDGE_CURVE('',#3144,#3146,#3148,.T.);
#3144 = VERTEX_POINT('',#3145);
#3145 = CARTESIAN_POINT('',(221.936401,5.717991,1.499));
#3146 = VERTEX_POINT('',#3147);
#3147 = CARTESIAN_POINT('',(221.936401,20.031256,1.499));
#3148 = LINE('',#3149,#3150);
#3149 = CARTESIAN_POINT('',(221.936401,35.77008125,1.499));
#3150 = VECTOR('',#3151,1.);
#3151 = DIRECTION('',(0.,1.,0.));
#3152 = ORIENTED_EDGE('',*,*,#3153,.F.);
#3153 = EDGE_CURVE('',#3154,#3144,#3156,.T.);
#3154 = VERTEX_POINT('',#3155);
#3155 = CARTESIAN_POINT('',(207.953156,5.717991,1.499));
#3156 = LINE('',#3157,#3158);
#3157 = CARTESIAN_POINT('',(188.173372,5.717991,1.499));
#3158 = VECTOR('',#3159,1.);
#3159 = DIRECTION('',(1.,0.,0.));
#3160 = ORIENTED_EDGE('',*,*,#3161,.F.);
#3161 = EDGE_CURVE('',#3162,#3154,#3164,.T.);
#3162 = VERTEX_POINT('',#3163);
#3163 = CARTESIAN_POINT('',(207.953156,20.031256,1.499));
#3164 = LINE('',#3165,#3166);
#3165 = CARTESIAN_POINT('',(207.953156,28.61344875,1.499));
#3166 = VECTOR('',#3167,1.);
#3167 = DIRECTION('',(0.,-1.,0.));
#3168 = ORIENTED_EDGE('',*,*,#3169,.F.);
#3169 = EDGE_CURVE('',#3146,#3162,#3170,.T.);
#3170 = LINE('',#3171,#3172);
#3171 = CARTESIAN_POINT('',(181.1817495,20.031256,1.499));
#3172 = VECTOR('',#3173,1.);
#3173 = DIRECTION('',(-1.,0.,0.));
#3174 = FACE_BOUND('',#3175,.T.);
#3175 = EDGE_LOOP('',(#3176,#3186,#3194,#3202));
#3176 = ORIENTED_EDGE('',*,*,#3177,.F.);
#3177 = EDGE_CURVE('',#3178,#3180,#3182,.T.);
#3178 = VERTEX_POINT('',#3179);
#3179 = CARTESIAN_POINT('',(240.921722,5.953822,1.499));
#3180 = VERTEX_POINT('',#3181);
#3181 = CARTESIAN_POINT('',(240.921722,20.05772,1.499));
#3182 = LINE('',#3183,#3184);
#3183 = CARTESIAN_POINT('',(240.921722,35.78331325,1.499));
#3184 = VECTOR('',#3185,1.);
#3185 = DIRECTION('',(0.,1.,0.));
#3186 = ORIENTED_EDGE('',*,*,#3187,.F.);
#3187 = EDGE_CURVE('',#3188,#3178,#3190,.T.);
#3188 = VERTEX_POINT('',#3189);
#3189 = CARTESIAN_POINT('',(226.715897,5.953822,1.499));
#3190 = LINE('',#3191,#3192);
#3191 = CARTESIAN_POINT('',(197.6660325,5.953822,1.499));
#3192 = VECTOR('',#3193,1.);
#3193 = DIRECTION('',(1.,0.,0.));
#3194 = ORIENTED_EDGE('',*,*,#3195,.F.);
#3195 = EDGE_CURVE('',#3196,#3188,#3198,.T.);
#3196 = VERTEX_POINT('',#3197);
#3197 = CARTESIAN_POINT('',(226.715897,20.05772,1.499));
#3198 = LINE('',#3199,#3200);
#3199 = CARTESIAN_POINT('',(226.715897,28.73136425,1.499));
#3200 = VECTOR('',#3201,1.);
#3201 = DIRECTION('',(0.,-1.,0.));
#3202 = ORIENTED_EDGE('',*,*,#3203,.F.);
#3203 = EDGE_CURVE('',#3180,#3196,#3204,.T.);
#3204 = LINE('',#3205,#3206);
#3205 = CARTESIAN_POINT('',(190.56312,20.05772,1.499));
#3206 = VECTOR('',#3207,1.);
#3207 = DIRECTION('',(-1.,0.,0.));
#3208 = FACE_BOUND('',#3209,.T.);
#3209 = EDGE_LOOP('',(#3210,#3220,#3228,#3236));
#3210 = ORIENTED_EDGE('',*,*,#3211,.F.);
#3211 = EDGE_CURVE('',#3212,#3214,#3216,.T.);
#3212 = VERTEX_POINT('',#3213);
#3213 = CARTESIAN_POINT('',(260.264191,6.00758,1.499));
#3214 = VERTEX_POINT('',#3215);
#3215 = CARTESIAN_POINT('',(260.264191,20.068117,1.499));
#3216 = LINE('',#3217,#3218);
#3217 = CARTESIAN_POINT('',(260.264191,35.78851175,1.499));
#3218 = VECTOR('',#3219,1.);
#3219 = DIRECTION('',(0.,1.,0.));
#3220 = ORIENTED_EDGE('',*,*,#3221,.F.);
#3221 = EDGE_CURVE('',#3222,#3212,#3224,.T.);
#3222 = VERTEX_POINT('',#3223);
#3223 = CARTESIAN_POINT('',(246.153061,6.00758,1.499));
#3224 = LINE('',#3225,#3226);
#3225 = CARTESIAN_POINT('',(207.337267,6.00758,1.499));
#3226 = VECTOR('',#3227,1.);
#3227 = DIRECTION('',(1.,0.,0.));
#3228 = ORIENTED_EDGE('',*,*,#3229,.F.);
#3229 = EDGE_CURVE('',#3230,#3222,#3232,.T.);
#3230 = VERTEX_POINT('',#3231);
#3231 = CARTESIAN_POINT('',(246.153061,20.068117,1.499));
#3232 = LINE('',#3233,#3234);
#3233 = CARTESIAN_POINT('',(246.153061,28.75824325,1.499));
#3234 = VECTOR('',#3235,1.);
#3235 = DIRECTION('',(0.,-1.,0.));
#3236 = ORIENTED_EDGE('',*,*,#3237,.F.);
#3237 = EDGE_CURVE('',#3214,#3230,#3238,.T.);
#3238 = LINE('',#3239,#3240);
#3239 = CARTESIAN_POINT('',(200.281702,20.068117,1.499));
#3240 = VECTOR('',#3241,1.);
#3241 = DIRECTION('',(-1.,0.,0.));
#3242 = FACE_BOUND('',#3243,.T.);
#3243 = EDGE_LOOP('',(#3244,#3254,#3262,#3270));
#3244 = ORIENTED_EDGE('',*,*,#3245,.F.);
#3245 = EDGE_CURVE('',#3246,#3248,#3250,.T.);
#3246 = VERTEX_POINT('',#3247);
#3247 = CARTESIAN_POINT('',(279.284332,5.995669,1.499));
#3248 = VERTEX_POINT('',#3249);
#3249 = CARTESIAN_POINT('',(279.284332,20.080431,1.499));
#3250 = LINE('',#3251,#3252);
#3251 = CARTESIAN_POINT('',(279.284332,35.79466875,1.499));
#3252 = VECTOR('',#3253,1.);
#3253 = DIRECTION('',(0.,1.,0.));
#3254 = ORIENTED_EDGE('',*,*,#3255,.F.);
#3255 = EDGE_CURVE('',#3256,#3246,#3258,.T.);
#3256 = VERTEX_POINT('',#3257);
#3257 = CARTESIAN_POINT('',(265.261353,5.995669,1.499));
#3258 = LINE('',#3259,#3260);
#3259 = CARTESIAN_POINT('',(216.8473375,5.995669,1.499));
#3260 = VECTOR('',#3261,1.);
#3261 = DIRECTION('',(1.,0.,0.));
#3262 = ORIENTED_EDGE('',*,*,#3263,.F.);
#3263 = EDGE_CURVE('',#3264,#3256,#3266,.T.);
#3264 = VERTEX_POINT('',#3265);
#3265 = CARTESIAN_POINT('',(265.261353,20.080431,1.499));
#3266 = LINE('',#3267,#3268);
#3267 = CARTESIAN_POINT('',(265.261353,28.75228775,1.499));
#3268 = VECTOR('',#3269,1.);
#3269 = DIRECTION('',(0.,-1.,0.));
#3270 = ORIENTED_EDGE('',*,*,#3271,.F.);
#3271 = EDGE_CURVE('',#3248,#3264,#3272,.T.);
#3272 = LINE('',#3273,#3274);
#3273 = CARTESIAN_POINT('',(209.835848,20.080431,1.499));
#3274 = VECTOR('',#3275,1.);
#3275 = DIRECTION('',(-1.,0.,0.));
#3276 = FACE_BOUND('',#3277,.T.);
#3277 = EDGE_LOOP('',(#3278,#3288,#3296,#3304));
#3278 = ORIENTED_EDGE('',*,*,#3279,.F.);
#3279 = EDGE_CURVE('',#3280,#3282,#3284,.T.);
#3280 = VERTEX_POINT('',#3281);
#3281 = CARTESIAN_POINT('',(298.190155,6.050962,1.499));
#3282 = VERTEX_POINT('',#3283);
#3283 = CARTESIAN_POINT('',(298.190155,20.088682,1.499));
#3284 = LINE('',#3285,#3286);
#3285 = CARTESIAN_POINT('',(298.190155,35.79879425,1.499));
#3286 = VECTOR('',#3287,1.);
#3287 = DIRECTION('',(0.,1.,0.));
#3288 = ORIENTED_EDGE('',*,*,#3289,.F.);
#3289 = EDGE_CURVE('',#3290,#3280,#3292,.T.);
#3290 = VERTEX_POINT('',#3291);
#3291 = CARTESIAN_POINT('',(284.111023,6.050962,1.499));
#3292 = LINE('',#3293,#3294);
#3293 = CARTESIAN_POINT('',(226.300249,6.050962,1.499));
#3294 = VECTOR('',#3295,1.);
#3295 = DIRECTION('',(1.,0.,0.));
#3296 = ORIENTED_EDGE('',*,*,#3297,.F.);
#3297 = EDGE_CURVE('',#3298,#3290,#3300,.T.);
#3298 = VERTEX_POINT('',#3299);
#3299 = CARTESIAN_POINT('',(284.111023,20.088682,1.499));
#3300 = LINE('',#3301,#3302);
#3301 = CARTESIAN_POINT('',(284.111023,28.77993425,1.499));
#3302 = VECTOR('',#3303,1.);
#3303 = DIRECTION('',(0.,-1.,0.));
#3304 = ORIENTED_EDGE('',*,*,#3305,.F.);
#3305 = EDGE_CURVE('',#3282,#3298,#3306,.T.);
#3306 = LINE('',#3307,#3308);
#3307 = CARTESIAN_POINT('',(219.260683,20.088682,1.499));
#3308 = VECTOR('',#3309,1.);
#3309 = DIRECTION('',(-1.,0.,0.));
#3310 = FACE_BOUND('',#3311,.T.);
#3311 = EDGE_LOOP('',(#3312,#3322,#3330,#3338));
#3312 = ORIENTED_EDGE('',*,*,#3313,.F.);
#3313 = EDGE_CURVE('',#3314,#3316,#3318,.T.);
#3314 = VERTEX_POINT('',#3315);
#3315 = CARTESIAN_POINT('',(172.970444,25.015224,1.499));
#3316 = VERTEX_POINT('',#3317);
#3317 = CARTESIAN_POINT('',(172.970444,39.104065,1.499));
#3318 = LINE('',#3319,#3320);
#3319 = CARTESIAN_POINT('',(172.970444,45.30648575,1.499));
#3320 = VECTOR('',#3321,1.);
#3321 = DIRECTION('',(0.,1.,0.));
#3322 = ORIENTED_EDGE('',*,*,#3323,.F.);
#3323 = EDGE_CURVE('',#3324,#3314,#3326,.T.);
#3324 = VERTEX_POINT('',#3325);
#3325 = CARTESIAN_POINT('',(158.923035,25.015224,1.499));
#3326 = LINE('',#3327,#3328);
#3327 = CARTESIAN_POINT('',(163.6903935,25.015224,1.499));
#3328 = VECTOR('',#3329,1.);
#3329 = DIRECTION('',(1.,0.,0.));
#3330 = ORIENTED_EDGE('',*,*,#3331,.F.);
#3331 = EDGE_CURVE('',#3332,#3324,#3334,.T.);
#3332 = VERTEX_POINT('',#3333);
#3333 = CARTESIAN_POINT('',(158.923035,39.104065,1.499));
#3334 = LINE('',#3335,#3336);
#3335 = CARTESIAN_POINT('',(158.923035,38.26206525,1.499));
#3336 = VECTOR('',#3337,1.);
#3337 = DIRECTION('',(0.,-1.,0.));
#3338 = ORIENTED_EDGE('',*,*,#3339,.F.);
#3339 = EDGE_CURVE('',#3316,#3332,#3340,.T.);
#3340 = LINE('',#3341,#3342);
#3341 = CARTESIAN_POINT('',(156.666689,39.104065,1.499));
#3342 = VECTOR('',#3343,1.);
#3343 = DIRECTION('',(-1.,0.,0.));
#3344 = FACE_BOUND('',#3345,.T.);
#3345 = EDGE_LOOP('',(#3346,#3356,#3364,#3372));
#3346 = ORIENTED_EDGE('',*,*,#3347,.F.);
#3347 = EDGE_CURVE('',#3348,#3350,#3352,.T.);
#3348 = VERTEX_POINT('',#3349);
#3349 = CARTESIAN_POINT('',(191.838501,25.138704,1.499));
#3350 = VERTEX_POINT('',#3351);
#3351 = CARTESIAN_POINT('',(191.838501,39.12664,1.499));
#3352 = LINE('',#3353,#3354);
#3353 = CARTESIAN_POINT('',(191.838501,45.31777325,1.499));
#3354 = VECTOR('',#3355,1.);
#3355 = DIRECTION('',(0.,1.,0.));
#3356 = ORIENTED_EDGE('',*,*,#3357,.F.);
#3357 = EDGE_CURVE('',#3358,#3348,#3360,.T.);
#3358 = VERTEX_POINT('',#3359);
#3359 = CARTESIAN_POINT('',(177.774673,25.138704,1.499));
#3360 = LINE('',#3361,#3362);
#3361 = CARTESIAN_POINT('',(173.124422,25.138704,1.499));
#3362 = VECTOR('',#3363,1.);
#3363 = DIRECTION('',(1.,0.,0.));
#3364 = ORIENTED_EDGE('',*,*,#3365,.F.);
#3365 = EDGE_CURVE('',#3366,#3358,#3368,.T.);
#3366 = VERTEX_POINT('',#3367);
#3367 = CARTESIAN_POINT('',(177.774673,39.12664,1.499));
#3368 = LINE('',#3369,#3370);
#3369 = CARTESIAN_POINT('',(177.774673,38.32380525,1.499));
#3370 = VECTOR('',#3371,1.);
#3371 = DIRECTION('',(0.,-1.,0.));
#3372 = ORIENTED_EDGE('',*,*,#3373,.F.);
#3373 = EDGE_CURVE('',#3350,#3366,#3374,.T.);
#3374 = LINE('',#3375,#3376);
#3375 = CARTESIAN_POINT('',(166.092508,39.12664,1.499));
#3376 = VECTOR('',#3377,1.);
#3377 = DIRECTION('',(-1.,0.,0.));
#3378 = FACE_BOUND('',#3379,.T.);
#3379 = EDGE_LOOP('',(#3380,#3390,#3398,#3406));
#3380 = ORIENTED_EDGE('',*,*,#3381,.F.);
#3381 = EDGE_CURVE('',#3382,#3384,#3386,.T.);
#3382 = VERTEX_POINT('',#3383);
#3383 = CARTESIAN_POINT('',(210.769562,25.02832,1.499));
#3384 = VERTEX_POINT('',#3385);
#3385 = CARTESIAN_POINT('',(210.769562,39.099403,1.499));
#3386 = LINE('',#3387,#3388);
#3387 = CARTESIAN_POINT('',(210.769562,45.30415475,1.499));
#3388 = VECTOR('',#3389,1.);
#3389 = DIRECTION('',(0.,1.,0.));
#3390 = ORIENTED_EDGE('',*,*,#3391,.F.);
#3391 = EDGE_CURVE('',#3392,#3382,#3394,.T.);
#3392 = VERTEX_POINT('',#3393);
#3393 = CARTESIAN_POINT('',(196.71402,25.02832,1.499));
#3394 = LINE('',#3395,#3396);
#3395 = CARTESIAN_POINT('',(182.5899525,25.02832,1.499));
#3396 = VECTOR('',#3397,1.);
#3397 = DIRECTION('',(1.,0.,0.));
#3398 = ORIENTED_EDGE('',*,*,#3399,.F.);
#3399 = EDGE_CURVE('',#3400,#3392,#3402,.T.);
#3400 = VERTEX_POINT('',#3401);
#3401 = CARTESIAN_POINT('',(196.71402,39.099403,1.499));
#3402 = LINE('',#3403,#3404);
#3403 = CARTESIAN_POINT('',(196.71402,38.26861325,1.499));
#3404 = VECTOR('',#3405,1.);
#3405 = DIRECTION('',(0.,-1.,0.));
#3406 = ORIENTED_EDGE('',*,*,#3407,.F.);
#3407 = EDGE_CURVE('',#3384,#3400,#3408,.T.);
#3408 = LINE('',#3409,#3410);
#3409 = CARTESIAN_POINT('',(175.5621815,39.099403,1.499));
#3410 = VECTOR('',#3411,1.);
#3411 = DIRECTION('',(-1.,0.,0.));
#3412 = FACE_BOUND('',#3413,.T.);
#3413 = EDGE_LOOP('',(#3414,#3424,#3432,#3440));
#3414 = ORIENTED_EDGE('',*,*,#3415,.F.);
#3415 = EDGE_CURVE('',#3416,#3418,#3420,.T.);
#3416 = VERTEX_POINT('',#3417);
#3417 = CARTESIAN_POINT('',(229.740692,24.773357,1.499));
#3418 = VERTEX_POINT('',#3419);
#3419 = CARTESIAN_POINT('',(229.740692,38.965725,1.499));
#3420 = LINE('',#3421,#3422);
#3421 = CARTESIAN_POINT('',(229.740692,45.23731575,1.499));
#3422 = VECTOR('',#3423,1.);
#3423 = DIRECTION('',(0.,1.,0.));
#3424 = ORIENTED_EDGE('',*,*,#3425,.F.);
#3425 = EDGE_CURVE('',#3426,#3416,#3428,.T.);
#3426 = VERTEX_POINT('',#3427);
#3427 = CARTESIAN_POINT('',(215.640472,24.773357,1.499));
#3428 = LINE('',#3429,#3430);
#3429 = CARTESIAN_POINT('',(192.0755175,24.773357,1.499));
#3430 = VECTOR('',#3431,1.);
#3431 = DIRECTION('',(1.,0.,0.));
#3432 = ORIENTED_EDGE('',*,*,#3433,.F.);
#3433 = EDGE_CURVE('',#3434,#3426,#3436,.T.);
#3434 = VERTEX_POINT('',#3435);
#3435 = CARTESIAN_POINT('',(215.640472,38.965725,1.499));
#3436 = LINE('',#3437,#3438);
#3437 = CARTESIAN_POINT('',(215.640472,38.14113175,1.499));
#3438 = VECTOR('',#3439,1.);
#3439 = DIRECTION('',(0.,-1.,0.));
#3440 = ORIENTED_EDGE('',*,*,#3441,.F.);
#3441 = EDGE_CURVE('',#3418,#3434,#3442,.T.);
#3442 = LINE('',#3443,#3444);
#3443 = CARTESIAN_POINT('',(185.0254075,38.965725,1.499));
#3444 = VECTOR('',#3445,1.);
#3445 = DIRECTION('',(-1.,0.,0.));
#3446 = FACE_BOUND('',#3447,.T.);
#3447 = EDGE_LOOP('',(#3448,#3458,#3466,#3474));
#3448 = ORIENTED_EDGE('',*,*,#3449,.F.);
#3449 = EDGE_CURVE('',#3450,#3452,#3454,.T.);
#3450 = VERTEX_POINT('',#3451);
#3451 = CARTESIAN_POINT('',(168.078125,44.038712,1.499));
#3452 = VERTEX_POINT('',#3453);
#3453 = CARTESIAN_POINT('',(168.078125,58.252357,1.499));
#3454 = LINE('',#3455,#3456);
#3455 = CARTESIAN_POINT('',(168.078125,54.88063175,1.499));
#3456 = VECTOR('',#3457,1.);
#3457 = DIRECTION('',(0.,1.,0.));
#3458 = ORIENTED_EDGE('',*,*,#3459,.F.);
#3459 = EDGE_CURVE('',#3460,#3450,#3462,.T.);
#3460 = VERTEX_POINT('',#3461);
#3461 = CARTESIAN_POINT('',(154.082947,44.038712,1.499));
#3462 = LINE('',#3463,#3464);
#3463 = CARTESIAN_POINT('',(161.244234,44.038712,1.499));
#3464 = VECTOR('',#3465,1.);
#3465 = DIRECTION('',(1.,0.,0.));
#3466 = ORIENTED_EDGE('',*,*,#3467,.F.);
#3467 = EDGE_CURVE('',#3468,#3460,#3470,.T.);
#3468 = VERTEX_POINT('',#3469);
#3469 = CARTESIAN_POINT('',(154.082947,58.252357,1.499));
#3470 = LINE('',#3471,#3472);
#3471 = CARTESIAN_POINT('',(154.082947,47.77380925,1.499));
#3472 = VECTOR('',#3473,1.);
#3473 = DIRECTION('',(0.,-1.,0.));
#3474 = ORIENTED_EDGE('',*,*,#3475,.F.);
#3475 = EDGE_CURVE('',#3452,#3468,#3476,.T.);
#3476 = LINE('',#3477,#3478);
#3477 = CARTESIAN_POINT('',(154.246645,58.252357,1.499));
#3478 = VECTOR('',#3479,1.);
#3479 = DIRECTION('',(-1.,0.,0.));
#3480 = FACE_BOUND('',#3481,.T.);
#3481 = EDGE_LOOP('',(#3482,#3492,#3500,#3508));
#3482 = ORIENTED_EDGE('',*,*,#3483,.F.);
#3483 = EDGE_CURVE('',#3484,#3486,#3488,.T.);
#3484 = VERTEX_POINT('',#3485);
#3485 = CARTESIAN_POINT('',(186.948105,44.119499,1.499));
#3486 = VERTEX_POINT('',#3487);
#3487 = CARTESIAN_POINT('',(186.948105,58.128384,1.499));
#3488 = LINE('',#3489,#3490);
#3489 = CARTESIAN_POINT('',(186.948105,54.81864525,1.499));
#3490 = VECTOR('',#3491,1.);
#3491 = DIRECTION('',(0.,1.,0.));
#3492 = ORIENTED_EDGE('',*,*,#3493,.F.);
#3493 = EDGE_CURVE('',#3494,#3484,#3496,.T.);
#3494 = VERTEX_POINT('',#3495);
#3495 = CARTESIAN_POINT('',(172.953522,44.119499,1.499));
#3496 = LINE('',#3497,#3498);
#3497 = CARTESIAN_POINT('',(170.679224,44.119499,1.499));
#3498 = VECTOR('',#3499,1.);
#3499 = DIRECTION('',(1.,0.,0.));
#3500 = ORIENTED_EDGE('',*,*,#3501,.F.);
#3501 = EDGE_CURVE('',#3502,#3494,#3504,.T.);
#3502 = VERTEX_POINT('',#3503);
#3503 = CARTESIAN_POINT('',(172.953522,58.128384,1.499));
#3504 = LINE('',#3505,#3506);
#3505 = CARTESIAN_POINT('',(172.953522,47.81420275,1.499));
#3506 = VECTOR('',#3507,1.);
#3507 = DIRECTION('',(0.,-1.,0.));
#3508 = ORIENTED_EDGE('',*,*,#3509,.F.);
#3509 = EDGE_CURVE('',#3486,#3502,#3510,.T.);
#3510 = LINE('',#3511,#3512);
#3511 = CARTESIAN_POINT('',(163.6819325,58.128384,1.499));
#3512 = VECTOR('',#3513,1.);
#3513 = DIRECTION('',(-1.,0.,0.));
#3514 = FACE_BOUND('',#3515,.T.);
#3515 = EDGE_LOOP('',(#3516,#3526,#3534,#3542));
#3516 = ORIENTED_EDGE('',*,*,#3517,.F.);
#3517 = EDGE_CURVE('',#3518,#3520,#3522,.T.);
#3518 = VERTEX_POINT('',#3519);
#3519 = CARTESIAN_POINT('',(205.83255,44.075291,1.499));
#3520 = VERTEX_POINT('',#3521);
#3521 = CARTESIAN_POINT('',(205.83255,58.034641,1.499));
#3522 = LINE('',#3523,#3524);
#3523 = CARTESIAN_POINT('',(205.83255,54.77177375,1.499));
#3524 = VECTOR('',#3525,1.);
#3525 = DIRECTION('',(0.,1.,0.));
#3526 = ORIENTED_EDGE('',*,*,#3527,.F.);
#3527 = EDGE_CURVE('',#3528,#3518,#3530,.T.);
#3528 = VERTEX_POINT('',#3529);
#3529 = CARTESIAN_POINT('',(191.873184,44.075291,1.499));
#3530 = LINE('',#3531,#3532);
#3531 = CARTESIAN_POINT('',(180.1214465,44.075291,1.499));
#3532 = VECTOR('',#3533,1.);
#3533 = DIRECTION('',(1.,0.,0.));
#3534 = ORIENTED_EDGE('',*,*,#3535,.F.);
#3535 = EDGE_CURVE('',#3536,#3528,#3538,.T.);
#3536 = VERTEX_POINT('',#3537);
#3537 = CARTESIAN_POINT('',(191.873184,58.034641,1.499));
#3538 = LINE('',#3539,#3540);
#3539 = CARTESIAN_POINT('',(191.873184,47.79209875,1.499));
#3540 = VECTOR('',#3541,1.);
#3541 = DIRECTION('',(0.,-1.,0.));
#3542 = ORIENTED_EDGE('',*,*,#3543,.F.);
#3543 = EDGE_CURVE('',#3520,#3536,#3544,.T.);
#3544 = LINE('',#3545,#3546);
#3545 = CARTESIAN_POINT('',(173.1417635,58.034641,1.499));
#3546 = VECTOR('',#3547,1.);
#3547 = DIRECTION('',(-1.,0.,0.));
#3548 = FACE_BOUND('',#3549,.T.);
#3549 = EDGE_LOOP('',(#3550,#3560,#3568,#3576));
#3550 = ORIENTED_EDGE('',*,*,#3551,.F.);
#3551 = EDGE_CURVE('',#3552,#3554,#3556,.T.);
#3552 = VERTEX_POINT('',#3553);
#3553 = CARTESIAN_POINT('',(224.895798,44.102898,1.499));
#3554 = VERTEX_POINT('',#3555);
#3555 = CARTESIAN_POINT('',(224.895798,58.13707,1.499));
#3556 = LINE('',#3557,#3558);
#3557 = CARTESIAN_POINT('',(224.895798,54.82298825,1.499));
#3558 = VECTOR('',#3559,1.);
#3559 = DIRECTION('',(0.,1.,0.));
#3560 = ORIENTED_EDGE('',*,*,#3561,.F.);
#3561 = EDGE_CURVE('',#3562,#3552,#3564,.T.);
#3562 = VERTEX_POINT('',#3563);
#3563 = CARTESIAN_POINT('',(210.786163,44.102898,1.499));
#3564 = LINE('',#3565,#3566);
#3565 = CARTESIAN_POINT('',(189.6530705,44.102898,1.499));
#3566 = VECTOR('',#3567,1.);
#3567 = DIRECTION('',(1.,0.,0.));
#3568 = ORIENTED_EDGE('',*,*,#3569,.F.);
#3569 = EDGE_CURVE('',#3570,#3562,#3572,.T.);
#3570 = VERTEX_POINT('',#3571);
#3571 = CARTESIAN_POINT('',(210.786163,58.13707,1.499));
#3572 = LINE('',#3573,#3574);
#3573 = CARTESIAN_POINT('',(210.786163,47.80590225,1.499));
#3574 = VECTOR('',#3575,1.);
#3575 = DIRECTION('',(0.,-1.,0.));
#3576 = ORIENTED_EDGE('',*,*,#3577,.F.);
#3577 = EDGE_CURVE('',#3554,#3570,#3578,.T.);
#3578 = LINE('',#3579,#3580);
#3579 = CARTESIAN_POINT('',(182.598253,58.13707,1.499));
#3580 = VECTOR('',#3581,1.);
#3581 = DIRECTION('',(-1.,0.,0.));
#3582 = FACE_BOUND('',#3583,.T.);
#3583 = EDGE_LOOP('',(#3584,#3594,#3602,#3610));
#3584 = ORIENTED_EDGE('',*,*,#3585,.F.);
#3585 = EDGE_CURVE('',#3586,#3588,#3590,.T.);
#3586 = VERTEX_POINT('',#3587);
#3587 = CARTESIAN_POINT('',(253.521606,25.188343,1.499));
#3588 = VERTEX_POINT('',#3589);
#3589 = CARTESIAN_POINT('',(253.521606,39.166824,1.499));
#3590 = LINE('',#3591,#3592);
#3591 = CARTESIAN_POINT('',(253.521606,45.33786525,1.499));
#3592 = VECTOR('',#3593,1.);
#3593 = DIRECTION('',(0.,1.,0.));
#3594 = ORIENTED_EDGE('',*,*,#3595,.F.);
#3595 = EDGE_CURVE('',#3596,#3586,#3598,.T.);
#3596 = VERTEX_POINT('',#3597);
#3597 = CARTESIAN_POINT('',(239.347504,25.188343,1.499));
#3598 = LINE('',#3599,#3600);
#3599 = CARTESIAN_POINT('',(203.9659745,25.188343,1.499));
#3600 = VECTOR('',#3601,1.);
#3601 = DIRECTION('',(1.,0.,0.));
#3602 = ORIENTED_EDGE('',*,*,#3603,.F.);
#3603 = EDGE_CURVE('',#3604,#3596,#3606,.T.);
#3604 = VERTEX_POINT('',#3605);
#3605 = CARTESIAN_POINT('',(239.347504,39.166824,1.499));
#3606 = LINE('',#3607,#3608);
#3607 = CARTESIAN_POINT('',(239.347504,38.34862475,1.499));
#3608 = VECTOR('',#3609,1.);
#3609 = DIRECTION('',(0.,-1.,0.));
#3610 = ORIENTED_EDGE('',*,*,#3611,.F.);
#3611 = EDGE_CURVE('',#3588,#3604,#3612,.T.);
#3612 = LINE('',#3613,#3614);
#3613 = CARTESIAN_POINT('',(196.8789235,39.166824,1.499));
#3614 = VECTOR('',#3615,1.);
#3615 = DIRECTION('',(-1.,0.,0.));
#3616 = FACE_BOUND('',#3617,.T.);
#3617 = EDGE_LOOP('',(#3618,#3628,#3636,#3644));
#3618 = ORIENTED_EDGE('',*,*,#3619,.F.);
#3619 = EDGE_CURVE('',#3620,#3622,#3624,.T.);
#3620 = VERTEX_POINT('',#3621);
#3621 = CARTESIAN_POINT('',(279.507111,25.242496,1.499));
#3622 = VERTEX_POINT('',#3623);
#3623 = CARTESIAN_POINT('',(279.507111,39.066174,1.499));
#3624 = LINE('',#3625,#3626);
#3625 = CARTESIAN_POINT('',(279.507111,45.28754025,1.499));
#3626 = VECTOR('',#3627,1.);
#3627 = DIRECTION('',(0.,1.,0.));
#3628 = ORIENTED_EDGE('',*,*,#3629,.F.);
#3629 = EDGE_CURVE('',#3630,#3620,#3632,.T.);
#3630 = VERTEX_POINT('',#3631);
#3631 = CARTESIAN_POINT('',(265.314789,25.242496,1.499));
#3632 = LINE('',#3633,#3634);
#3633 = CARTESIAN_POINT('',(216.958727,25.242496,1.499));
#3634 = VECTOR('',#3635,1.);
#3635 = DIRECTION('',(1.,0.,0.));
#3636 = ORIENTED_EDGE('',*,*,#3637,.F.);
#3637 = EDGE_CURVE('',#3638,#3630,#3640,.T.);
#3638 = VERTEX_POINT('',#3639);
#3639 = CARTESIAN_POINT('',(265.314789,39.066174,1.499));
#3640 = LINE('',#3641,#3642);
#3641 = CARTESIAN_POINT('',(265.314789,38.37570125,1.499));
#3642 = VECTOR('',#3643,1.);
#3643 = DIRECTION('',(0.,-1.,0.));
#3644 = ORIENTED_EDGE('',*,*,#3645,.F.);
#3645 = EDGE_CURVE('',#3622,#3638,#3646,.T.);
#3646 = LINE('',#3647,#3648);
#3647 = CARTESIAN_POINT('',(209.862566,39.066174,1.499));
#3648 = VECTOR('',#3649,1.);
#3649 = DIRECTION('',(-1.,0.,0.));
#3650 = FACE_BOUND('',#3651,.T.);
#3651 = EDGE_LOOP('',(#3652,#3662,#3670,#3678));
#3652 = ORIENTED_EDGE('',*,*,#3653,.F.);
#3653 = EDGE_CURVE('',#3654,#3656,#3658,.T.);
#3654 = VERTEX_POINT('',#3655);
#3655 = CARTESIAN_POINT('',(243.806763,44.10289,1.499));
#3656 = VERTEX_POINT('',#3657);
#3657 = CARTESIAN_POINT('',(243.806763,58.094742,1.499));
#3658 = LINE('',#3659,#3660);
#3659 = CARTESIAN_POINT('',(243.806763,54.80182425,1.499));
#3660 = VECTOR('',#3661,1.);
#3661 = DIRECTION('',(0.,1.,0.));
#3662 = ORIENTED_EDGE('',*,*,#3663,.F.);
#3663 = EDGE_CURVE('',#3664,#3654,#3666,.T.);
#3664 = VERTEX_POINT('',#3665);
#3665 = CARTESIAN_POINT('',(229.800217,44.10289,1.499));
#3666 = LINE('',#3667,#3668);
#3667 = CARTESIAN_POINT('',(199.108553,44.10289,1.499));
#3668 = VECTOR('',#3669,1.);
#3669 = DIRECTION('',(1.,0.,0.));
#3670 = ORIENTED_EDGE('',*,*,#3671,.F.);
#3671 = EDGE_CURVE('',#3672,#3664,#3674,.T.);
#3672 = VERTEX_POINT('',#3673);
#3673 = CARTESIAN_POINT('',(229.800217,58.094742,1.499));
#3674 = LINE('',#3675,#3676);
#3675 = CARTESIAN_POINT('',(229.800217,47.80589825,1.499));
#3676 = VECTOR('',#3677,1.);
#3677 = DIRECTION('',(0.,-1.,0.));
#3678 = ORIENTED_EDGE('',*,*,#3679,.F.);
#3679 = EDGE_CURVE('',#3656,#3672,#3680,.T.);
#3680 = LINE('',#3681,#3682);
#3681 = CARTESIAN_POINT('',(192.10528,58.094742,1.499));
#3682 = VECTOR('',#3683,1.);
#3683 = DIRECTION('',(-1.,0.,0.));
#3684 = FACE_BOUND('',#3685,.T.);
#3685 = EDGE_LOOP('',(#3686,#3696,#3704,#3712));
#3686 = ORIENTED_EDGE('',*,*,#3687,.F.);
#3687 = EDGE_CURVE('',#3688,#3690,#3692,.T.);
#3688 = VERTEX_POINT('',#3689);
#3689 = CARTESIAN_POINT('',(267.874603,43.976906,1.499));
#3690 = VERTEX_POINT('',#3691);
#3691 = CARTESIAN_POINT('',(267.874603,58.055431,1.499));
#3692 = LINE('',#3693,#3694);
#3693 = CARTESIAN_POINT('',(267.874603,54.78216875,1.499));
#3694 = VECTOR('',#3695,1.);
#3695 = DIRECTION('',(0.,1.,0.));
#3696 = ORIENTED_EDGE('',*,*,#3697,.F.);
#3697 = EDGE_CURVE('',#3698,#3688,#3700,.T.);
#3698 = VERTEX_POINT('',#3699);
#3699 = CARTESIAN_POINT('',(253.553192,43.976906,1.499));
#3700 = LINE('',#3701,#3702);
#3701 = CARTESIAN_POINT('',(211.142473,43.976906,1.499));
#3702 = VECTOR('',#3703,1.);
#3703 = DIRECTION('',(1.,0.,0.));
#3704 = ORIENTED_EDGE('',*,*,#3705,.F.);
#3705 = EDGE_CURVE('',#3706,#3698,#3708,.T.);
#3706 = VERTEX_POINT('',#3707);
#3707 = CARTESIAN_POINT('',(253.553192,58.055431,1.499));
#3708 = LINE('',#3709,#3710);
#3709 = CARTESIAN_POINT('',(253.553192,47.74290625,1.499));
#3710 = VECTOR('',#3711,1.);
#3711 = DIRECTION('',(0.,-1.,0.));
#3712 = ORIENTED_EDGE('',*,*,#3713,.F.);
#3713 = EDGE_CURVE('',#3690,#3706,#3714,.T.);
#3714 = LINE('',#3715,#3716);
#3715 = CARTESIAN_POINT('',(203.9817675,58.055431,1.499));
#3716 = VECTOR('',#3717,1.);
#3717 = DIRECTION('',(-1.,0.,0.));
#3718 = FACE_BOUND('',#3719,.T.);
#3719 = EDGE_LOOP('',(#3720,#3730,#3738,#3746));
#3720 = ORIENTED_EDGE('',*,*,#3721,.F.);
#3721 = EDGE_CURVE('',#3722,#3724,#3726,.T.);
#3722 = VERTEX_POINT('',#3723);
#3723 = CARTESIAN_POINT('',(295.982758,41.559174,1.499));
#3724 = VERTEX_POINT('',#3725);
#3725 = CARTESIAN_POINT('',(295.982758,55.659321,1.499));
#3726 = LINE('',#3727,#3728);
#3727 = CARTESIAN_POINT('',(295.982758,53.58411375,1.499));
#3728 = VECTOR('',#3729,1.);
#3729 = DIRECTION('',(0.,1.,0.));
#3730 = ORIENTED_EDGE('',*,*,#3731,.F.);
#3731 = EDGE_CURVE('',#3732,#3722,#3734,.T.);
#3732 = VERTEX_POINT('',#3733);
#3733 = CARTESIAN_POINT('',(281.698273,41.559174,1.499));
#3734 = LINE('',#3735,#3736);
#3735 = CARTESIAN_POINT('',(225.1965505,41.559174,1.499));
#3736 = VECTOR('',#3737,1.);
#3737 = DIRECTION('',(1.,0.,0.));
#3738 = ORIENTED_EDGE('',*,*,#3739,.F.);
#3739 = EDGE_CURVE('',#3740,#3732,#3742,.T.);
#3740 = VERTEX_POINT('',#3741);
#3741 = CARTESIAN_POINT('',(281.698273,55.659321,1.499));
#3742 = LINE('',#3743,#3744);
#3743 = CARTESIAN_POINT('',(281.698273,46.53404025,1.499));
#3744 = VECTOR('',#3745,1.);
#3745 = DIRECTION('',(0.,-1.,0.));
#3746 = ORIENTED_EDGE('',*,*,#3747,.F.);
#3747 = EDGE_CURVE('',#3724,#3740,#3748,.T.);
#3748 = LINE('',#3749,#3750);
#3749 = CARTESIAN_POINT('',(218.054308,55.659321,1.499));
#3750 = VECTOR('',#3751,1.);
#3751 = DIRECTION('',(-1.,0.,0.));
#3752 = FACE_BOUND('',#3753,.T.);
#3753 = EDGE_LOOP('',(#3754,#3764,#3772,#3780));
#3754 = ORIENTED_EDGE('',*,*,#3755,.F.);
#3755 = EDGE_CURVE('',#3756,#3758,#3760,.T.);
#3756 = VERTEX_POINT('',#3757);
#3757 = CARTESIAN_POINT('',(24.601149,63.22332,1.499));
#3758 = VERTEX_POINT('',#3759);
#3759 = CARTESIAN_POINT('',(24.601149,77.184532,1.499));
#3760 = LINE('',#3761,#3762);
#3761 = CARTESIAN_POINT('',(24.601149,64.34671925,1.499));
#3762 = VECTOR('',#3763,1.);
#3763 = DIRECTION('',(0.,1.,0.));
#3764 = ORIENTED_EDGE('',*,*,#3765,.F.);
#3765 = EDGE_CURVE('',#3766,#3756,#3768,.T.);
#3766 = VERTEX_POINT('',#3767);
#3767 = CARTESIAN_POINT('',(10.578156,63.22332,1.499));
#3768 = LINE('',#3769,#3770);
#3769 = CARTESIAN_POINT('',(89.505746,63.22332,1.499));
#3770 = VECTOR('',#3771,1.);
#3771 = DIRECTION('',(1.,0.,0.));
#3772 = ORIENTED_EDGE('',*,*,#3773,.F.);
#3773 = EDGE_CURVE('',#3774,#3766,#3776,.T.);
#3774 = VERTEX_POINT('',#3775);
#3775 = CARTESIAN_POINT('',(10.578156,77.184532,1.499));
#3776 = LINE('',#3777,#3778);
#3777 = CARTESIAN_POINT('',(10.578156,57.36611325,1.499));
#3778 = VECTOR('',#3779,1.);
#3779 = DIRECTION('',(0.,-1.,0.));
#3780 = ORIENTED_EDGE('',*,*,#3781,.F.);
#3781 = EDGE_CURVE('',#3758,#3774,#3782,.T.);
#3782 = LINE('',#3783,#3784);
#3783 = CARTESIAN_POINT('',(82.4942495,77.184532,1.499));
#3784 = VECTOR('',#3785,1.);
#3785 = DIRECTION('',(-1.,0.,0.));
#3786 = FACE_BOUND('',#3787,.T.);
#3787 = EDGE_LOOP('',(#3788,#3798,#3806,#3814));
#3788 = ORIENTED_EDGE('',*,*,#3789,.F.);
#3789 = EDGE_CURVE('',#3790,#3792,#3794,.T.);
#3790 = VERTEX_POINT('',#3791);
#3791 = CARTESIAN_POINT('',(48.261086,63.223312,1.499));
#3792 = VERTEX_POINT('',#3793);
#3793 = CARTESIAN_POINT('',(48.261086,77.308075,1.499));
#3794 = LINE('',#3795,#3796);
#3795 = CARTESIAN_POINT('',(48.261086,64.40849075,1.499));
#3796 = VECTOR('',#3797,1.);
#3797 = DIRECTION('',(0.,1.,0.));
#3798 = ORIENTED_EDGE('',*,*,#3799,.F.);
#3799 = EDGE_CURVE('',#3800,#3790,#3802,.T.);
#3800 = VERTEX_POINT('',#3801);
#3801 = CARTESIAN_POINT('',(34.176315,63.223312,1.499));
#3802 = LINE('',#3803,#3804);
#3803 = CARTESIAN_POINT('',(101.3357145,63.223312,1.499));
#3804 = VECTOR('',#3805,1.);
#3805 = DIRECTION('',(1.,0.,0.));
#3806 = ORIENTED_EDGE('',*,*,#3807,.F.);
#3807 = EDGE_CURVE('',#3808,#3800,#3810,.T.);
#3808 = VERTEX_POINT('',#3809);
#3809 = CARTESIAN_POINT('',(34.176315,77.308075,1.499));
#3810 = LINE('',#3811,#3812);
#3811 = CARTESIAN_POINT('',(34.176315,57.36610925,1.499));
#3812 = VECTOR('',#3813,1.);
#3813 = DIRECTION('',(0.,-1.,0.));
#3814 = ORIENTED_EDGE('',*,*,#3815,.F.);
#3815 = EDGE_CURVE('',#3792,#3808,#3816,.T.);
#3816 = LINE('',#3817,#3818);
#3817 = CARTESIAN_POINT('',(94.293329,77.308075,1.499));
#3818 = VECTOR('',#3819,1.);
#3819 = DIRECTION('',(-1.,0.,0.));
#3820 = FACE_BOUND('',#3821,.T.);
#3821 = EDGE_LOOP('',(#3822,#3832,#3840,#3848));
#3822 = ORIENTED_EDGE('',*,*,#3823,.F.);
#3823 = EDGE_CURVE('',#3824,#3826,#3828,.T.);
#3824 = VERTEX_POINT('',#3825);
#3825 = CARTESIAN_POINT('',(67.883217,63.220528,1.499));
#3826 = VERTEX_POINT('',#3827);
#3827 = CARTESIAN_POINT('',(67.883217,77.179237,1.499));
#3828 = LINE('',#3829,#3830);
#3829 = CARTESIAN_POINT('',(67.883217,64.34407175,1.499));
#3830 = VECTOR('',#3831,1.);
#3831 = DIRECTION('',(0.,1.,0.));
#3832 = ORIENTED_EDGE('',*,*,#3833,.F.);
#3833 = EDGE_CURVE('',#3834,#3824,#3836,.T.);
#3834 = VERTEX_POINT('',#3835);
#3835 = CARTESIAN_POINT('',(53.698143,63.220528,1.499));
#3836 = LINE('',#3837,#3838);
#3837 = CARTESIAN_POINT('',(111.14678,63.220528,1.499));
#3838 = VECTOR('',#3839,1.);
#3839 = DIRECTION('',(1.,0.,0.));
#3840 = ORIENTED_EDGE('',*,*,#3841,.F.);
#3841 = EDGE_CURVE('',#3842,#3834,#3844,.T.);
#3842 = VERTEX_POINT('',#3843);
#3843 = CARTESIAN_POINT('',(53.698143,77.179237,1.499));
#3844 = LINE('',#3845,#3846);
#3845 = CARTESIAN_POINT('',(53.698143,57.36471725,1.499));
#3846 = VECTOR('',#3847,1.);
#3847 = DIRECTION('',(0.,-1.,0.));
#3848 = ORIENTED_EDGE('',*,*,#3849,.F.);
#3849 = EDGE_CURVE('',#3826,#3842,#3850,.T.);
#3850 = LINE('',#3851,#3852);
#3851 = CARTESIAN_POINT('',(104.054243,77.179237,1.499));
#3852 = VECTOR('',#3853,1.);
#3853 = DIRECTION('',(-1.,0.,0.));
#3854 = FACE_BOUND('',#3855,.T.);
#3855 = EDGE_LOOP('',(#3856,#3866,#3874,#3882));
#3856 = ORIENTED_EDGE('',*,*,#3857,.F.);
#3857 = EDGE_CURVE('',#3858,#3860,#3862,.T.);
#3858 = VERTEX_POINT('',#3859);
#3859 = CARTESIAN_POINT('',(86.928612,63.15086,1.499));
#3860 = VERTEX_POINT('',#3861);
#3861 = CARTESIAN_POINT('',(86.928612,77.18502,1.499));
#3862 = LINE('',#3863,#3864);
#3863 = CARTESIAN_POINT('',(86.928612,64.34696325,1.499));
#3864 = VECTOR('',#3865,1.);
#3865 = DIRECTION('',(0.,1.,0.));
#3866 = ORIENTED_EDGE('',*,*,#3867,.F.);
#3867 = EDGE_CURVE('',#3868,#3858,#3870,.T.);
#3868 = VERTEX_POINT('',#3869);
#3869 = CARTESIAN_POINT('',(72.969887,63.15086,1.499));
#3870 = LINE('',#3871,#3872);
#3871 = CARTESIAN_POINT('',(120.6694775,63.15086,1.499));
#3872 = VECTOR('',#3873,1.);
#3873 = DIRECTION('',(1.,0.,0.));
#3874 = ORIENTED_EDGE('',*,*,#3875,.F.);
#3875 = EDGE_CURVE('',#3876,#3868,#3878,.T.);
#3876 = VERTEX_POINT('',#3877);
#3877 = CARTESIAN_POINT('',(72.969887,77.18502,1.499));
#3878 = LINE('',#3879,#3880);
#3879 = CARTESIAN_POINT('',(72.969887,57.32988325,1.499));
#3880 = VECTOR('',#3881,1.);
#3881 = DIRECTION('',(0.,-1.,0.));
#3882 = ORIENTED_EDGE('',*,*,#3883,.F.);
#3883 = EDGE_CURVE('',#3860,#3876,#3884,.T.);
#3884 = LINE('',#3885,#3886);
#3885 = CARTESIAN_POINT('',(113.690115,77.18502,1.499));
#3886 = VECTOR('',#3887,1.);
#3887 = DIRECTION('',(-1.,0.,0.));
#3888 = FACE_BOUND('',#3889,.T.);
#3889 = EDGE_LOOP('',(#3890,#3900,#3908,#3916));
#3890 = ORIENTED_EDGE('',*,*,#3891,.F.);
#3891 = EDGE_CURVE('',#3892,#3894,#3896,.T.);
#3892 = VERTEX_POINT('',#3893);
#3893 = CARTESIAN_POINT('',(106.061874,63.179283,1.499));
#3894 = VERTEX_POINT('',#3895);
#3895 = CARTESIAN_POINT('',(106.061874,77.140495,1.499));
#3896 = LINE('',#3897,#3898);
#3897 = CARTESIAN_POINT('',(106.061874,64.32470075,1.499));
#3898 = VECTOR('',#3899,1.);
#3899 = DIRECTION('',(0.,1.,0.));
#3900 = ORIENTED_EDGE('',*,*,#3901,.F.);
#3901 = EDGE_CURVE('',#3902,#3892,#3904,.T.);
#3902 = VERTEX_POINT('',#3903);
#3903 = CARTESIAN_POINT('',(91.977104,63.179283,1.499));
#3904 = LINE('',#3905,#3906);
#3905 = CARTESIAN_POINT('',(130.2361085,63.179283,1.499));
#3906 = VECTOR('',#3907,1.);
#3907 = DIRECTION('',(1.,0.,0.));
#3908 = ORIENTED_EDGE('',*,*,#3909,.F.);
#3909 = EDGE_CURVE('',#3910,#3902,#3912,.T.);
#3910 = VERTEX_POINT('',#3911);
#3911 = CARTESIAN_POINT('',(91.977104,77.140495,1.499));
#3912 = LINE('',#3913,#3914);
#3913 = CARTESIAN_POINT('',(91.977104,57.34409475,1.499));
#3914 = VECTOR('',#3915,1.);
#3915 = DIRECTION('',(0.,-1.,0.));
#3916 = ORIENTED_EDGE('',*,*,#3917,.F.);
#3917 = EDGE_CURVE('',#3894,#3910,#3918,.T.);
#3918 = LINE('',#3919,#3920);
#3919 = CARTESIAN_POINT('',(123.1937235,77.140495,1.499));
#3920 = VECTOR('',#3921,1.);
#3921 = DIRECTION('',(-1.,0.,0.));
#3922 = FACE_BOUND('',#3923,.T.);
#3923 = EDGE_LOOP('',(#3924,#3934,#3942,#3950));
#3924 = ORIENTED_EDGE('',*,*,#3925,.F.);
#3925 = EDGE_CURVE('',#3926,#3928,#3930,.T.);
#3926 = VERTEX_POINT('',#3927);
#3927 = CARTESIAN_POINT('',(125.235641,63.152721,1.499));
#3928 = VERTEX_POINT('',#3929);
#3929 = CARTESIAN_POINT('',(125.235641,77.052162,1.499));
#3930 = LINE('',#3931,#3932);
#3931 = CARTESIAN_POINT('',(125.235641,64.28053425,1.499));
#3932 = VECTOR('',#3933,1.);
#3933 = DIRECTION('',(0.,1.,0.));
#3934 = ORIENTED_EDGE('',*,*,#3935,.F.);
#3935 = EDGE_CURVE('',#3936,#3926,#3938,.T.);
#3936 = VERTEX_POINT('',#3937);
#3937 = CARTESIAN_POINT('',(111.274422,63.152721,1.499));
#3938 = LINE('',#3939,#3940);
#3939 = CARTESIAN_POINT('',(139.822992,63.152721,1.499));
#3940 = VECTOR('',#3941,1.);
#3941 = DIRECTION('',(1.,0.,0.));
#3942 = ORIENTED_EDGE('',*,*,#3943,.F.);
#3943 = EDGE_CURVE('',#3944,#3936,#3946,.T.);
#3944 = VERTEX_POINT('',#3945);
#3945 = CARTESIAN_POINT('',(111.274422,77.052162,1.499));
#3946 = LINE('',#3947,#3948);
#3947 = CARTESIAN_POINT('',(111.274422,57.33081375,1.499));
#3948 = VECTOR('',#3949,1.);
#3949 = DIRECTION('',(0.,-1.,0.));
#3950 = ORIENTED_EDGE('',*,*,#3951,.F.);
#3951 = EDGE_CURVE('',#3928,#3944,#3952,.T.);
#3952 = LINE('',#3953,#3954);
#3953 = CARTESIAN_POINT('',(132.8423825,77.052162,1.499));
#3954 = VECTOR('',#3955,1.);
#3955 = DIRECTION('',(-1.,0.,0.));
#3956 = FACE_BOUND('',#3957,.T.);
#3957 = EDGE_LOOP('',(#3958,#3968,#3976,#3984));
#3958 = ORIENTED_EDGE('',*,*,#3959,.F.);
#3959 = EDGE_CURVE('',#3960,#3962,#3964,.T.);
#3960 = VERTEX_POINT('',#3961);
#3961 = CARTESIAN_POINT('',(144.447754,63.214493,1.499));
#3962 = VERTEX_POINT('',#3963);
#3963 = CARTESIAN_POINT('',(144.447754,77.23748,1.499));
#3964 = LINE('',#3965,#3966);
#3965 = CARTESIAN_POINT('',(144.447754,64.37319325,1.499));
#3966 = VECTOR('',#3967,1.);
#3967 = DIRECTION('',(0.,1.,0.));
#3968 = ORIENTED_EDGE('',*,*,#3969,.F.);
#3969 = EDGE_CURVE('',#3970,#3960,#3972,.T.);
#3970 = VERTEX_POINT('',#3971);
#3971 = CARTESIAN_POINT('',(130.239441,63.214493,1.499));
#3972 = LINE('',#3973,#3974);
#3973 = CARTESIAN_POINT('',(149.4290485,63.214493,1.499));
#3974 = VECTOR('',#3975,1.);
#3975 = DIRECTION('',(1.,0.,0.));
#3976 = ORIENTED_EDGE('',*,*,#3977,.F.);
#3977 = EDGE_CURVE('',#3978,#3970,#3980,.T.);
#3978 = VERTEX_POINT('',#3979);
#3979 = CARTESIAN_POINT('',(130.239441,77.23748,1.499));
#3980 = LINE('',#3981,#3982);
#3981 = CARTESIAN_POINT('',(130.239441,57.36169975,1.499));
#3982 = VECTOR('',#3983,1.);
#3983 = DIRECTION('',(0.,-1.,0.));
#3984 = ORIENTED_EDGE('',*,*,#3985,.F.);
#3985 = EDGE_CURVE('',#3962,#3978,#3986,.T.);
#3986 = LINE('',#3987,#3988);
#3987 = CARTESIAN_POINT('',(142.324892,77.23748,1.499));
#3988 = VECTOR('',#3989,1.);
#3989 = DIRECTION('',(-1.,0.,0.));
#3990 = FACE_BOUND('',#3991,.T.);
#3991 = EDGE_LOOP('',(#3992,#4002,#4010,#4018));
#3992 = ORIENTED_EDGE('',*,*,#3993,.F.);
#3993 = EDGE_CURVE('',#3994,#3996,#3998,.T.);
#3994 = VERTEX_POINT('',#3995);
#3995 = CARTESIAN_POINT('',(20.190042,82.700844,1.499));
#3996 = VERTEX_POINT('',#3997);
#3997 = CARTESIAN_POINT('',(20.190042,96.749092,1.499));
#3998 = LINE('',#3999,#4000);
#3999 = CARTESIAN_POINT('',(20.190042,74.12899925,1.499));
#4000 = VECTOR('',#4001,1.);
#4001 = DIRECTION('',(0.,1.,0.));
#4002 = ORIENTED_EDGE('',*,*,#4003,.F.);
#4003 = EDGE_CURVE('',#4004,#3994,#4006,.T.);
#4004 = VERTEX_POINT('',#4005);
#4005 = CARTESIAN_POINT('',(5.965772,82.700844,1.499));
#4006 = LINE('',#4007,#4008);
#4007 = CARTESIAN_POINT('',(87.3001925,82.700844,1.499));
#4008 = VECTOR('',#4009,1.);
#4009 = DIRECTION('',(1.,0.,0.));
#4010 = ORIENTED_EDGE('',*,*,#4011,.F.);
#4011 = EDGE_CURVE('',#4012,#4004,#4014,.T.);
#4012 = VERTEX_POINT('',#4013);
#4013 = CARTESIAN_POINT('',(5.965772,96.749092,1.499));
#4014 = LINE('',#4015,#4016);
#4015 = CARTESIAN_POINT('',(5.965772,67.10487525,1.499));
#4016 = VECTOR('',#4017,1.);
#4017 = DIRECTION('',(0.,-1.,0.));
#4018 = ORIENTED_EDGE('',*,*,#4019,.F.);
#4019 = EDGE_CURVE('',#3996,#4012,#4020,.T.);
#4020 = LINE('',#4021,#4022);
#4021 = CARTESIAN_POINT('',(80.1880575,96.749092,1.499));
#4022 = VECTOR('',#4023,1.);
#4023 = DIRECTION('',(-1.,0.,0.));
#4024 = FACE_BOUND('',#4025,.T.);
#4025 = EDGE_LOOP('',(#4026,#4036,#4044,#4052));
#4026 = ORIENTED_EDGE('',*,*,#4027,.F.);
#4027 = EDGE_CURVE('',#4028,#4030,#4032,.T.);
#4028 = VERTEX_POINT('',#4029);
#4029 = CARTESIAN_POINT('',(38.977734,82.488556,1.499));
#4030 = VERTEX_POINT('',#4031);
#4031 = CARTESIAN_POINT('',(38.977734,96.749084,1.499));
#4032 = LINE('',#4033,#4034);
#4033 = CARTESIAN_POINT('',(38.977734,74.12899525,1.499));
#4034 = VECTOR('',#4035,1.);
#4035 = DIRECTION('',(0.,1.,0.));
#4036 = ORIENTED_EDGE('',*,*,#4037,.F.);
#4037 = EDGE_CURVE('',#4038,#4028,#4040,.T.);
#4038 = VERTEX_POINT('',#4039);
#4039 = CARTESIAN_POINT('',(24.717196,82.488556,1.499));
#4040 = LINE('',#4041,#4042);
#4041 = CARTESIAN_POINT('',(96.6940385,82.488556,1.499));
#4042 = VECTOR('',#4043,1.);
#4043 = DIRECTION('',(1.,0.,0.));
#4044 = ORIENTED_EDGE('',*,*,#4045,.F.);
#4045 = EDGE_CURVE('',#4046,#4038,#4048,.T.);
#4046 = VERTEX_POINT('',#4047);
#4047 = CARTESIAN_POINT('',(24.717196,96.749084,1.499));
#4048 = LINE('',#4049,#4050);
#4049 = CARTESIAN_POINT('',(24.717196,66.99873125,1.499));
#4050 = VECTOR('',#4051,1.);
#4051 = DIRECTION('',(0.,-1.,0.));
#4052 = ORIENTED_EDGE('',*,*,#4053,.F.);
#4053 = EDGE_CURVE('',#4030,#4046,#4054,.T.);
#4054 = LINE('',#4055,#4056);
#4055 = CARTESIAN_POINT('',(89.5637695,96.749084,1.499));
#4056 = VECTOR('',#4057,1.);
#4057 = DIRECTION('',(-1.,0.,0.));
#4058 = FACE_BOUND('',#4059,.T.);
#4059 = EDGE_LOOP('',(#4060,#4070,#4078,#4086));
#4060 = ORIENTED_EDGE('',*,*,#4061,.F.);
#4061 = EDGE_CURVE('',#4062,#4064,#4066,.T.);
#4062 = VERTEX_POINT('',#4063);
#4063 = CARTESIAN_POINT('',(57.849911,82.393723,1.499));
#4064 = VERTEX_POINT('',#4065);
#4065 = CARTESIAN_POINT('',(57.849911,96.578804,1.499));
#4066 = LINE('',#4067,#4068);
#4067 = CARTESIAN_POINT('',(57.849911,74.04385525,1.499));
#4068 = VECTOR('',#4069,1.);
#4069 = DIRECTION('',(0.,1.,0.));
#4070 = ORIENTED_EDGE('',*,*,#4071,.F.);
#4071 = EDGE_CURVE('',#4072,#4062,#4074,.T.);
#4072 = VERTEX_POINT('',#4073);
#4073 = CARTESIAN_POINT('',(43.74028,82.393723,1.499));
#4074 = LINE('',#4075,#4076);
#4075 = CARTESIAN_POINT('',(106.130127,82.393723,1.499));
#4076 = VECTOR('',#4077,1.);
#4077 = DIRECTION('',(1.,0.,0.));
#4078 = ORIENTED_EDGE('',*,*,#4079,.F.);
#4079 = EDGE_CURVE('',#4080,#4072,#4082,.T.);
#4080 = VERTEX_POINT('',#4081);
#4081 = CARTESIAN_POINT('',(43.74028,96.578804,1.499));
#4082 = LINE('',#4083,#4084);
#4083 = CARTESIAN_POINT('',(43.74028,66.95131475,1.499));
#4084 = VECTOR('',#4085,1.);
#4085 = DIRECTION('',(0.,-1.,0.));
#4086 = ORIENTED_EDGE('',*,*,#4087,.F.);
#4087 = EDGE_CURVE('',#4064,#4080,#4088,.T.);
#4088 = LINE('',#4089,#4090);
#4089 = CARTESIAN_POINT('',(99.0753115,96.578804,1.499));
#4090 = VECTOR('',#4091,1.);
#4091 = DIRECTION('',(-1.,0.,0.));
#4092 = FACE_BOUND('',#4093,.T.);
#4093 = EDGE_LOOP('',(#4094,#4104,#4112,#4120));
#4094 = ORIENTED_EDGE('',*,*,#4095,.F.);
#4095 = EDGE_CURVE('',#4096,#4098,#4100,.T.);
#4096 = VERTEX_POINT('',#4097);
#4097 = CARTESIAN_POINT('',(77.366386,82.459801,1.499));
#4098 = VERTEX_POINT('',#4099);
#4099 = CARTESIAN_POINT('',(77.366386,96.652122,1.499));
#4100 = LINE('',#4101,#4102);
#4101 = CARTESIAN_POINT('',(77.366386,74.08051425,1.499));
#4102 = VECTOR('',#4103,1.);
#4103 = DIRECTION('',(0.,1.,0.));
#4104 = ORIENTED_EDGE('',*,*,#4105,.F.);
#4105 = EDGE_CURVE('',#4106,#4096,#4108,.T.);
#4106 = VERTEX_POINT('',#4107);
#4107 = CARTESIAN_POINT('',(62.989738,82.459801,1.499));
#4108 = LINE('',#4109,#4110);
#4109 = CARTESIAN_POINT('',(115.8883645,82.459801,1.499));
#4110 = VECTOR('',#4111,1.);
#4111 = DIRECTION('',(1.,0.,0.));
#4112 = ORIENTED_EDGE('',*,*,#4113,.F.);
#4113 = EDGE_CURVE('',#4114,#4106,#4116,.T.);
#4114 = VERTEX_POINT('',#4115);
#4115 = CARTESIAN_POINT('',(62.989738,96.652122,1.499));
#4116 = LINE('',#4117,#4118);
#4117 = CARTESIAN_POINT('',(62.989738,66.98435375,1.499));
#4118 = VECTOR('',#4119,1.);
#4119 = DIRECTION('',(0.,-1.,0.));
#4120 = ORIENTED_EDGE('',*,*,#4121,.F.);
#4121 = EDGE_CURVE('',#4098,#4114,#4122,.T.);
#4122 = LINE('',#4123,#4124);
#4123 = CARTESIAN_POINT('',(108.7000405,96.652122,1.499));
#4124 = VECTOR('',#4125,1.);
#4125 = DIRECTION('',(-1.,0.,0.));
#4126 = FACE_BOUND('',#4127,.T.);
#4127 = EDGE_LOOP('',(#4128,#4138,#4146,#4154));
#4128 = ORIENTED_EDGE('',*,*,#4129,.F.);
#4129 = EDGE_CURVE('',#4130,#4132,#4134,.T.);
#4130 = VERTEX_POINT('',#4131);
#4131 = CARTESIAN_POINT('',(96.627403,82.551956,1.499));
#4132 = VERTEX_POINT('',#4133);
#4133 = CARTESIAN_POINT('',(96.627403,96.559959,1.499));
#4134 = LINE('',#4135,#4136);
#4135 = CARTESIAN_POINT('',(96.627403,74.03443275,1.499));
#4136 = VECTOR('',#4137,1.);
#4137 = DIRECTION('',(0.,1.,0.));
#4138 = ORIENTED_EDGE('',*,*,#4139,.F.);
#4139 = EDGE_CURVE('',#4140,#4130,#4142,.T.);
#4140 = VERTEX_POINT('',#4141);
#4141 = CARTESIAN_POINT('',(82.527229,82.551956,1.499));
#4142 = LINE('',#4143,#4144);
#4143 = CARTESIAN_POINT('',(125.518873,82.551956,1.499));
#4144 = VECTOR('',#4145,1.);
#4145 = DIRECTION('',(1.,0.,0.));
#4146 = ORIENTED_EDGE('',*,*,#4147,.F.);
#4147 = EDGE_CURVE('',#4148,#4140,#4150,.T.);
#4148 = VERTEX_POINT('',#4149);
#4149 = CARTESIAN_POINT('',(82.527229,96.559959,1.499));
#4150 = LINE('',#4151,#4152);
#4151 = CARTESIAN_POINT('',(82.527229,67.03043125,1.499));
#4152 = VECTOR('',#4153,1.);
#4153 = DIRECTION('',(0.,-1.,0.));
#4154 = ORIENTED_EDGE('',*,*,#4155,.F.);
#4155 = EDGE_CURVE('',#4132,#4148,#4156,.T.);
#4156 = LINE('',#4157,#4158);
#4157 = CARTESIAN_POINT('',(118.468786,96.559959,1.499));
#4158 = VECTOR('',#4159,1.);
#4159 = DIRECTION('',(-1.,0.,0.));
#4160 = FACE_BOUND('',#4161,.T.);
#4161 = EDGE_LOOP('',(#4162,#4172,#4180,#4188));
#4162 = ORIENTED_EDGE('',*,*,#4163,.F.);
#4163 = EDGE_CURVE('',#4164,#4166,#4168,.T.);
#4164 = VERTEX_POINT('',#4165);
#4165 = CARTESIAN_POINT('',(115.519264,82.6064,1.499));
#4166 = VERTEX_POINT('',#4167);
#4167 = CARTESIAN_POINT('',(115.519264,96.588234,1.499));
#4168 = LINE('',#4169,#4170);
#4169 = CARTESIAN_POINT('',(115.519264,74.04857025,1.499));
#4170 = VECTOR('',#4171,1.);
#4171 = DIRECTION('',(0.,1.,0.));
#4172 = ORIENTED_EDGE('',*,*,#4173,.F.);
#4173 = EDGE_CURVE('',#4174,#4164,#4176,.T.);
#4174 = VERTEX_POINT('',#4175);
#4175 = CARTESIAN_POINT('',(101.333855,82.6064,1.499));
#4176 = LINE('',#4177,#4178);
#4177 = CARTESIAN_POINT('',(134.9648035,82.6064,1.499));
#4178 = VECTOR('',#4179,1.);
#4179 = DIRECTION('',(1.,0.,0.));
#4180 = ORIENTED_EDGE('',*,*,#4181,.F.);
#4181 = EDGE_CURVE('',#4182,#4174,#4184,.T.);
#4182 = VERTEX_POINT('',#4183);
#4183 = CARTESIAN_POINT('',(101.333855,96.588234,1.499));
#4184 = LINE('',#4185,#4186);
#4185 = CARTESIAN_POINT('',(101.333855,67.05765325,1.499));
#4186 = VECTOR('',#4187,1.);
#4187 = DIRECTION('',(0.,-1.,0.));
#4188 = ORIENTED_EDGE('',*,*,#4189,.F.);
#4189 = EDGE_CURVE('',#4166,#4182,#4190,.T.);
#4190 = LINE('',#4191,#4192);
#4191 = CARTESIAN_POINT('',(127.872099,96.588234,1.499));
#4192 = VECTOR('',#4193,1.);
#4193 = DIRECTION('',(-1.,0.,0.));
#4194 = FACE_BOUND('',#4195,.T.);
#4195 = EDGE_LOOP('',(#4196,#4206,#4214,#4222));
#4196 = ORIENTED_EDGE('',*,*,#4197,.F.);
#4197 = EDGE_CURVE('',#4198,#4200,#4202,.T.);
#4198 = VERTEX_POINT('',#4199);
#4199 = CARTESIAN_POINT('',(134.669617,82.503464,1.499));
#4200 = VERTEX_POINT('',#4201);
#4201 = CARTESIAN_POINT('',(134.669617,96.526459,1.499));
#4202 = LINE('',#4203,#4204);
#4203 = CARTESIAN_POINT('',(134.669617,74.01768275,1.499));
#4204 = VECTOR('',#4205,1.);
#4205 = DIRECTION('',(0.,1.,0.));
#4206 = ORIENTED_EDGE('',*,*,#4207,.F.);
#4207 = EDGE_CURVE('',#4208,#4198,#4210,.T.);
#4208 = VERTEX_POINT('',#4209);
#4209 = CARTESIAN_POINT('',(120.523056,82.503464,1.499));
#4210 = LINE('',#4211,#4212);
#4211 = CARTESIAN_POINT('',(144.53998,82.503464,1.499));
#4212 = VECTOR('',#4213,1.);
#4213 = DIRECTION('',(1.,0.,0.));
#4214 = ORIENTED_EDGE('',*,*,#4215,.F.);
#4215 = EDGE_CURVE('',#4216,#4208,#4218,.T.);
#4216 = VERTEX_POINT('',#4217);
#4217 = CARTESIAN_POINT('',(120.523056,96.526459,1.499));
#4218 = LINE('',#4219,#4220);
#4219 = CARTESIAN_POINT('',(120.523056,67.00618525,1.499));
#4220 = VECTOR('',#4221,1.);
#4221 = DIRECTION('',(0.,-1.,0.));
#4222 = ORIENTED_EDGE('',*,*,#4223,.F.);
#4223 = EDGE_CURVE('',#4200,#4216,#4224,.T.);
#4224 = LINE('',#4225,#4226);
#4225 = CARTESIAN_POINT('',(137.4666995,96.526459,1.499));
#4226 = VECTOR('',#4227,1.);
#4227 = DIRECTION('',(-1.,0.,0.));
#4228 = FACE_BOUND('',#4229,.T.);
#4229 = EDGE_LOOP('',(#4230,#4240,#4248,#4256));
#4230 = ORIENTED_EDGE('',*,*,#4231,.F.);
#4231 = EDGE_CURVE('',#4232,#4234,#4236,.T.);
#4232 = VERTEX_POINT('',#4233);
#4233 = CARTESIAN_POINT('',(154.019882,82.646973,1.499));
#4234 = VERTEX_POINT('',#4235);
#4235 = CARTESIAN_POINT('',(154.019882,96.681137,1.499));
#4236 = LINE('',#4237,#4238);
#4237 = CARTESIAN_POINT('',(154.019882,74.09502175,1.499));
#4238 = VECTOR('',#4239,1.);
#4239 = DIRECTION('',(0.,1.,0.));
#4240 = ORIENTED_EDGE('',*,*,#4241,.F.);
#4241 = EDGE_CURVE('',#4242,#4232,#4244,.T.);
#4242 = VERTEX_POINT('',#4243);
#4243 = CARTESIAN_POINT('',(139.910248,82.646973,1.499));
#4244 = LINE('',#4245,#4246);
#4245 = CARTESIAN_POINT('',(154.2151125,82.646973,1.499));
#4246 = VECTOR('',#4247,1.);
#4247 = DIRECTION('',(1.,0.,0.));
#4248 = ORIENTED_EDGE('',*,*,#4249,.F.);
#4249 = EDGE_CURVE('',#4250,#4242,#4252,.T.);
#4250 = VERTEX_POINT('',#4251);
#4251 = CARTESIAN_POINT('',(139.910248,96.681137,1.499));
#4252 = LINE('',#4253,#4254);
#4253 = CARTESIAN_POINT('',(139.910248,67.07793975,1.499));
#4254 = VECTOR('',#4255,1.);
#4255 = DIRECTION('',(0.,-1.,0.));
#4256 = ORIENTED_EDGE('',*,*,#4257,.F.);
#4257 = EDGE_CURVE('',#4234,#4250,#4258,.T.);
#4258 = LINE('',#4259,#4260);
#4259 = CARTESIAN_POINT('',(147.1602955,96.681137,1.499));
#4260 = VECTOR('',#4261,1.);
#4261 = DIRECTION('',(-1.,0.,0.));
#4262 = FACE_BOUND('',#4263,.T.);
#4263 = EDGE_LOOP('',(#4264,#4274,#4282,#4290));
#4264 = ORIENTED_EDGE('',*,*,#4265,.F.);
#4265 = EDGE_CURVE('',#4266,#4268,#4270,.T.);
#4266 = VERTEX_POINT('',#4267);
#4267 = CARTESIAN_POINT('',(163.281311,63.09465,1.499));
#4268 = VERTEX_POINT('',#4269);
#4269 = CARTESIAN_POINT('',(163.281311,77.132454,1.499));
#4270 = LINE('',#4271,#4272);
#4271 = CARTESIAN_POINT('',(163.281311,64.32068025,1.499));
#4272 = VECTOR('',#4273,1.);
#4273 = DIRECTION('',(0.,1.,0.));
#4274 = ORIENTED_EDGE('',*,*,#4275,.F.);
#4275 = EDGE_CURVE('',#4276,#4266,#4278,.T.);
#4276 = VERTEX_POINT('',#4277);
#4277 = CARTESIAN_POINT('',(149.269333,63.09465,1.499));
#4278 = LINE('',#4279,#4280);
#4279 = CARTESIAN_POINT('',(158.845827,63.09465,1.499));
#4280 = VECTOR('',#4281,1.);
#4281 = DIRECTION('',(1.,0.,0.));
#4282 = ORIENTED_EDGE('',*,*,#4283,.F.);
#4283 = EDGE_CURVE('',#4284,#4276,#4286,.T.);
#4284 = VERTEX_POINT('',#4285);
#4285 = CARTESIAN_POINT('',(149.269333,77.132454,1.499));
#4286 = LINE('',#4287,#4288);
#4287 = CARTESIAN_POINT('',(149.269333,57.30177825,1.499));
#4288 = VECTOR('',#4289,1.);
#4289 = DIRECTION('',(0.,-1.,0.));
#4290 = ORIENTED_EDGE('',*,*,#4291,.F.);
#4291 = EDGE_CURVE('',#4268,#4284,#4292,.T.);
#4292 = LINE('',#4293,#4294);
#4293 = CARTESIAN_POINT('',(151.839838,77.132454,1.499));
#4294 = VECTOR('',#4295,1.);
#4295 = DIRECTION('',(-1.,0.,0.));
#4296 = FACE_BOUND('',#4297,.T.);
#4297 = EDGE_LOOP('',(#4298,#4308,#4316,#4324));
#4298 = ORIENTED_EDGE('',*,*,#4299,.F.);
#4299 = EDGE_CURVE('',#4300,#4302,#4304,.T.);
#4300 = VERTEX_POINT('',#4301);
#4301 = CARTESIAN_POINT('',(182.192291,63.155422,1.499));
#4302 = VERTEX_POINT('',#4303);
#4303 = CARTESIAN_POINT('',(182.192291,77.114143,1.499));
#4304 = LINE('',#4305,#4306);
#4305 = CARTESIAN_POINT('',(182.192291,64.31152475,1.499));
#4306 = VECTOR('',#4307,1.);
#4307 = DIRECTION('',(0.,1.,0.));
#4308 = ORIENTED_EDGE('',*,*,#4309,.F.);
#4309 = EDGE_CURVE('',#4310,#4300,#4312,.T.);
#4310 = VERTEX_POINT('',#4311);
#4311 = CARTESIAN_POINT('',(168.082657,63.155422,1.499));
#4312 = LINE('',#4313,#4314);
#4313 = CARTESIAN_POINT('',(168.301317,63.155422,1.499));
#4314 = VECTOR('',#4315,1.);
#4315 = DIRECTION('',(1.,0.,0.));
#4316 = ORIENTED_EDGE('',*,*,#4317,.F.);
#4317 = EDGE_CURVE('',#4318,#4310,#4320,.T.);
#4318 = VERTEX_POINT('',#4319);
#4319 = CARTESIAN_POINT('',(168.082657,77.114143,1.499));
#4320 = LINE('',#4321,#4322);
#4321 = CARTESIAN_POINT('',(168.082657,57.33216425,1.499));
#4322 = VECTOR('',#4323,1.);
#4323 = DIRECTION('',(0.,-1.,0.));
#4324 = ORIENTED_EDGE('',*,*,#4325,.F.);
#4325 = EDGE_CURVE('',#4302,#4318,#4326,.T.);
#4326 = LINE('',#4327,#4328);
#4327 = CARTESIAN_POINT('',(161.2465,77.114143,1.499));
#4328 = VECTOR('',#4329,1.);
#4329 = DIRECTION('',(-1.,0.,0.));
#4330 = FACE_BOUND('',#4331,.T.);
#4331 = EDGE_LOOP('',(#4332,#4342,#4350,#4358));
#4332 = ORIENTED_EDGE('',*,*,#4333,.F.);
#4333 = EDGE_CURVE('',#4334,#4336,#4338,.T.);
#4334 = VERTEX_POINT('',#4335);
#4335 = CARTESIAN_POINT('',(201.130875,63.155415,1.499));
#4336 = VERTEX_POINT('',#4337);
#4337 = CARTESIAN_POINT('',(201.130875,77.265038,1.499));
#4338 = LINE('',#4339,#4340);
#4339 = CARTESIAN_POINT('',(201.130875,64.38697225,1.499));
#4340 = VECTOR('',#4341,1.);
#4341 = DIRECTION('',(0.,1.,0.));
#4342 = ORIENTED_EDGE('',*,*,#4343,.F.);
#4343 = EDGE_CURVE('',#4344,#4334,#4346,.T.);
#4344 = VERTEX_POINT('',#4345);
#4345 = CARTESIAN_POINT('',(186.945801,63.155415,1.499));
#4346 = LINE('',#4347,#4348);
#4347 = CARTESIAN_POINT('',(177.770609,63.155415,1.499));
#4348 = VECTOR('',#4349,1.);
#4349 = DIRECTION('',(1.,0.,0.));
#4350 = ORIENTED_EDGE('',*,*,#4351,.F.);
#4351 = EDGE_CURVE('',#4352,#4344,#4354,.T.);
#4352 = VERTEX_POINT('',#4353);
#4353 = CARTESIAN_POINT('',(186.945801,77.265038,1.499));
#4354 = LINE('',#4355,#4356);
#4355 = CARTESIAN_POINT('',(186.945801,57.33216075,1.499));
#4356 = VECTOR('',#4357,1.);
#4357 = DIRECTION('',(0.,-1.,0.));
#4358 = ORIENTED_EDGE('',*,*,#4359,.F.);
#4359 = EDGE_CURVE('',#4336,#4352,#4360,.T.);
#4360 = LINE('',#4361,#4362);
#4361 = CARTESIAN_POINT('',(170.678072,77.265038,1.499));
#4362 = VECTOR('',#4363,1.);
#4363 = DIRECTION('',(-1.,0.,0.));
#4364 = FACE_BOUND('',#4365,.T.);
#4365 = EDGE_LOOP('',(#4366,#4376,#4384,#4392));
#4366 = ORIENTED_EDGE('',*,*,#4367,.F.);
#4367 = EDGE_CURVE('',#4368,#4370,#4372,.T.);
#4368 = VERTEX_POINT('',#4369);
#4369 = CARTESIAN_POINT('',(220.025711,63.198467,1.499));
#4370 = VERTEX_POINT('',#4371);
#4371 = CARTESIAN_POINT('',(220.025711,77.345016,1.499));
#4372 = LINE('',#4373,#4374);
#4373 = CARTESIAN_POINT('',(220.025711,64.42696125,1.499));
#4374 = VECTOR('',#4375,1.);
#4375 = DIRECTION('',(0.,1.,0.));
#4376 = ORIENTED_EDGE('',*,*,#4377,.F.);
#4377 = EDGE_CURVE('',#4378,#4368,#4380,.T.);
#4378 = VERTEX_POINT('',#4379);
#4379 = CARTESIAN_POINT('',(205.940933,63.198467,1.499));
#4380 = LINE('',#4381,#4382);
#4381 = CARTESIAN_POINT('',(187.218027,63.198467,1.499));
#4382 = VECTOR('',#4383,1.);
#4383 = DIRECTION('',(1.,0.,0.));
#4384 = ORIENTED_EDGE('',*,*,#4385,.F.);
#4385 = EDGE_CURVE('',#4386,#4378,#4388,.T.);
#4386 = VERTEX_POINT('',#4387);
#4387 = CARTESIAN_POINT('',(205.940933,77.345016,1.499));
#4388 = LINE('',#4389,#4390);
#4389 = CARTESIAN_POINT('',(205.940933,57.35368675,1.499));
#4390 = VECTOR('',#4391,1.);
#4391 = DIRECTION('',(0.,-1.,0.));
#4392 = ORIENTED_EDGE('',*,*,#4393,.F.);
#4393 = EDGE_CURVE('',#4370,#4386,#4394,.T.);
#4394 = LINE('',#4395,#4396);
#4395 = CARTESIAN_POINT('',(180.175638,77.345016,1.499));
#4396 = VECTOR('',#4397,1.);
#4397 = DIRECTION('',(-1.,0.,0.));
#4398 = FACE_BOUND('',#4399,.T.);
#4399 = EDGE_LOOP('',(#4400,#4410,#4418,#4426));
#4400 = ORIENTED_EDGE('',*,*,#4401,.F.);
#4401 = EDGE_CURVE('',#4402,#4404,#4406,.T.);
#4402 = VERTEX_POINT('',#4403);
#4403 = CARTESIAN_POINT('',(239.227371,63.1362,1.499));
#4404 = VERTEX_POINT('',#4405);
#4405 = CARTESIAN_POINT('',(239.227371,77.09742,1.499));
#4406 = LINE('',#4407,#4408);
#4407 = CARTESIAN_POINT('',(239.227371,64.30316325,1.499));
#4408 = VECTOR('',#4409,1.);
#4409 = DIRECTION('',(0.,1.,0.));
#4410 = ORIENTED_EDGE('',*,*,#4411,.F.);
#4411 = EDGE_CURVE('',#4412,#4402,#4414,.T.);
#4412 = VERTEX_POINT('',#4413);
#4413 = CARTESIAN_POINT('',(224.895493,63.1362,1.499));
#4414 = LINE('',#4415,#4416);
#4415 = CARTESIAN_POINT('',(196.818857,63.1362,1.499));
#4416 = VECTOR('',#4417,1.);
#4417 = DIRECTION('',(1.,0.,0.));
#4418 = ORIENTED_EDGE('',*,*,#4419,.F.);
#4419 = EDGE_CURVE('',#4420,#4412,#4422,.T.);
#4420 = VERTEX_POINT('',#4421);
#4421 = CARTESIAN_POINT('',(224.895493,77.09742,1.499));
#4422 = LINE('',#4423,#4424);
#4423 = CARTESIAN_POINT('',(224.895493,57.32255325,1.499));
#4424 = VECTOR('',#4425,1.);
#4425 = DIRECTION('',(0.,-1.,0.));
#4426 = ORIENTED_EDGE('',*,*,#4427,.F.);
#4427 = EDGE_CURVE('',#4404,#4420,#4428,.T.);
#4428 = LINE('',#4429,#4430);
#4429 = CARTESIAN_POINT('',(189.652918,77.09742,1.499));
#4430 = VECTOR('',#4431,1.);
#4431 = DIRECTION('',(-1.,0.,0.));
#4432 = FACE_BOUND('',#4433,.T.);
#4433 = EDGE_LOOP('',(#4434,#4444,#4452,#4460));
#4434 = ORIENTED_EDGE('',*,*,#4435,.F.);
#4435 = EDGE_CURVE('',#4436,#4438,#4440,.T.);
#4436 = VERTEX_POINT('',#4437);
#4437 = CARTESIAN_POINT('',(258.183075,62.949707,1.499));
#4438 = VERTEX_POINT('',#4439);
#4439 = CARTESIAN_POINT('',(258.183075,77.245056,1.499));
#4440 = LINE('',#4441,#4442);
#4441 = CARTESIAN_POINT('',(258.183075,64.37698125,1.499));
#4442 = VECTOR('',#4443,1.);
#4443 = DIRECTION('',(0.,1.,0.));
#4444 = ORIENTED_EDGE('',*,*,#4445,.F.);
#4445 = EDGE_CURVE('',#4446,#4436,#4448,.T.);
#4446 = VERTEX_POINT('',#4447);
#4447 = CARTESIAN_POINT('',(243.887711,62.949707,1.499));
#4448 = LINE('',#4449,#4450);
#4449 = CARTESIAN_POINT('',(206.296709,62.949707,1.499));
#4450 = VECTOR('',#4451,1.);
#4451 = DIRECTION('',(1.,0.,0.));
#4452 = ORIENTED_EDGE('',*,*,#4453,.F.);
#4453 = EDGE_CURVE('',#4454,#4446,#4456,.T.);
#4454 = VERTEX_POINT('',#4455);
#4455 = CARTESIAN_POINT('',(243.887711,77.245056,1.499));
#4456 = LINE('',#4457,#4458);
#4457 = CARTESIAN_POINT('',(243.887711,57.22930675,1.499));
#4458 = VECTOR('',#4459,1.);
#4459 = DIRECTION('',(0.,-1.,0.));
#4460 = ORIENTED_EDGE('',*,*,#4461,.F.);
#4461 = EDGE_CURVE('',#4438,#4454,#4462,.T.);
#4462 = LINE('',#4463,#4464);
#4463 = CARTESIAN_POINT('',(199.149027,77.245056,1.499));
#4464 = VECTOR('',#4465,1.);
#4465 = DIRECTION('',(-1.,0.,0.));
#4466 = FACE_BOUND('',#4467,.T.);
#4467 = EDGE_LOOP('',(#4468,#4478,#4486,#4494));
#4468 = ORIENTED_EDGE('',*,*,#4469,.F.);
#4469 = EDGE_CURVE('',#4470,#4472,#4474,.T.);
#4470 = VERTEX_POINT('',#4471);
#4471 = CARTESIAN_POINT('',(303.658051,57.434166,1.499));
#4472 = VERTEX_POINT('',#4473);
#4473 = CARTESIAN_POINT('',(303.658051,71.504395,1.499));
#4474 = LINE('',#4475,#4476);
#4475 = CARTESIAN_POINT('',(303.658051,61.50665075,1.499));
#4476 = VECTOR('',#4477,1.);
#4477 = DIRECTION('',(0.,1.,0.));
#4478 = ORIENTED_EDGE('',*,*,#4479,.F.);
#4479 = EDGE_CURVE('',#4480,#4470,#4482,.T.);
#4480 = VERTEX_POINT('',#4481);
#4481 = CARTESIAN_POINT('',(289.700378,57.434166,1.499));
#4482 = LINE('',#4483,#4484);
#4483 = CARTESIAN_POINT('',(229.034197,57.434166,1.499));
#4484 = VECTOR('',#4485,1.);
#4485 = DIRECTION('',(1.,0.,0.));
#4486 = ORIENTED_EDGE('',*,*,#4487,.F.);
#4487 = EDGE_CURVE('',#4488,#4480,#4490,.T.);
#4488 = VERTEX_POINT('',#4489);
#4489 = CARTESIAN_POINT('',(289.700378,71.504395,1.499));
#4490 = LINE('',#4491,#4492);
#4491 = CARTESIAN_POINT('',(289.700378,54.47153625,1.499));
#4492 = VECTOR('',#4493,1.);
#4493 = DIRECTION('',(0.,-1.,0.));
#4494 = ORIENTED_EDGE('',*,*,#4495,.F.);
#4495 = EDGE_CURVE('',#4472,#4488,#4496,.T.);
#4496 = LINE('',#4497,#4498);
#4497 = CARTESIAN_POINT('',(222.0553605,71.504395,1.499));
#4498 = VECTOR('',#4499,1.);
#4499 = DIRECTION('',(-1.,0.,0.));
#4500 = FACE_BOUND('',#4501,.T.);
#4501 = EDGE_LOOP('',(#4502,#4512,#4520,#4528));
#4502 = ORIENTED_EDGE('',*,*,#4503,.F.);
#4503 = EDGE_CURVE('',#4504,#4506,#4508,.T.);
#4504 = VERTEX_POINT('',#4505);
#4505 = CARTESIAN_POINT('',(277.431122,63.174828,1.499));
#4506 = VERTEX_POINT('',#4507);
#4507 = CARTESIAN_POINT('',(277.431122,77.245056,1.499));
#4508 = LINE('',#4509,#4510);
#4509 = CARTESIAN_POINT('',(277.431122,64.37698125,1.499));
#4510 = VECTOR('',#4511,1.);
#4511 = DIRECTION('',(0.,1.,0.));
#4512 = ORIENTED_EDGE('',*,*,#4513,.F.);
#4513 = EDGE_CURVE('',#4514,#4504,#4516,.T.);
#4514 = VERTEX_POINT('',#4515);
#4515 = CARTESIAN_POINT('',(263.023224,63.174828,1.499));
#4516 = LINE('',#4517,#4518);
#4517 = CARTESIAN_POINT('',(215.9207325,63.174828,1.499));
#4518 = VECTOR('',#4519,1.);
#4519 = DIRECTION('',(1.,0.,0.));
#4520 = ORIENTED_EDGE('',*,*,#4521,.F.);
#4521 = EDGE_CURVE('',#4522,#4514,#4524,.T.);
#4522 = VERTEX_POINT('',#4523);
#4523 = CARTESIAN_POINT('',(263.023224,77.245056,1.499));
#4524 = LINE('',#4525,#4526);
#4525 = CARTESIAN_POINT('',(263.023224,57.34186725,1.499));
#4526 = VECTOR('',#4527,1.);
#4527 = DIRECTION('',(0.,-1.,0.));
#4528 = ORIENTED_EDGE('',*,*,#4529,.F.);
#4529 = EDGE_CURVE('',#4506,#4522,#4530,.T.);
#4530 = LINE('',#4531,#4532);
#4531 = CARTESIAN_POINT('',(208.7167835,77.245056,1.499));
#4532 = VECTOR('',#4533,1.);
#4533 = DIRECTION('',(-1.,0.,0.));
#4534 = FACE_BOUND('',#4535,.T.);
#4535 = EDGE_LOOP('',(#4536,#4546,#4554,#4562));
#4536 = ORIENTED_EDGE('',*,*,#4537,.F.);
#4537 = EDGE_CURVE('',#4538,#4540,#4542,.T.);
#4538 = VERTEX_POINT('',#4539);
#4539 = CARTESIAN_POINT('',(172.958481,82.57151,1.499));
#4540 = VERTEX_POINT('',#4541);
#4541 = CARTESIAN_POINT('',(172.958481,96.605682,1.499));
#4542 = LINE('',#4543,#4544);
#4543 = CARTESIAN_POINT('',(172.958481,74.05729425,1.499));
#4544 = VECTOR('',#4545,1.);
#4545 = DIRECTION('',(0.,1.,0.));
#4546 = ORIENTED_EDGE('',*,*,#4547,.F.);
#4547 = EDGE_CURVE('',#4548,#4538,#4550,.T.);
#4548 = VERTEX_POINT('',#4549);
#4549 = CARTESIAN_POINT('',(158.848846,82.57151,1.499));
#4550 = LINE('',#4551,#4552);
#4551 = CARTESIAN_POINT('',(163.684412,82.57151,1.499));
#4552 = VECTOR('',#4553,1.);
#4553 = DIRECTION('',(1.,0.,0.));
#4554 = ORIENTED_EDGE('',*,*,#4555,.F.);
#4555 = EDGE_CURVE('',#4556,#4548,#4558,.T.);
#4556 = VERTEX_POINT('',#4557);
#4557 = CARTESIAN_POINT('',(158.848846,96.605682,1.499));
#4558 = LINE('',#4559,#4560);
#4559 = CARTESIAN_POINT('',(158.848846,67.04020825,1.499));
#4560 = VECTOR('',#4561,1.);
#4561 = DIRECTION('',(0.,-1.,0.));
#4562 = ORIENTED_EDGE('',*,*,#4563,.F.);
#4563 = EDGE_CURVE('',#4540,#4556,#4564,.T.);
#4564 = LINE('',#4565,#4566);
#4565 = CARTESIAN_POINT('',(156.6295945,96.605682,1.499));
#4566 = VECTOR('',#4567,1.);
#4567 = DIRECTION('',(-1.,0.,0.));
#4568 = FACE_BOUND('',#4569,.T.);
#4569 = EDGE_LOOP('',(#4570,#4580,#4588,#4596));
#4570 = ORIENTED_EDGE('',*,*,#4571,.F.);
#4571 = EDGE_CURVE('',#4572,#4574,#4576,.T.);
#4572 = VERTEX_POINT('',#4573);
#4573 = CARTESIAN_POINT('',(191.769424,82.544876,1.499));
#4574 = VERTEX_POINT('',#4575);
#4575 = CARTESIAN_POINT('',(191.769424,96.590424,1.499));
#4576 = LINE('',#4577,#4578);
#4577 = CARTESIAN_POINT('',(191.769424,74.04966525,1.499));
#4578 = VECTOR('',#4579,1.);
#4579 = DIRECTION('',(0.,1.,0.));
#4580 = ORIENTED_EDGE('',*,*,#4581,.F.);
#4581 = EDGE_CURVE('',#4582,#4572,#4584,.T.);
#4582 = VERTEX_POINT('',#4583);
#4583 = CARTESIAN_POINT('',(177.668518,82.544876,1.499));
#4584 = LINE('',#4585,#4586);
#4585 = CARTESIAN_POINT('',(173.0898835,82.544876,1.499));
#4586 = VECTOR('',#4587,1.);
#4587 = DIRECTION('',(1.,0.,0.));
#4588 = ORIENTED_EDGE('',*,*,#4589,.F.);
#4589 = EDGE_CURVE('',#4590,#4582,#4592,.T.);
#4590 = VERTEX_POINT('',#4591);
#4591 = CARTESIAN_POINT('',(177.668518,96.590424,1.499));
#4592 = LINE('',#4593,#4594);
#4593 = CARTESIAN_POINT('',(177.668518,67.02689125,1.499));
#4594 = VECTOR('',#4595,1.);
#4595 = DIRECTION('',(0.,-1.,0.));
#4596 = ORIENTED_EDGE('',*,*,#4597,.F.);
#4597 = EDGE_CURVE('',#4574,#4590,#4598,.T.);
#4598 = LINE('',#4599,#4600);
#4599 = CARTESIAN_POINT('',(166.0394305,96.590424,1.499));
#4600 = VECTOR('',#4601,1.);
#4601 = DIRECTION('',(-1.,0.,0.));
#4602 = FACE_BOUND('',#4603,.T.);
#4603 = EDGE_LOOP('',(#4604,#4614,#4622,#4630));
#4604 = ORIENTED_EDGE('',*,*,#4605,.F.);
#4605 = EDGE_CURVE('',#4606,#4608,#4610,.T.);
#4606 = VERTEX_POINT('',#4607);
#4607 = CARTESIAN_POINT('',(210.60025,82.428772,1.499));
#4608 = VERTEX_POINT('',#4609);
#4609 = CARTESIAN_POINT('',(210.60025,96.525505,1.499));
#4610 = LINE('',#4611,#4612);
#4611 = CARTESIAN_POINT('',(210.60025,74.01720575,1.499));
#4612 = VECTOR('',#4613,1.);
#4613 = DIRECTION('',(0.,1.,0.));
#4614 = ORIENTED_EDGE('',*,*,#4615,.F.);
#4615 = EDGE_CURVE('',#4616,#4606,#4618,.T.);
#4616 = VERTEX_POINT('',#4617);
#4617 = CARTESIAN_POINT('',(196.574265,82.428772,1.499));
#4618 = LINE('',#4619,#4620);
#4619 = CARTESIAN_POINT('',(182.5052965,82.428772,1.499));
#4620 = VECTOR('',#4621,1.);
#4621 = DIRECTION('',(1.,0.,0.));
#4622 = ORIENTED_EDGE('',*,*,#4623,.F.);
#4623 = EDGE_CURVE('',#4624,#4616,#4626,.T.);
#4624 = VERTEX_POINT('',#4625);
#4625 = CARTESIAN_POINT('',(196.574265,96.525505,1.499));
#4626 = LINE('',#4627,#4628);
#4627 = CARTESIAN_POINT('',(196.574265,66.96883925,1.499));
#4628 = VECTOR('',#4629,1.);
#4629 = DIRECTION('',(0.,-1.,0.));
#4630 = ORIENTED_EDGE('',*,*,#4631,.F.);
#4631 = EDGE_CURVE('',#4608,#4624,#4632,.T.);
#4632 = LINE('',#4633,#4634);
#4633 = CARTESIAN_POINT('',(175.492304,96.525505,1.499));
#4634 = VECTOR('',#4635,1.);
#4635 = DIRECTION('',(-1.,0.,0.));
#4636 = FACE_BOUND('',#4637,.T.);
#4637 = EDGE_LOOP('',(#4638,#4648,#4656,#4664));
#4638 = ORIENTED_EDGE('',*,*,#4639,.F.);
#4639 = EDGE_CURVE('',#4640,#4642,#4644,.T.);
#4640 = VERTEX_POINT('',#4641);
#4641 = CARTESIAN_POINT('',(229.606094,82.547318,1.499));
#4642 = VERTEX_POINT('',#4643);
#4643 = CARTESIAN_POINT('',(229.606094,96.709267,1.499));
#4644 = LINE('',#4645,#4646);
#4645 = CARTESIAN_POINT('',(229.606094,74.10908675,1.499));
#4646 = VECTOR('',#4647,1.);
#4647 = DIRECTION('',(0.,1.,0.));
#4648 = ORIENTED_EDGE('',*,*,#4649,.F.);
#4649 = EDGE_CURVE('',#4650,#4640,#4652,.T.);
#4650 = VERTEX_POINT('',#4651);
#4651 = CARTESIAN_POINT('',(215.526947,82.547318,1.499));
#4652 = LINE('',#4653,#4654);
#4653 = CARTESIAN_POINT('',(192.0082185,82.547318,1.499));
#4654 = VECTOR('',#4655,1.);
#4655 = DIRECTION('',(1.,0.,0.));
#4656 = ORIENTED_EDGE('',*,*,#4657,.F.);
#4657 = EDGE_CURVE('',#4658,#4650,#4660,.T.);
#4658 = VERTEX_POINT('',#4659);
#4659 = CARTESIAN_POINT('',(215.526947,96.709267,1.499));
#4660 = LINE('',#4661,#4662);
#4661 = CARTESIAN_POINT('',(215.526947,67.02811225,1.499));
#4662 = VECTOR('',#4663,1.);
#4663 = DIRECTION('',(0.,-1.,0.));
#4664 = ORIENTED_EDGE('',*,*,#4665,.F.);
#4665 = EDGE_CURVE('',#4642,#4658,#4666,.T.);
#4666 = LINE('',#4667,#4668);
#4667 = CARTESIAN_POINT('',(184.968645,96.709267,1.499));
#4668 = VECTOR('',#4669,1.);
#4669 = DIRECTION('',(-1.,0.,0.));
#4670 = FACE_BOUND('',#4671,.T.);
#4671 = EDGE_LOOP('',(#4672,#4682,#4690,#4698));
#4672 = ORIENTED_EDGE('',*,*,#4673,.F.);
#4673 = EDGE_CURVE('',#4674,#4676,#4678,.T.);
#4674 = VERTEX_POINT('',#4675);
#4675 = CARTESIAN_POINT('',(248.532379,82.617279,1.499));
#4676 = VERTEX_POINT('',#4677);
#4677 = CARTESIAN_POINT('',(248.532379,96.56398,1.499));
#4678 = LINE('',#4679,#4680);
#4679 = CARTESIAN_POINT('',(248.532379,74.03644325,1.499));
#4680 = VECTOR('',#4681,1.);
#4681 = DIRECTION('',(0.,1.,0.));
#4682 = ORIENTED_EDGE('',*,*,#4683,.F.);
#4683 = EDGE_CURVE('',#4684,#4674,#4686,.T.);
#4684 = VERTEX_POINT('',#4685);
#4685 = CARTESIAN_POINT('',(234.556747,82.617279,1.499));
#4686 = LINE('',#4687,#4688);
#4687 = CARTESIAN_POINT('',(201.471361,82.617279,1.499));
#4688 = VECTOR('',#4689,1.);
#4689 = DIRECTION('',(1.,0.,0.));
#4690 = ORIENTED_EDGE('',*,*,#4691,.F.);
#4691 = EDGE_CURVE('',#4692,#4684,#4694,.T.);
#4692 = VERTEX_POINT('',#4693);
#4693 = CARTESIAN_POINT('',(234.556747,96.56398,1.499));
#4694 = LINE('',#4695,#4696);
#4695 = CARTESIAN_POINT('',(234.556747,67.06309275,1.499));
#4696 = VECTOR('',#4697,1.);
#4697 = DIRECTION('',(0.,-1.,0.));
#4698 = ORIENTED_EDGE('',*,*,#4699,.F.);
#4699 = EDGE_CURVE('',#4676,#4692,#4700,.T.);
#4700 = LINE('',#4701,#4702);
#4701 = CARTESIAN_POINT('',(194.483545,96.56398,1.499));
#4702 = VECTOR('',#4703,1.);
#4703 = DIRECTION('',(-1.,0.,0.));
#4704 = FACE_BOUND('',#4705,.T.);
#4705 = EDGE_LOOP('',(#4706,#4716,#4724,#4732));
#4706 = ORIENTED_EDGE('',*,*,#4707,.F.);
#4707 = EDGE_CURVE('',#4708,#4710,#4712,.T.);
#4708 = VERTEX_POINT('',#4709);
#4709 = CARTESIAN_POINT('',(267.612366,82.492256,1.499));
#4710 = VERTEX_POINT('',#4711);
#4711 = CARTESIAN_POINT('',(267.612366,96.601868,1.499));
#4712 = LINE('',#4713,#4714);
#4713 = CARTESIAN_POINT('',(267.612366,74.05538725,1.499));
#4714 = VECTOR('',#4715,1.);
#4715 = DIRECTION('',(0.,1.,0.));
#4716 = ORIENTED_EDGE('',*,*,#4717,.F.);
#4717 = EDGE_CURVE('',#4718,#4708,#4720,.T.);
#4718 = VERTEX_POINT('',#4719);
#4719 = CARTESIAN_POINT('',(253.729095,82.492256,1.499));
#4720 = LINE('',#4721,#4722);
#4721 = CARTESIAN_POINT('',(211.0113545,82.492256,1.499));
#4722 = VECTOR('',#4723,1.);
#4723 = DIRECTION('',(1.,0.,0.));
#4724 = ORIENTED_EDGE('',*,*,#4725,.F.);
#4725 = EDGE_CURVE('',#4726,#4718,#4728,.T.);
#4726 = VERTEX_POINT('',#4727);
#4727 = CARTESIAN_POINT('',(253.729095,96.601868,1.499));
#4728 = LINE('',#4729,#4730);
#4729 = CARTESIAN_POINT('',(253.729095,67.00058125,1.499));
#4730 = VECTOR('',#4731,1.);
#4731 = DIRECTION('',(0.,-1.,0.));
#4732 = ORIENTED_EDGE('',*,*,#4733,.F.);
#4733 = EDGE_CURVE('',#4710,#4726,#4734,.T.);
#4734 = LINE('',#4735,#4736);
#4735 = CARTESIAN_POINT('',(204.069719,96.601868,1.499));
#4736 = VECTOR('',#4737,1.);
#4737 = DIRECTION('',(-1.,0.,0.));
#4738 = FACE_BOUND('',#4739,.T.);
#4739 = EDGE_LOOP('',(#4740,#4750,#4758,#4766));
#4740 = ORIENTED_EDGE('',*,*,#4741,.F.);
#4741 = EDGE_CURVE('',#4742,#4744,#4746,.T.);
#4742 = VERTEX_POINT('',#4743);
#4743 = CARTESIAN_POINT('',(291.556061,82.605812,1.499));
#4744 = VERTEX_POINT('',#4745);
#4745 = CARTESIAN_POINT('',(291.556061,96.628792,1.499));
#4746 = LINE('',#4747,#4748);
#4747 = CARTESIAN_POINT('',(291.556061,74.06884925,1.499));
#4748 = VECTOR('',#4749,1.);
#4749 = DIRECTION('',(0.,1.,0.));
#4750 = ORIENTED_EDGE('',*,*,#4751,.F.);
#4751 = EDGE_CURVE('',#4752,#4742,#4754,.T.);
#4752 = VERTEX_POINT('',#4753);
#4753 = CARTESIAN_POINT('',(277.409515,82.605812,1.499));
#4754 = LINE('',#4755,#4756);
#4755 = CARTESIAN_POINT('',(222.983202,82.605812,1.499));
#4756 = VECTOR('',#4757,1.);
#4757 = DIRECTION('',(1.,0.,0.));
#4758 = ORIENTED_EDGE('',*,*,#4759,.F.);
#4759 = EDGE_CURVE('',#4760,#4752,#4762,.T.);
#4760 = VERTEX_POINT('',#4761);
#4761 = CARTESIAN_POINT('',(277.409515,96.628792,1.499));
#4762 = LINE('',#4763,#4764);
#4763 = CARTESIAN_POINT('',(277.409515,67.05735925,1.499));
#4764 = VECTOR('',#4765,1.);
#4765 = DIRECTION('',(0.,-1.,0.));
#4766 = ORIENTED_EDGE('',*,*,#4767,.F.);
#4767 = EDGE_CURVE('',#4744,#4760,#4768,.T.);
#4768 = LINE('',#4769,#4770);
#4769 = CARTESIAN_POINT('',(215.909929,96.628792,1.499));
#4770 = VECTOR('',#4771,1.);
#4771 = DIRECTION('',(-1.,0.,0.));
#4772 = PLANE('',#4773);
#4773 = AXIS2_PLACEMENT_3D('',#4774,#4775,#4776);
#4774 = CARTESIAN_POINT('',(154.410343,51.5089065,1.499));
#4775 = DIRECTION('',(0.,0.,1.));
#4776 = DIRECTION('',(1.,0.,0.));
#4777 = ADVANCED_FACE('',(#4778),#4784,.F.);
#4778 = FACE_BOUND('',#4779,.F.);
#4779 = EDGE_LOOP('',(#4780,#4781,#4782,#4783));
#4780 = ORIENTED_EDGE('',*,*,#101,.T.);
#4781 = ORIENTED_EDGE('',*,*,#2454,.T.);
#4782 = ORIENTED_EDGE('',*,*,#61,.F.);
#4783 = ORIENTED_EDGE('',*,*,#125,.F.);
#4784 = PLANE('',#4785);
#4785 = AXIS2_PLACEMENT_3D('',#4786,#4787,#4788);
#4786 = CARTESIAN_POINT('',(310.449707,-0.680383,0.));
#4787 = DIRECTION('',(-1.,0.,0.));
#4788 = DIRECTION('',(0.,1.,0.));
#4789 = ADVANCED_FACE('',(#4790),#4806,.F.);
#4790 = FACE_BOUND('',#4791,.F.);
#4791 = EDGE_LOOP('',(#4792,#4793,#4799,#4800));
#4792 = ORIENTED_EDGE('',*,*,#134,.F.);
#4793 = ORIENTED_EDGE('',*,*,#4794,.T.);
#4794 = EDGE_CURVE('',#135,#2482,#4795,.T.);
#4795 = LINE('',#4796,#4797);
#4796 = CARTESIAN_POINT('',(5.895474,20.071014,0.));
#4797 = VECTOR('',#4798,1.);
#4798 = DIRECTION('',(0.,0.,1.));
#4799 = ORIENTED_EDGE('',*,*,#2489,.F.);
#4800 = ORIENTED_EDGE('',*,*,#4801,.F.);
#4801 = EDGE_CURVE('',#137,#2466,#4802,.T.);
#4802 = LINE('',#4803,#4804);
#4803 = CARTESIAN_POINT('',(20.231478,20.071014,0.));
#4804 = VECTOR('',#4805,1.);
#4805 = DIRECTION('',(0.,0.,1.));
#4806 = PLANE('',#4807);
#4807 = AXIS2_PLACEMENT_3D('',#4808,#4809,#4810);
#4808 = CARTESIAN_POINT('',(5.895474,20.071014,0.));
#4809 = DIRECTION('',(0.,1.,0.));
#4810 = DIRECTION('',(1.,0.,0.));
#4811 = ADVANCED_FACE('',(#4812),#4823,.F.);
#4812 = FACE_BOUND('',#4813,.F.);
#4813 = EDGE_LOOP('',(#4814,#4815,#4821,#4822));
#4814 = ORIENTED_EDGE('',*,*,#160,.F.);
#4815 = ORIENTED_EDGE('',*,*,#4816,.T.);
#4816 = EDGE_CURVE('',#153,#2474,#4817,.T.);
#4817 = LINE('',#4818,#4819);
#4818 = CARTESIAN_POINT('',(5.895474,5.885919,0.));
#4819 = VECTOR('',#4820,1.);
#4820 = DIRECTION('',(0.,0.,1.));
#4821 = ORIENTED_EDGE('',*,*,#2481,.F.);
#4822 = ORIENTED_EDGE('',*,*,#4794,.F.);
#4823 = PLANE('',#4824);
#4824 = AXIS2_PLACEMENT_3D('',#4825,#4826,#4827);
#4825 = CARTESIAN_POINT('',(5.895474,5.885919,0.));
#4826 = DIRECTION('',(-1.,0.,0.));
#4827 = DIRECTION('',(0.,1.,0.));
#4828 = ADVANCED_FACE('',(#4829),#4840,.F.);
#4829 = FACE_BOUND('',#4830,.F.);
#4830 = EDGE_LOOP('',(#4831,#4832,#4833,#4834));
#4831 = ORIENTED_EDGE('',*,*,#144,.F.);
#4832 = ORIENTED_EDGE('',*,*,#4801,.T.);
#4833 = ORIENTED_EDGE('',*,*,#2463,.F.);
#4834 = ORIENTED_EDGE('',*,*,#4835,.F.);
#4835 = EDGE_CURVE('',#145,#2464,#4836,.T.);
#4836 = LINE('',#4837,#4838);
#4837 = CARTESIAN_POINT('',(20.231478,5.885919,0.));
#4838 = VECTOR('',#4839,1.);
#4839 = DIRECTION('',(0.,0.,1.));
#4840 = PLANE('',#4841);
#4841 = AXIS2_PLACEMENT_3D('',#4842,#4843,#4844);
#4842 = CARTESIAN_POINT('',(20.231478,20.071014,0.));
#4843 = DIRECTION('',(1.,0.,0.));
#4844 = DIRECTION('',(0.,-1.,0.));
#4845 = ADVANCED_FACE('',(#4846),#4852,.F.);
#4846 = FACE_BOUND('',#4847,.F.);
#4847 = EDGE_LOOP('',(#4848,#4849,#4850,#4851));
#4848 = ORIENTED_EDGE('',*,*,#152,.F.);
#4849 = ORIENTED_EDGE('',*,*,#4835,.T.);
#4850 = ORIENTED_EDGE('',*,*,#2473,.F.);
#4851 = ORIENTED_EDGE('',*,*,#4816,.F.);
#4852 = PLANE('',#4853);
#4853 = AXIS2_PLACEMENT_3D('',#4854,#4855,#4856);
#4854 = CARTESIAN_POINT('',(20.231478,5.885919,0.));
#4855 = DIRECTION('',(0.,-1.,0.));
#4856 = DIRECTION('',(-1.,0.,0.));
#4857 = ADVANCED_FACE('',(#4858),#4874,.F.);
#4858 = FACE_BOUND('',#4859,.F.);
#4859 = EDGE_LOOP('',(#4860,#4861,#4867,#4868));
#4860 = ORIENTED_EDGE('',*,*,#168,.F.);
#4861 = ORIENTED_EDGE('',*,*,#4862,.T.);
#4862 = EDGE_CURVE('',#169,#2516,#4863,.T.);
#4863 = LINE('',#4864,#4865);
#4864 = CARTESIAN_POINT('',(24.607731,20.071009,0.));
#4865 = VECTOR('',#4866,1.);
#4866 = DIRECTION('',(0.,0.,1.));
#4867 = ORIENTED_EDGE('',*,*,#2523,.F.);
#4868 = ORIENTED_EDGE('',*,*,#4869,.F.);
#4869 = EDGE_CURVE('',#171,#2500,#4870,.T.);
#4870 = LINE('',#4871,#4872);
#4871 = CARTESIAN_POINT('',(38.491024,20.071009,0.));
#4872 = VECTOR('',#4873,1.);
#4873 = DIRECTION('',(0.,0.,1.));
#4874 = PLANE('',#4875);
#4875 = AXIS2_PLACEMENT_3D('',#4876,#4877,#4878);
#4876 = CARTESIAN_POINT('',(24.607731,20.071009,0.));
#4877 = DIRECTION('',(0.,1.,0.));
#4878 = DIRECTION('',(1.,0.,0.));
#4879 = ADVANCED_FACE('',(#4880),#4891,.F.);
#4880 = FACE_BOUND('',#4881,.F.);
#4881 = EDGE_LOOP('',(#4882,#4883,#4889,#4890));
#4882 = ORIENTED_EDGE('',*,*,#194,.F.);
#4883 = ORIENTED_EDGE('',*,*,#4884,.T.);
#4884 = EDGE_CURVE('',#187,#2508,#4885,.T.);
#4885 = LINE('',#4886,#4887);
#4886 = CARTESIAN_POINT('',(24.607731,5.961366,0.));
#4887 = VECTOR('',#4888,1.);
#4888 = DIRECTION('',(0.,0.,1.));
#4889 = ORIENTED_EDGE('',*,*,#2515,.F.);
#4890 = ORIENTED_EDGE('',*,*,#4862,.F.);
#4891 = PLANE('',#4892);
#4892 = AXIS2_PLACEMENT_3D('',#4893,#4894,#4895);
#4893 = CARTESIAN_POINT('',(24.607731,5.961366,0.));
#4894 = DIRECTION('',(-1.,0.,0.));
#4895 = DIRECTION('',(0.,1.,0.));
#4896 = ADVANCED_FACE('',(#4897),#4908,.F.);
#4897 = FACE_BOUND('',#4898,.F.);
#4898 = EDGE_LOOP('',(#4899,#4900,#4901,#4902));
#4899 = ORIENTED_EDGE('',*,*,#178,.F.);
#4900 = ORIENTED_EDGE('',*,*,#4869,.T.);
#4901 = ORIENTED_EDGE('',*,*,#2497,.F.);
#4902 = ORIENTED_EDGE('',*,*,#4903,.F.);
#4903 = EDGE_CURVE('',#179,#2498,#4904,.T.);
#4904 = LINE('',#4905,#4906);
#4905 = CARTESIAN_POINT('',(38.491024,5.961366,0.));
#4906 = VECTOR('',#4907,1.);
#4907 = DIRECTION('',(0.,0.,1.));
#4908 = PLANE('',#4909);
#4909 = AXIS2_PLACEMENT_3D('',#4910,#4911,#4912);
#4910 = CARTESIAN_POINT('',(38.491024,20.071009,0.));
#4911 = DIRECTION('',(1.,0.,0.));
#4912 = DIRECTION('',(0.,-1.,0.));
#4913 = ADVANCED_FACE('',(#4914),#4920,.F.);
#4914 = FACE_BOUND('',#4915,.F.);
#4915 = EDGE_LOOP('',(#4916,#4917,#4918,#4919));
#4916 = ORIENTED_EDGE('',*,*,#186,.F.);
#4917 = ORIENTED_EDGE('',*,*,#4903,.T.);
#4918 = ORIENTED_EDGE('',*,*,#2507,.F.);
#4919 = ORIENTED_EDGE('',*,*,#4884,.F.);
#4920 = PLANE('',#4921);
#4921 = AXIS2_PLACEMENT_3D('',#4922,#4923,#4924);
#4922 = CARTESIAN_POINT('',(38.491024,5.961366,0.));
#4923 = DIRECTION('',(0.,-1.,0.));
#4924 = DIRECTION('',(-1.,0.,0.));
#4925 = ADVANCED_FACE('',(#4926),#4942,.F.);
#4926 = FACE_BOUND('',#4927,.F.);
#4927 = EDGE_LOOP('',(#4928,#4929,#4935,#4936));
#4928 = ORIENTED_EDGE('',*,*,#202,.F.);
#4929 = ORIENTED_EDGE('',*,*,#4930,.T.);
#4930 = EDGE_CURVE('',#203,#2550,#4931,.T.);
#4931 = LINE('',#4932,#4933);
#4932 = CARTESIAN_POINT('',(43.608532,20.179764,0.));
#4933 = VECTOR('',#4934,1.);
#4934 = DIRECTION('',(0.,0.,1.));
#4935 = ORIENTED_EDGE('',*,*,#2557,.F.);
#4936 = ORIENTED_EDGE('',*,*,#4937,.F.);
#4937 = EDGE_CURVE('',#205,#2534,#4938,.T.);
#4938 = LINE('',#4939,#4940);
#4939 = CARTESIAN_POINT('',(57.567905,20.179764,0.));
#4940 = VECTOR('',#4941,1.);
#4941 = DIRECTION('',(0.,0.,1.));
#4942 = PLANE('',#4943);
#4943 = AXIS2_PLACEMENT_3D('',#4944,#4945,#4946);
#4944 = CARTESIAN_POINT('',(43.608532,20.179764,0.));
#4945 = DIRECTION('',(0.,1.,0.));
#4946 = DIRECTION('',(1.,0.,0.));
#4947 = ADVANCED_FACE('',(#4948),#4959,.F.);
#4948 = FACE_BOUND('',#4949,.F.);
#4949 = EDGE_LOOP('',(#4950,#4951,#4957,#4958));
#4950 = ORIENTED_EDGE('',*,*,#228,.F.);
#4951 = ORIENTED_EDGE('',*,*,#4952,.T.);
#4952 = EDGE_CURVE('',#221,#2542,#4953,.T.);
#4953 = LINE('',#4954,#4955);
#4954 = CARTESIAN_POINT('',(43.608532,6.119246,0.));
#4955 = VECTOR('',#4956,1.);
#4956 = DIRECTION('',(0.,0.,1.));
#4957 = ORIENTED_EDGE('',*,*,#2549,.F.);
#4958 = ORIENTED_EDGE('',*,*,#4930,.F.);
#4959 = PLANE('',#4960);
#4960 = AXIS2_PLACEMENT_3D('',#4961,#4962,#4963);
#4961 = CARTESIAN_POINT('',(43.608532,6.119246,0.));
#4962 = DIRECTION('',(-1.,0.,0.));
#4963 = DIRECTION('',(0.,1.,0.));
#4964 = ADVANCED_FACE('',(#4965),#4976,.F.);
#4965 = FACE_BOUND('',#4966,.F.);
#4966 = EDGE_LOOP('',(#4967,#4968,#4969,#4970));
#4967 = ORIENTED_EDGE('',*,*,#212,.F.);
#4968 = ORIENTED_EDGE('',*,*,#4937,.T.);
#4969 = ORIENTED_EDGE('',*,*,#2531,.F.);
#4970 = ORIENTED_EDGE('',*,*,#4971,.F.);
#4971 = EDGE_CURVE('',#213,#2532,#4972,.T.);
#4972 = LINE('',#4973,#4974);
#4973 = CARTESIAN_POINT('',(57.567905,6.119246,0.));
#4974 = VECTOR('',#4975,1.);
#4975 = DIRECTION('',(0.,0.,1.));
#4976 = PLANE('',#4977);
#4977 = AXIS2_PLACEMENT_3D('',#4978,#4979,#4980);
#4978 = CARTESIAN_POINT('',(57.567905,20.179764,0.));
#4979 = DIRECTION('',(1.,0.,0.));
#4980 = DIRECTION('',(0.,-1.,0.));
#4981 = ADVANCED_FACE('',(#4982),#4988,.F.);
#4982 = FACE_BOUND('',#4983,.F.);
#4983 = EDGE_LOOP('',(#4984,#4985,#4986,#4987));
#4984 = ORIENTED_EDGE('',*,*,#220,.F.);
#4985 = ORIENTED_EDGE('',*,*,#4971,.T.);
#4986 = ORIENTED_EDGE('',*,*,#2541,.F.);
#4987 = ORIENTED_EDGE('',*,*,#4952,.F.);
#4988 = PLANE('',#4989);
#4989 = AXIS2_PLACEMENT_3D('',#4990,#4991,#4992);
#4990 = CARTESIAN_POINT('',(57.567905,6.119246,0.));
#4991 = DIRECTION('',(0.,-1.,0.));
#4992 = DIRECTION('',(-1.,0.,0.));
#4993 = ADVANCED_FACE('',(#4994),#5010,.F.);
#4994 = FACE_BOUND('',#4995,.F.);
#4995 = EDGE_LOOP('',(#4996,#4997,#5003,#5004));
#4996 = ORIENTED_EDGE('',*,*,#236,.F.);
#4997 = ORIENTED_EDGE('',*,*,#4998,.T.);
#4998 = EDGE_CURVE('',#237,#2584,#4999,.T.);
#4999 = LINE('',#5000,#5001);
#5000 = CARTESIAN_POINT('',(62.271603,20.063152,0.));
#5001 = VECTOR('',#5002,1.);
#5002 = DIRECTION('',(0.,0.,1.));
#5003 = ORIENTED_EDGE('',*,*,#2591,.F.);
#5004 = ORIENTED_EDGE('',*,*,#5005,.F.);
#5005 = EDGE_CURVE('',#239,#2568,#5006,.T.);
#5006 = LINE('',#5007,#5008);
#5007 = CARTESIAN_POINT('',(76.373543,20.063152,0.));
#5008 = VECTOR('',#5009,1.);
#5009 = DIRECTION('',(0.,0.,1.));
#5010 = PLANE('',#5011);
#5011 = AXIS2_PLACEMENT_3D('',#5012,#5013,#5014);
#5012 = CARTESIAN_POINT('',(62.271603,20.063152,0.));
#5013 = DIRECTION('',(0.,1.,0.));
#5014 = DIRECTION('',(1.,0.,0.));
#5015 = ADVANCED_FACE('',(#5016),#5027,.F.);
#5016 = FACE_BOUND('',#5017,.F.);
#5017 = EDGE_LOOP('',(#5018,#5019,#5025,#5026));
#5018 = ORIENTED_EDGE('',*,*,#262,.F.);
#5019 = ORIENTED_EDGE('',*,*,#5020,.T.);
#5020 = EDGE_CURVE('',#255,#2576,#5021,.T.);
#5021 = LINE('',#5022,#5023);
#5022 = CARTESIAN_POINT('',(62.271603,6.11924,0.));
#5023 = VECTOR('',#5024,1.);
#5024 = DIRECTION('',(0.,0.,1.));
#5025 = ORIENTED_EDGE('',*,*,#2583,.F.);
#5026 = ORIENTED_EDGE('',*,*,#4998,.F.);
#5027 = PLANE('',#5028);
#5028 = AXIS2_PLACEMENT_3D('',#5029,#5030,#5031);
#5029 = CARTESIAN_POINT('',(62.271603,6.11924,0.));
#5030 = DIRECTION('',(-1.,0.,0.));
#5031 = DIRECTION('',(0.,1.,0.));
#5032 = ADVANCED_FACE('',(#5033),#5044,.F.);
#5033 = FACE_BOUND('',#5034,.F.);
#5034 = EDGE_LOOP('',(#5035,#5036,#5037,#5038));
#5035 = ORIENTED_EDGE('',*,*,#246,.F.);
#5036 = ORIENTED_EDGE('',*,*,#5005,.T.);
#5037 = ORIENTED_EDGE('',*,*,#2565,.F.);
#5038 = ORIENTED_EDGE('',*,*,#5039,.F.);
#5039 = EDGE_CURVE('',#247,#2566,#5040,.T.);
#5040 = LINE('',#5041,#5042);
#5041 = CARTESIAN_POINT('',(76.373543,6.11924,0.));
#5042 = VECTOR('',#5043,1.);
#5043 = DIRECTION('',(0.,0.,1.));
#5044 = PLANE('',#5045);
#5045 = AXIS2_PLACEMENT_3D('',#5046,#5047,#5048);
#5046 = CARTESIAN_POINT('',(76.373543,20.063152,0.));
#5047 = DIRECTION('',(1.,0.,0.));
#5048 = DIRECTION('',(0.,-1.,0.));
#5049 = ADVANCED_FACE('',(#5050),#5056,.F.);
#5050 = FACE_BOUND('',#5051,.F.);
#5051 = EDGE_LOOP('',(#5052,#5053,#5054,#5055));
#5052 = ORIENTED_EDGE('',*,*,#254,.F.);
#5053 = ORIENTED_EDGE('',*,*,#5039,.T.);
#5054 = ORIENTED_EDGE('',*,*,#2575,.F.);
#5055 = ORIENTED_EDGE('',*,*,#5020,.F.);
#5056 = PLANE('',#5057);
#5057 = AXIS2_PLACEMENT_3D('',#5058,#5059,#5060);
#5058 = CARTESIAN_POINT('',(76.373543,6.11924,0.));
#5059 = DIRECTION('',(0.,-1.,0.));
#5060 = DIRECTION('',(-1.,0.,0.));
#5061 = ADVANCED_FACE('',(#5062),#5078,.F.);
#5062 = FACE_BOUND('',#5063,.F.);
#5063 = EDGE_LOOP('',(#5064,#5065,#5071,#5072));
#5064 = ORIENTED_EDGE('',*,*,#270,.F.);
#5065 = ORIENTED_EDGE('',*,*,#5066,.T.);
#5066 = EDGE_CURVE('',#271,#2618,#5067,.T.);
#5067 = LINE('',#5068,#5069);
#5068 = CARTESIAN_POINT('',(124.805145,20.104465,0.));
#5069 = VECTOR('',#5070,1.);
#5070 = DIRECTION('',(0.,0.,1.));
#5071 = ORIENTED_EDGE('',*,*,#2625,.F.);
#5072 = ORIENTED_EDGE('',*,*,#5073,.F.);
#5073 = EDGE_CURVE('',#273,#2602,#5074,.T.);
#5074 = LINE('',#5075,#5076);
#5075 = CARTESIAN_POINT('',(138.757004,20.104465,0.));
#5076 = VECTOR('',#5077,1.);
#5077 = DIRECTION('',(0.,0.,1.));
#5078 = PLANE('',#5079);
#5079 = AXIS2_PLACEMENT_3D('',#5080,#5081,#5082);
#5080 = CARTESIAN_POINT('',(124.805145,20.104465,0.));
#5081 = DIRECTION('',(0.,1.,0.));
#5082 = DIRECTION('',(1.,0.,0.));
#5083 = ADVANCED_FACE('',(#5084),#5095,.F.);
#5084 = FACE_BOUND('',#5085,.F.);
#5085 = EDGE_LOOP('',(#5086,#5087,#5093,#5094));
#5086 = ORIENTED_EDGE('',*,*,#296,.F.);
#5087 = ORIENTED_EDGE('',*,*,#5088,.T.);
#5088 = EDGE_CURVE('',#289,#2610,#5089,.T.);
#5089 = LINE('',#5090,#5091);
#5090 = CARTESIAN_POINT('',(124.805145,6.009524,0.));
#5091 = VECTOR('',#5092,1.);
#5092 = DIRECTION('',(0.,0.,1.));
#5093 = ORIENTED_EDGE('',*,*,#2617,.F.);
#5094 = ORIENTED_EDGE('',*,*,#5066,.F.);
#5095 = PLANE('',#5096);
#5096 = AXIS2_PLACEMENT_3D('',#5097,#5098,#5099);
#5097 = CARTESIAN_POINT('',(124.805145,6.009524,0.));
#5098 = DIRECTION('',(-1.,0.,0.));
#5099 = DIRECTION('',(0.,1.,0.));
#5100 = ADVANCED_FACE('',(#5101),#5112,.F.);
#5101 = FACE_BOUND('',#5102,.F.);
#5102 = EDGE_LOOP('',(#5103,#5104,#5105,#5106));
#5103 = ORIENTED_EDGE('',*,*,#280,.F.);
#5104 = ORIENTED_EDGE('',*,*,#5073,.T.);
#5105 = ORIENTED_EDGE('',*,*,#2599,.F.);
#5106 = ORIENTED_EDGE('',*,*,#5107,.F.);
#5107 = EDGE_CURVE('',#281,#2600,#5108,.T.);
#5108 = LINE('',#5109,#5110);
#5109 = CARTESIAN_POINT('',(138.757004,6.009524,0.));
#5110 = VECTOR('',#5111,1.);
#5111 = DIRECTION('',(0.,0.,1.));
#5112 = PLANE('',#5113);
#5113 = AXIS2_PLACEMENT_3D('',#5114,#5115,#5116);
#5114 = CARTESIAN_POINT('',(138.757004,20.104465,0.));
#5115 = DIRECTION('',(1.,0.,0.));
#5116 = DIRECTION('',(0.,-1.,0.));
#5117 = ADVANCED_FACE('',(#5118),#5124,.F.);
#5118 = FACE_BOUND('',#5119,.F.);
#5119 = EDGE_LOOP('',(#5120,#5121,#5122,#5123));
#5120 = ORIENTED_EDGE('',*,*,#288,.F.);
#5121 = ORIENTED_EDGE('',*,*,#5107,.T.);
#5122 = ORIENTED_EDGE('',*,*,#2609,.F.);
#5123 = ORIENTED_EDGE('',*,*,#5088,.F.);
#5124 = PLANE('',#5125);
#5125 = AXIS2_PLACEMENT_3D('',#5126,#5127,#5128);
#5126 = CARTESIAN_POINT('',(138.757004,6.009524,0.));
#5127 = DIRECTION('',(0.,-1.,0.));
#5128 = DIRECTION('',(-1.,0.,0.));
#5129 = ADVANCED_FACE('',(#5130),#5146,.F.);
#5130 = FACE_BOUND('',#5131,.F.);
#5131 = EDGE_LOOP('',(#5132,#5133,#5139,#5140));
#5132 = ORIENTED_EDGE('',*,*,#304,.F.);
#5133 = ORIENTED_EDGE('',*,*,#5134,.T.);
#5134 = EDGE_CURVE('',#305,#2652,#5135,.T.);
#5135 = LINE('',#5136,#5137);
#5136 = CARTESIAN_POINT('',(15.286504,39.082203,0.));
#5137 = VECTOR('',#5138,1.);
#5138 = DIRECTION('',(0.,0.,1.));
#5139 = ORIENTED_EDGE('',*,*,#2659,.F.);
#5140 = ORIENTED_EDGE('',*,*,#5141,.F.);
#5141 = EDGE_CURVE('',#307,#2636,#5142,.T.);
#5142 = LINE('',#5143,#5144);
#5143 = CARTESIAN_POINT('',(29.622561,39.082203,0.));
#5144 = VECTOR('',#5145,1.);
#5145 = DIRECTION('',(0.,0.,1.));
#5146 = PLANE('',#5147);
#5147 = AXIS2_PLACEMENT_3D('',#5148,#5149,#5150);
#5148 = CARTESIAN_POINT('',(15.286504,39.082203,0.));
#5149 = DIRECTION('',(0.,1.,0.));
#5150 = DIRECTION('',(1.,0.,0.));
#5151 = ADVANCED_FACE('',(#5152),#5163,.F.);
#5152 = FACE_BOUND('',#5153,.F.);
#5153 = EDGE_LOOP('',(#5154,#5155,#5161,#5162));
#5154 = ORIENTED_EDGE('',*,*,#330,.F.);
#5155 = ORIENTED_EDGE('',*,*,#5156,.T.);
#5156 = EDGE_CURVE('',#323,#2644,#5157,.T.);
#5157 = LINE('',#5158,#5159);
#5158 = CARTESIAN_POINT('',(15.286504,25.19887,0.));
#5159 = VECTOR('',#5160,1.);
#5160 = DIRECTION('',(0.,0.,1.));
#5161 = ORIENTED_EDGE('',*,*,#2651,.F.);
#5162 = ORIENTED_EDGE('',*,*,#5134,.F.);
#5163 = PLANE('',#5164);
#5164 = AXIS2_PLACEMENT_3D('',#5165,#5166,#5167);
#5165 = CARTESIAN_POINT('',(15.286504,25.19887,0.));
#5166 = DIRECTION('',(-1.,0.,0.));
#5167 = DIRECTION('',(0.,1.,0.));
#5168 = ADVANCED_FACE('',(#5169),#5180,.F.);
#5169 = FACE_BOUND('',#5170,.F.);
#5170 = EDGE_LOOP('',(#5171,#5172,#5178,#5179));
#5171 = ORIENTED_EDGE('',*,*,#322,.F.);
#5172 = ORIENTED_EDGE('',*,*,#5173,.T.);
#5173 = EDGE_CURVE('',#315,#2634,#5174,.T.);
#5174 = LINE('',#5175,#5176);
#5175 = CARTESIAN_POINT('',(29.622561,25.19887,0.));
#5176 = VECTOR('',#5177,1.);
#5177 = DIRECTION('',(0.,0.,1.));
#5178 = ORIENTED_EDGE('',*,*,#2643,.F.);
#5179 = ORIENTED_EDGE('',*,*,#5156,.F.);
#5180 = PLANE('',#5181);
#5181 = AXIS2_PLACEMENT_3D('',#5182,#5183,#5184);
#5182 = CARTESIAN_POINT('',(29.622561,25.19887,0.));
#5183 = DIRECTION('',(0.,-1.,0.));
#5184 = DIRECTION('',(-1.,0.,0.));
#5185 = ADVANCED_FACE('',(#5186),#5192,.F.);
#5186 = FACE_BOUND('',#5187,.F.);
#5187 = EDGE_LOOP('',(#5188,#5189,#5190,#5191));
#5188 = ORIENTED_EDGE('',*,*,#314,.F.);
#5189 = ORIENTED_EDGE('',*,*,#5141,.T.);
#5190 = ORIENTED_EDGE('',*,*,#2633,.F.);
#5191 = ORIENTED_EDGE('',*,*,#5173,.F.);
#5192 = PLANE('',#5193);
#5193 = AXIS2_PLACEMENT_3D('',#5194,#5195,#5196);
#5194 = CARTESIAN_POINT('',(29.622561,39.082203,0.));
#5195 = DIRECTION('',(1.,0.,0.));
#5196 = DIRECTION('',(0.,-1.,0.));
#5197 = ADVANCED_FACE('',(#5198),#5214,.F.);
#5198 = FACE_BOUND('',#5199,.F.);
#5199 = EDGE_LOOP('',(#5200,#5201,#5207,#5208));
#5200 = ORIENTED_EDGE('',*,*,#338,.F.);
#5201 = ORIENTED_EDGE('',*,*,#5202,.T.);
#5202 = EDGE_CURVE('',#339,#2686,#5203,.T.);
#5203 = LINE('',#5204,#5205);
#5204 = CARTESIAN_POINT('',(43.757137,39.146011,0.));
#5205 = VECTOR('',#5206,1.);
#5206 = DIRECTION('',(0.,0.,1.));
#5207 = ORIENTED_EDGE('',*,*,#2693,.F.);
#5208 = ORIENTED_EDGE('',*,*,#5209,.F.);
#5209 = EDGE_CURVE('',#341,#2670,#5210,.T.);
#5210 = LINE('',#5211,#5212);
#5211 = CARTESIAN_POINT('',(57.905342,39.146011,0.));
#5212 = VECTOR('',#5213,1.);
#5213 = DIRECTION('',(0.,0.,1.));
#5214 = PLANE('',#5215);
#5215 = AXIS2_PLACEMENT_3D('',#5216,#5217,#5218);
#5216 = CARTESIAN_POINT('',(43.757137,39.146011,0.));
#5217 = DIRECTION('',(0.,1.,0.));
#5218 = DIRECTION('',(1.,0.,0.));
#5219 = ADVANCED_FACE('',(#5220),#5231,.F.);
#5220 = FACE_BOUND('',#5221,.F.);
#5221 = EDGE_LOOP('',(#5222,#5223,#5229,#5230));
#5222 = ORIENTED_EDGE('',*,*,#364,.F.);
#5223 = ORIENTED_EDGE('',*,*,#5224,.T.);
#5224 = EDGE_CURVE('',#357,#2678,#5225,.T.);
#5225 = LINE('',#5226,#5227);
#5226 = CARTESIAN_POINT('',(43.757137,25.00873,0.));
#5227 = VECTOR('',#5228,1.);
#5228 = DIRECTION('',(0.,0.,1.));
#5229 = ORIENTED_EDGE('',*,*,#2685,.F.);
#5230 = ORIENTED_EDGE('',*,*,#5202,.F.);
#5231 = PLANE('',#5232);
#5232 = AXIS2_PLACEMENT_3D('',#5233,#5234,#5235);
#5233 = CARTESIAN_POINT('',(43.757137,25.00873,0.));
#5234 = DIRECTION('',(-1.,0.,0.));
#5235 = DIRECTION('',(0.,1.,0.));
#5236 = ADVANCED_FACE('',(#5237),#5248,.F.);
#5237 = FACE_BOUND('',#5238,.F.);
#5238 = EDGE_LOOP('',(#5239,#5240,#5246,#5247));
#5239 = ORIENTED_EDGE('',*,*,#356,.F.);
#5240 = ORIENTED_EDGE('',*,*,#5241,.T.);
#5241 = EDGE_CURVE('',#349,#2668,#5242,.T.);
#5242 = LINE('',#5243,#5244);
#5243 = CARTESIAN_POINT('',(57.905342,25.00873,0.));
#5244 = VECTOR('',#5245,1.);
#5245 = DIRECTION('',(0.,0.,1.));
#5246 = ORIENTED_EDGE('',*,*,#2677,.F.);
#5247 = ORIENTED_EDGE('',*,*,#5224,.F.);
#5248 = PLANE('',#5249);
#5249 = AXIS2_PLACEMENT_3D('',#5250,#5251,#5252);
#5250 = CARTESIAN_POINT('',(57.905342,25.00873,0.));
#5251 = DIRECTION('',(0.,-1.,0.));
#5252 = DIRECTION('',(-1.,0.,0.));
#5253 = ADVANCED_FACE('',(#5254),#5260,.F.);
#5254 = FACE_BOUND('',#5255,.F.);
#5255 = EDGE_LOOP('',(#5256,#5257,#5258,#5259));
#5256 = ORIENTED_EDGE('',*,*,#348,.F.);
#5257 = ORIENTED_EDGE('',*,*,#5209,.T.);
#5258 = ORIENTED_EDGE('',*,*,#2667,.F.);
#5259 = ORIENTED_EDGE('',*,*,#5241,.F.);
#5260 = PLANE('',#5261);
#5261 = AXIS2_PLACEMENT_3D('',#5262,#5263,#5264);
#5262 = CARTESIAN_POINT('',(57.905342,39.146011,0.));
#5263 = DIRECTION('',(1.,0.,0.));
#5264 = DIRECTION('',(0.,-1.,0.));
#5265 = ADVANCED_FACE('',(#5266),#5282,.F.);
#5266 = FACE_BOUND('',#5267,.F.);
#5267 = EDGE_LOOP('',(#5268,#5269,#5275,#5276));
#5268 = ORIENTED_EDGE('',*,*,#372,.F.);
#5269 = ORIENTED_EDGE('',*,*,#5270,.T.);
#5270 = EDGE_CURVE('',#373,#2720,#5271,.T.);
#5271 = LINE('',#5272,#5273);
#5272 = CARTESIAN_POINT('',(62.790981,39.246429,0.));
#5273 = VECTOR('',#5274,1.);
#5274 = DIRECTION('',(0.,0.,1.));
#5275 = ORIENTED_EDGE('',*,*,#2727,.F.);
#5276 = ORIENTED_EDGE('',*,*,#5277,.F.);
#5277 = EDGE_CURVE('',#375,#2704,#5278,.T.);
#5278 = LINE('',#5279,#5280);
#5279 = CARTESIAN_POINT('',(77.034012,39.246429,0.));
#5280 = VECTOR('',#5281,1.);
#5281 = DIRECTION('',(0.,0.,1.));
#5282 = PLANE('',#5283);
#5283 = AXIS2_PLACEMENT_3D('',#5284,#5285,#5286);
#5284 = CARTESIAN_POINT('',(62.790981,39.246429,0.));
#5285 = DIRECTION('',(0.,1.,0.));
#5286 = DIRECTION('',(1.,0.,0.));
#5287 = ADVANCED_FACE('',(#5288),#5299,.F.);
#5288 = FACE_BOUND('',#5289,.F.);
#5289 = EDGE_LOOP('',(#5290,#5291,#5297,#5298));
#5290 = ORIENTED_EDGE('',*,*,#398,.F.);
#5291 = ORIENTED_EDGE('',*,*,#5292,.T.);
#5292 = EDGE_CURVE('',#391,#2712,#5293,.T.);
#5293 = LINE('',#5294,#5295);
#5294 = CARTESIAN_POINT('',(62.790981,25.122835,0.));
#5295 = VECTOR('',#5296,1.);
#5296 = DIRECTION('',(0.,0.,1.));
#5297 = ORIENTED_EDGE('',*,*,#2719,.F.);
#5298 = ORIENTED_EDGE('',*,*,#5270,.F.);
#5299 = PLANE('',#5300);
#5300 = AXIS2_PLACEMENT_3D('',#5301,#5302,#5303);
#5301 = CARTESIAN_POINT('',(62.790981,25.122835,0.));
#5302 = DIRECTION('',(-1.,0.,0.));
#5303 = DIRECTION('',(0.,1.,0.));
#5304 = ADVANCED_FACE('',(#5305),#5316,.F.);
#5305 = FACE_BOUND('',#5306,.F.);
#5306 = EDGE_LOOP('',(#5307,#5308,#5314,#5315));
#5307 = ORIENTED_EDGE('',*,*,#390,.F.);
#5308 = ORIENTED_EDGE('',*,*,#5309,.T.);
#5309 = EDGE_CURVE('',#383,#2702,#5310,.T.);
#5310 = LINE('',#5311,#5312);
#5311 = CARTESIAN_POINT('',(77.034012,25.122835,0.));
#5312 = VECTOR('',#5313,1.);
#5313 = DIRECTION('',(0.,0.,1.));
#5314 = ORIENTED_EDGE('',*,*,#2711,.F.);
#5315 = ORIENTED_EDGE('',*,*,#5292,.F.);
#5316 = PLANE('',#5317);
#5317 = AXIS2_PLACEMENT_3D('',#5318,#5319,#5320);
#5318 = CARTESIAN_POINT('',(77.034012,25.122835,0.));
#5319 = DIRECTION('',(0.,-1.,0.));
#5320 = DIRECTION('',(-1.,0.,0.));
#5321 = ADVANCED_FACE('',(#5322),#5328,.F.);
#5322 = FACE_BOUND('',#5323,.F.);
#5323 = EDGE_LOOP('',(#5324,#5325,#5326,#5327));
#5324 = ORIENTED_EDGE('',*,*,#382,.F.);
#5325 = ORIENTED_EDGE('',*,*,#5277,.T.);
#5326 = ORIENTED_EDGE('',*,*,#2701,.F.);
#5327 = ORIENTED_EDGE('',*,*,#5309,.F.);
#5328 = PLANE('',#5329);
#5329 = AXIS2_PLACEMENT_3D('',#5330,#5331,#5332);
#5330 = CARTESIAN_POINT('',(77.034012,39.246429,0.));
#5331 = DIRECTION('',(1.,0.,0.));
#5332 = DIRECTION('',(0.,-1.,0.));
#5333 = ADVANCED_FACE('',(#5334),#5350,.F.);
#5334 = FACE_BOUND('',#5335,.F.);
#5335 = EDGE_LOOP('',(#5336,#5337,#5343,#5344));
#5336 = ORIENTED_EDGE('',*,*,#406,.F.);
#5337 = ORIENTED_EDGE('',*,*,#5338,.T.);
#5338 = EDGE_CURVE('',#407,#2754,#5339,.T.);
#5339 = LINE('',#5340,#5341);
#5340 = CARTESIAN_POINT('',(15.225821,58.186047,0.));
#5341 = VECTOR('',#5342,1.);
#5342 = DIRECTION('',(0.,0.,1.));
#5343 = ORIENTED_EDGE('',*,*,#2761,.F.);
#5344 = ORIENTED_EDGE('',*,*,#5345,.F.);
#5345 = EDGE_CURVE('',#409,#2738,#5346,.T.);
#5346 = LINE('',#5347,#5348);
#5347 = CARTESIAN_POINT('',(29.41094,58.186047,0.));
#5348 = VECTOR('',#5349,1.);
#5349 = DIRECTION('',(0.,0.,1.));
#5350 = PLANE('',#5351);
#5351 = AXIS2_PLACEMENT_3D('',#5352,#5353,#5354);
#5352 = CARTESIAN_POINT('',(15.225821,58.186047,0.));
#5353 = DIRECTION('',(0.,1.,0.));
#5354 = DIRECTION('',(1.,0.,0.));
#5355 = ADVANCED_FACE('',(#5356),#5367,.F.);
#5356 = FACE_BOUND('',#5357,.F.);
#5357 = EDGE_LOOP('',(#5358,#5359,#5365,#5366));
#5358 = ORIENTED_EDGE('',*,*,#432,.F.);
#5359 = ORIENTED_EDGE('',*,*,#5360,.T.);
#5360 = EDGE_CURVE('',#425,#2746,#5361,.T.);
#5361 = LINE('',#5362,#5363);
#5362 = CARTESIAN_POINT('',(15.225821,44.000935,0.));
#5363 = VECTOR('',#5364,1.);
#5364 = DIRECTION('',(0.,0.,1.));
#5365 = ORIENTED_EDGE('',*,*,#2753,.F.);
#5366 = ORIENTED_EDGE('',*,*,#5338,.F.);
#5367 = PLANE('',#5368);
#5368 = AXIS2_PLACEMENT_3D('',#5369,#5370,#5371);
#5369 = CARTESIAN_POINT('',(15.225821,44.000935,0.));
#5370 = DIRECTION('',(-1.,0.,0.));
#5371 = DIRECTION('',(0.,1.,0.));
#5372 = ADVANCED_FACE('',(#5373),#5384,.F.);
#5373 = FACE_BOUND('',#5374,.F.);
#5374 = EDGE_LOOP('',(#5375,#5376,#5382,#5383));
#5375 = ORIENTED_EDGE('',*,*,#424,.F.);
#5376 = ORIENTED_EDGE('',*,*,#5377,.T.);
#5377 = EDGE_CURVE('',#417,#2736,#5378,.T.);
#5378 = LINE('',#5379,#5380);
#5379 = CARTESIAN_POINT('',(29.41094,44.000935,0.));
#5380 = VECTOR('',#5381,1.);
#5381 = DIRECTION('',(0.,0.,1.));
#5382 = ORIENTED_EDGE('',*,*,#2745,.F.);
#5383 = ORIENTED_EDGE('',*,*,#5360,.F.);
#5384 = PLANE('',#5385);
#5385 = AXIS2_PLACEMENT_3D('',#5386,#5387,#5388);
#5386 = CARTESIAN_POINT('',(29.41094,44.000935,0.));
#5387 = DIRECTION('',(0.,-1.,0.));
#5388 = DIRECTION('',(-1.,0.,0.));
#5389 = ADVANCED_FACE('',(#5390),#5396,.F.);
#5390 = FACE_BOUND('',#5391,.F.);
#5391 = EDGE_LOOP('',(#5392,#5393,#5394,#5395));
#5392 = ORIENTED_EDGE('',*,*,#416,.F.);
#5393 = ORIENTED_EDGE('',*,*,#5345,.T.);
#5394 = ORIENTED_EDGE('',*,*,#2735,.F.);
#5395 = ORIENTED_EDGE('',*,*,#5377,.F.);
#5396 = PLANE('',#5397);
#5397 = AXIS2_PLACEMENT_3D('',#5398,#5399,#5400);
#5398 = CARTESIAN_POINT('',(29.41094,58.186047,0.));
#5399 = DIRECTION('',(1.,0.,0.));
#5400 = DIRECTION('',(0.,-1.,0.));
#5401 = ADVANCED_FACE('',(#5402),#5418,.F.);
#5402 = FACE_BOUND('',#5403,.F.);
#5403 = EDGE_LOOP('',(#5404,#5405,#5411,#5412));
#5404 = ORIENTED_EDGE('',*,*,#440,.F.);
#5405 = ORIENTED_EDGE('',*,*,#5406,.T.);
#5406 = EDGE_CURVE('',#441,#2788,#5407,.T.);
#5407 = LINE('',#5408,#5409);
#5408 = CARTESIAN_POINT('',(38.963142,58.19875,0.));
#5409 = VECTOR('',#5410,1.);
#5410 = DIRECTION('',(0.,0.,1.));
#5411 = ORIENTED_EDGE('',*,*,#2795,.F.);
#5412 = ORIENTED_EDGE('',*,*,#5413,.F.);
#5413 = EDGE_CURVE('',#443,#2772,#5414,.T.);
#5414 = LINE('',#5415,#5416);
#5415 = CARTESIAN_POINT('',(53.148266,58.19875,0.));
#5416 = VECTOR('',#5417,1.);
#5417 = DIRECTION('',(0.,0.,1.));
#5418 = PLANE('',#5419);
#5419 = AXIS2_PLACEMENT_3D('',#5420,#5421,#5422);
#5420 = CARTESIAN_POINT('',(38.963142,58.19875,0.));
#5421 = DIRECTION('',(0.,1.,0.));
#5422 = DIRECTION('',(1.,0.,0.));
#5423 = ADVANCED_FACE('',(#5424),#5435,.F.);
#5424 = FACE_BOUND('',#5425,.F.);
#5425 = EDGE_LOOP('',(#5426,#5427,#5433,#5434));
#5426 = ORIENTED_EDGE('',*,*,#466,.F.);
#5427 = ORIENTED_EDGE('',*,*,#5428,.T.);
#5428 = EDGE_CURVE('',#459,#2780,#5429,.T.);
#5429 = LINE('',#5430,#5431);
#5430 = CARTESIAN_POINT('',(38.963142,44.089088,0.));
#5431 = VECTOR('',#5432,1.);
#5432 = DIRECTION('',(0.,0.,1.));
#5433 = ORIENTED_EDGE('',*,*,#2787,.F.);
#5434 = ORIENTED_EDGE('',*,*,#5406,.F.);
#5435 = PLANE('',#5436);
#5436 = AXIS2_PLACEMENT_3D('',#5437,#5438,#5439);
#5437 = CARTESIAN_POINT('',(38.963142,44.089088,0.));
#5438 = DIRECTION('',(-1.,0.,0.));
#5439 = DIRECTION('',(0.,1.,0.));
#5440 = ADVANCED_FACE('',(#5441),#5452,.F.);
#5441 = FACE_BOUND('',#5442,.F.);
#5442 = EDGE_LOOP('',(#5443,#5444,#5450,#5451));
#5443 = ORIENTED_EDGE('',*,*,#458,.F.);
#5444 = ORIENTED_EDGE('',*,*,#5445,.T.);
#5445 = EDGE_CURVE('',#451,#2770,#5446,.T.);
#5446 = LINE('',#5447,#5448);
#5447 = CARTESIAN_POINT('',(53.148266,44.089088,0.));
#5448 = VECTOR('',#5449,1.);
#5449 = DIRECTION('',(0.,0.,1.));
#5450 = ORIENTED_EDGE('',*,*,#2779,.F.);
#5451 = ORIENTED_EDGE('',*,*,#5428,.F.);
#5452 = PLANE('',#5453);
#5453 = AXIS2_PLACEMENT_3D('',#5454,#5455,#5456);
#5454 = CARTESIAN_POINT('',(53.148266,44.089088,0.));
#5455 = DIRECTION('',(0.,-1.,0.));
#5456 = DIRECTION('',(-1.,0.,0.));
#5457 = ADVANCED_FACE('',(#5458),#5464,.F.);
#5458 = FACE_BOUND('',#5459,.F.);
#5459 = EDGE_LOOP('',(#5460,#5461,#5462,#5463));
#5460 = ORIENTED_EDGE('',*,*,#450,.F.);
#5461 = ORIENTED_EDGE('',*,*,#5413,.T.);
#5462 = ORIENTED_EDGE('',*,*,#2769,.F.);
#5463 = ORIENTED_EDGE('',*,*,#5445,.F.);
#5464 = PLANE('',#5465);
#5465 = AXIS2_PLACEMENT_3D('',#5466,#5467,#5468);
#5466 = CARTESIAN_POINT('',(53.148266,58.19875,0.));
#5467 = DIRECTION('',(1.,0.,0.));
#5468 = DIRECTION('',(0.,-1.,0.));
#5469 = ADVANCED_FACE('',(#5470),#5486,.F.);
#5470 = FACE_BOUND('',#5471,.F.);
#5471 = EDGE_LOOP('',(#5472,#5473,#5479,#5480));
#5472 = ORIENTED_EDGE('',*,*,#474,.F.);
#5473 = ORIENTED_EDGE('',*,*,#5474,.T.);
#5474 = EDGE_CURVE('',#475,#2822,#5475,.T.);
#5475 = LINE('',#5476,#5477);
#5476 = CARTESIAN_POINT('',(58.22533,58.182247,0.));
#5477 = VECTOR('',#5478,1.);
#5478 = DIRECTION('',(0.,0.,1.));
#5479 = ORIENTED_EDGE('',*,*,#2829,.F.);
#5480 = ORIENTED_EDGE('',*,*,#5481,.F.);
#5481 = EDGE_CURVE('',#477,#2806,#5482,.T.);
#5482 = LINE('',#5483,#5484);
#5483 = CARTESIAN_POINT('',(72.602005,58.182247,0.));
#5484 = VECTOR('',#5485,1.);
#5485 = DIRECTION('',(0.,0.,1.));
#5486 = PLANE('',#5487);
#5487 = AXIS2_PLACEMENT_3D('',#5488,#5489,#5490);
#5488 = CARTESIAN_POINT('',(58.22533,58.182247,0.));
#5489 = DIRECTION('',(0.,1.,0.));
#5490 = DIRECTION('',(1.,0.,0.));
#5491 = ADVANCED_FACE('',(#5492),#5503,.F.);
#5492 = FACE_BOUND('',#5493,.F.);
#5493 = EDGE_LOOP('',(#5494,#5495,#5501,#5502));
#5494 = ORIENTED_EDGE('',*,*,#500,.F.);
#5495 = ORIENTED_EDGE('',*,*,#5496,.T.);
#5496 = EDGE_CURVE('',#493,#2814,#5497,.T.);
#5497 = LINE('',#5498,#5499);
#5498 = CARTESIAN_POINT('',(58.22533,44.174217,0.));
#5499 = VECTOR('',#5500,1.);
#5500 = DIRECTION('',(0.,0.,1.));
#5501 = ORIENTED_EDGE('',*,*,#2821,.F.);
#5502 = ORIENTED_EDGE('',*,*,#5474,.F.);
#5503 = PLANE('',#5504);
#5504 = AXIS2_PLACEMENT_3D('',#5505,#5506,#5507);
#5505 = CARTESIAN_POINT('',(58.22533,44.174217,0.));
#5506 = DIRECTION('',(-1.,0.,0.));
#5507 = DIRECTION('',(0.,1.,0.));
#5508 = ADVANCED_FACE('',(#5509),#5520,.F.);
#5509 = FACE_BOUND('',#5510,.F.);
#5510 = EDGE_LOOP('',(#5511,#5512,#5518,#5519));
#5511 = ORIENTED_EDGE('',*,*,#492,.F.);
#5512 = ORIENTED_EDGE('',*,*,#5513,.T.);
#5513 = EDGE_CURVE('',#485,#2804,#5514,.T.);
#5514 = LINE('',#5515,#5516);
#5515 = CARTESIAN_POINT('',(72.602005,44.174217,0.));
#5516 = VECTOR('',#5517,1.);
#5517 = DIRECTION('',(0.,0.,1.));
#5518 = ORIENTED_EDGE('',*,*,#2813,.F.);
#5519 = ORIENTED_EDGE('',*,*,#5496,.F.);
#5520 = PLANE('',#5521);
#5521 = AXIS2_PLACEMENT_3D('',#5522,#5523,#5524);
#5522 = CARTESIAN_POINT('',(72.602005,44.174217,0.));
#5523 = DIRECTION('',(0.,-1.,0.));
#5524 = DIRECTION('',(-1.,0.,0.));
#5525 = ADVANCED_FACE('',(#5526),#5532,.F.);
#5526 = FACE_BOUND('',#5527,.F.);
#5527 = EDGE_LOOP('',(#5528,#5529,#5530,#5531));
#5528 = ORIENTED_EDGE('',*,*,#484,.F.);
#5529 = ORIENTED_EDGE('',*,*,#5481,.T.);
#5530 = ORIENTED_EDGE('',*,*,#2803,.F.);
#5531 = ORIENTED_EDGE('',*,*,#5513,.F.);
#5532 = PLANE('',#5533);
#5533 = AXIS2_PLACEMENT_3D('',#5534,#5535,#5536);
#5534 = CARTESIAN_POINT('',(72.602005,58.182247,0.));
#5535 = DIRECTION('',(1.,0.,0.));
#5536 = DIRECTION('',(0.,-1.,0.));
#5537 = ADVANCED_FACE('',(#5538),#5554,.F.);
#5538 = FACE_BOUND('',#5539,.F.);
#5539 = EDGE_LOOP('',(#5540,#5541,#5547,#5548));
#5540 = ORIENTED_EDGE('',*,*,#508,.F.);
#5541 = ORIENTED_EDGE('',*,*,#5542,.T.);
#5542 = EDGE_CURVE('',#509,#2856,#5543,.T.);
#5543 = LINE('',#5544,#5545);
#5544 = CARTESIAN_POINT('',(82.089348,39.18528,0.));
#5545 = VECTOR('',#5546,1.);
#5546 = DIRECTION('',(0.,0.,1.));
#5547 = ORIENTED_EDGE('',*,*,#2863,.F.);
#5548 = ORIENTED_EDGE('',*,*,#5549,.F.);
#5549 = EDGE_CURVE('',#511,#2840,#5550,.T.);
#5550 = LINE('',#5551,#5552);
#5551 = CARTESIAN_POINT('',(96.353477,39.18528,0.));
#5552 = VECTOR('',#5553,1.);
#5553 = DIRECTION('',(0.,0.,1.));
#5554 = PLANE('',#5555);
#5555 = AXIS2_PLACEMENT_3D('',#5556,#5557,#5558);
#5556 = CARTESIAN_POINT('',(82.089348,39.18528,0.));
#5557 = DIRECTION('',(0.,1.,0.));
#5558 = DIRECTION('',(1.,0.,0.));
#5559 = ADVANCED_FACE('',(#5560),#5571,.F.);
#5560 = FACE_BOUND('',#5561,.F.);
#5561 = EDGE_LOOP('',(#5562,#5563,#5569,#5570));
#5562 = ORIENTED_EDGE('',*,*,#534,.F.);
#5563 = ORIENTED_EDGE('',*,*,#5564,.T.);
#5564 = EDGE_CURVE('',#527,#2848,#5565,.T.);
#5565 = LINE('',#5566,#5567);
#5566 = CARTESIAN_POINT('',(82.089348,24.985832,0.));
#5567 = VECTOR('',#5568,1.);
#5568 = DIRECTION('',(0.,0.,1.));
#5569 = ORIENTED_EDGE('',*,*,#2855,.F.);
#5570 = ORIENTED_EDGE('',*,*,#5542,.F.);
#5571 = PLANE('',#5572);
#5572 = AXIS2_PLACEMENT_3D('',#5573,#5574,#5575);
#5573 = CARTESIAN_POINT('',(82.089348,24.985832,0.));
#5574 = DIRECTION('',(-1.,0.,0.));
#5575 = DIRECTION('',(0.,1.,0.));
#5576 = ADVANCED_FACE('',(#5577),#5588,.F.);
#5577 = FACE_BOUND('',#5578,.F.);
#5578 = EDGE_LOOP('',(#5579,#5580,#5586,#5587));
#5579 = ORIENTED_EDGE('',*,*,#526,.F.);
#5580 = ORIENTED_EDGE('',*,*,#5581,.T.);
#5581 = EDGE_CURVE('',#519,#2838,#5582,.T.);
#5582 = LINE('',#5583,#5584);
#5583 = CARTESIAN_POINT('',(96.353477,24.985832,0.));
#5584 = VECTOR('',#5585,1.);
#5585 = DIRECTION('',(0.,0.,1.));
#5586 = ORIENTED_EDGE('',*,*,#2847,.F.);
#5587 = ORIENTED_EDGE('',*,*,#5564,.F.);
#5588 = PLANE('',#5589);
#5589 = AXIS2_PLACEMENT_3D('',#5590,#5591,#5592);
#5590 = CARTESIAN_POINT('',(96.353477,24.985832,0.));
#5591 = DIRECTION('',(0.,-1.,0.));
#5592 = DIRECTION('',(-1.,0.,0.));
#5593 = ADVANCED_FACE('',(#5594),#5600,.F.);
#5594 = FACE_BOUND('',#5595,.F.);
#5595 = EDGE_LOOP('',(#5596,#5597,#5598,#5599));
#5596 = ORIENTED_EDGE('',*,*,#518,.F.);
#5597 = ORIENTED_EDGE('',*,*,#5549,.T.);
#5598 = ORIENTED_EDGE('',*,*,#2837,.F.);
#5599 = ORIENTED_EDGE('',*,*,#5581,.F.);
#5600 = PLANE('',#5601);
#5601 = AXIS2_PLACEMENT_3D('',#5602,#5603,#5604);
#5602 = CARTESIAN_POINT('',(96.353477,39.18528,0.));
#5603 = DIRECTION('',(1.,0.,0.));
#5604 = DIRECTION('',(0.,-1.,0.));
#5605 = ADVANCED_FACE('',(#5606),#5622,.F.);
#5606 = FACE_BOUND('',#5607,.F.);
#5607 = EDGE_LOOP('',(#5608,#5609,#5615,#5616));
#5608 = ORIENTED_EDGE('',*,*,#542,.F.);
#5609 = ORIENTED_EDGE('',*,*,#5610,.T.);
#5610 = EDGE_CURVE('',#543,#2890,#5611,.T.);
#5611 = LINE('',#5612,#5613);
#5612 = CARTESIAN_POINT('',(101.484276,39.185276,0.));
#5613 = VECTOR('',#5614,1.);
#5614 = DIRECTION('',(0.,0.,1.));
#5615 = ORIENTED_EDGE('',*,*,#2897,.F.);
#5616 = ORIENTED_EDGE('',*,*,#5617,.F.);
#5617 = EDGE_CURVE('',#545,#2874,#5618,.T.);
#5618 = LINE('',#5619,#5620);
#5619 = CARTESIAN_POINT('',(115.669418,39.185276,0.));
#5620 = VECTOR('',#5621,1.);
#5621 = DIRECTION('',(0.,0.,1.));
#5622 = PLANE('',#5623);
#5623 = AXIS2_PLACEMENT_3D('',#5624,#5625,#5626);
#5624 = CARTESIAN_POINT('',(101.484276,39.185276,0.));
#5625 = DIRECTION('',(0.,1.,0.));
#5626 = DIRECTION('',(1.,0.,0.));
#5627 = ADVANCED_FACE('',(#5628),#5639,.F.);
#5628 = FACE_BOUND('',#5629,.F.);
#5629 = EDGE_LOOP('',(#5630,#5631,#5637,#5638));
#5630 = ORIENTED_EDGE('',*,*,#568,.F.);
#5631 = ORIENTED_EDGE('',*,*,#5632,.T.);
#5632 = EDGE_CURVE('',#561,#2882,#5633,.T.);
#5633 = LINE('',#5634,#5635);
#5634 = CARTESIAN_POINT('',(101.484276,25.301949,0.));
#5635 = VECTOR('',#5636,1.);
#5636 = DIRECTION('',(0.,0.,1.));
#5637 = ORIENTED_EDGE('',*,*,#2889,.F.);
#5638 = ORIENTED_EDGE('',*,*,#5610,.F.);
#5639 = PLANE('',#5640);
#5640 = AXIS2_PLACEMENT_3D('',#5641,#5642,#5643);
#5641 = CARTESIAN_POINT('',(101.484276,25.301949,0.));
#5642 = DIRECTION('',(-1.,0.,0.));
#5643 = DIRECTION('',(0.,1.,0.));
#5644 = ADVANCED_FACE('',(#5645),#5656,.F.);
#5645 = FACE_BOUND('',#5646,.F.);
#5646 = EDGE_LOOP('',(#5647,#5648,#5654,#5655));
#5647 = ORIENTED_EDGE('',*,*,#560,.F.);
#5648 = ORIENTED_EDGE('',*,*,#5649,.T.);
#5649 = EDGE_CURVE('',#553,#2872,#5650,.T.);
#5650 = LINE('',#5651,#5652);
#5651 = CARTESIAN_POINT('',(115.669418,25.301949,0.));
#5652 = VECTOR('',#5653,1.);
#5653 = DIRECTION('',(0.,0.,1.));
#5654 = ORIENTED_EDGE('',*,*,#2881,.F.);
#5655 = ORIENTED_EDGE('',*,*,#5632,.F.);
#5656 = PLANE('',#5657);
#5657 = AXIS2_PLACEMENT_3D('',#5658,#5659,#5660);
#5658 = CARTESIAN_POINT('',(115.669418,25.301949,0.));
#5659 = DIRECTION('',(0.,-1.,0.));
#5660 = DIRECTION('',(-1.,0.,0.));
#5661 = ADVANCED_FACE('',(#5662),#5668,.F.);
#5662 = FACE_BOUND('',#5663,.F.);
#5663 = EDGE_LOOP('',(#5664,#5665,#5666,#5667));
#5664 = ORIENTED_EDGE('',*,*,#552,.F.);
#5665 = ORIENTED_EDGE('',*,*,#5617,.T.);
#5666 = ORIENTED_EDGE('',*,*,#2871,.F.);
#5667 = ORIENTED_EDGE('',*,*,#5649,.F.);
#5668 = PLANE('',#5669);
#5669 = AXIS2_PLACEMENT_3D('',#5670,#5671,#5672);
#5670 = CARTESIAN_POINT('',(115.669418,39.185276,0.));
#5671 = DIRECTION('',(1.,0.,0.));
#5672 = DIRECTION('',(0.,-1.,0.));
#5673 = ADVANCED_FACE('',(#5674),#5690,.F.);
#5674 = FACE_BOUND('',#5675,.F.);
#5675 = EDGE_LOOP('',(#5676,#5677,#5683,#5684));
#5676 = ORIENTED_EDGE('',*,*,#576,.F.);
#5677 = ORIENTED_EDGE('',*,*,#5678,.T.);
#5678 = EDGE_CURVE('',#577,#2924,#5679,.T.);
#5679 = LINE('',#5680,#5681);
#5680 = CARTESIAN_POINT('',(120.582336,39.04644,0.));
#5681 = VECTOR('',#5682,1.);
#5682 = DIRECTION('',(0.,0.,1.));
#5683 = ORIENTED_EDGE('',*,*,#2931,.F.);
#5684 = ORIENTED_EDGE('',*,*,#5685,.F.);
#5685 = EDGE_CURVE('',#579,#2908,#5686,.T.);
#5686 = LINE('',#5687,#5688);
#5687 = CARTESIAN_POINT('',(134.667175,39.04644,0.));
#5688 = VECTOR('',#5689,1.);
#5689 = DIRECTION('',(0.,0.,1.));
#5690 = PLANE('',#5691);
#5691 = AXIS2_PLACEMENT_3D('',#5692,#5693,#5694);
#5692 = CARTESIAN_POINT('',(120.582336,39.04644,0.));
#5693 = DIRECTION('',(0.,1.,0.));
#5694 = DIRECTION('',(1.,0.,0.));
#5695 = ADVANCED_FACE('',(#5696),#5707,.F.);
#5696 = FACE_BOUND('',#5697,.F.);
#5697 = EDGE_LOOP('',(#5698,#5699,#5705,#5706));
#5698 = ORIENTED_EDGE('',*,*,#602,.F.);
#5699 = ORIENTED_EDGE('',*,*,#5700,.T.);
#5700 = EDGE_CURVE('',#595,#2916,#5701,.T.);
#5701 = LINE('',#5702,#5703);
#5702 = CARTESIAN_POINT('',(120.582336,24.961611,0.));
#5703 = VECTOR('',#5704,1.);
#5704 = DIRECTION('',(0.,0.,1.));
#5705 = ORIENTED_EDGE('',*,*,#2923,.F.);
#5706 = ORIENTED_EDGE('',*,*,#5678,.F.);
#5707 = PLANE('',#5708);
#5708 = AXIS2_PLACEMENT_3D('',#5709,#5710,#5711);
#5709 = CARTESIAN_POINT('',(120.582336,24.961611,0.));
#5710 = DIRECTION('',(-1.,0.,0.));
#5711 = DIRECTION('',(0.,1.,0.));
#5712 = ADVANCED_FACE('',(#5713),#5724,.F.);
#5713 = FACE_BOUND('',#5714,.F.);
#5714 = EDGE_LOOP('',(#5715,#5716,#5722,#5723));
#5715 = ORIENTED_EDGE('',*,*,#594,.F.);
#5716 = ORIENTED_EDGE('',*,*,#5717,.T.);
#5717 = EDGE_CURVE('',#587,#2906,#5718,.T.);
#5718 = LINE('',#5719,#5720);
#5719 = CARTESIAN_POINT('',(134.667175,24.961611,0.));
#5720 = VECTOR('',#5721,1.);
#5721 = DIRECTION('',(0.,0.,1.));
#5722 = ORIENTED_EDGE('',*,*,#2915,.F.);
#5723 = ORIENTED_EDGE('',*,*,#5700,.F.);
#5724 = PLANE('',#5725);
#5725 = AXIS2_PLACEMENT_3D('',#5726,#5727,#5728);
#5726 = CARTESIAN_POINT('',(134.667175,24.961611,0.));
#5727 = DIRECTION('',(0.,-1.,0.));
#5728 = DIRECTION('',(-1.,0.,0.));
#5729 = ADVANCED_FACE('',(#5730),#5736,.F.);
#5730 = FACE_BOUND('',#5731,.F.);
#5731 = EDGE_LOOP('',(#5732,#5733,#5734,#5735));
#5732 = ORIENTED_EDGE('',*,*,#586,.F.);
#5733 = ORIENTED_EDGE('',*,*,#5685,.T.);
#5734 = ORIENTED_EDGE('',*,*,#2905,.F.);
#5735 = ORIENTED_EDGE('',*,*,#5717,.F.);
#5736 = PLANE('',#5737);
#5737 = AXIS2_PLACEMENT_3D('',#5738,#5739,#5740);
#5738 = CARTESIAN_POINT('',(134.667175,39.04644,0.));
#5739 = DIRECTION('',(1.,0.,0.));
#5740 = DIRECTION('',(0.,-1.,0.));
#5741 = ADVANCED_FACE('',(#5742),#5758,.F.);
#5742 = FACE_BOUND('',#5743,.F.);
#5743 = EDGE_LOOP('',(#5744,#5745,#5751,#5752));
#5744 = ORIENTED_EDGE('',*,*,#610,.F.);
#5745 = ORIENTED_EDGE('',*,*,#5746,.T.);
#5746 = EDGE_CURVE('',#611,#2958,#5747,.T.);
#5747 = LINE('',#5748,#5749);
#5748 = CARTESIAN_POINT('',(139.90033,39.067699,0.));
#5749 = VECTOR('',#5750,1.);
#5750 = DIRECTION('',(0.,0.,1.));
#5751 = ORIENTED_EDGE('',*,*,#2965,.F.);
#5752 = ORIENTED_EDGE('',*,*,#5753,.F.);
#5753 = EDGE_CURVE('',#613,#2942,#5754,.T.);
#5754 = LINE('',#5755,#5756);
#5755 = CARTESIAN_POINT('',(153.960907,39.067699,0.));
#5756 = VECTOR('',#5757,1.);
#5757 = DIRECTION('',(0.,0.,1.));
#5758 = PLANE('',#5759);
#5759 = AXIS2_PLACEMENT_3D('',#5760,#5761,#5762);
#5760 = CARTESIAN_POINT('',(139.90033,39.067699,0.));
#5761 = DIRECTION('',(0.,1.,0.));
#5762 = DIRECTION('',(1.,0.,0.));
#5763 = ADVANCED_FACE('',(#5764),#5775,.F.);
#5764 = FACE_BOUND('',#5765,.F.);
#5765 = EDGE_LOOP('',(#5766,#5767,#5773,#5774));
#5766 = ORIENTED_EDGE('',*,*,#636,.F.);
#5767 = ORIENTED_EDGE('',*,*,#5768,.T.);
#5768 = EDGE_CURVE('',#629,#2950,#5769,.T.);
#5769 = LINE('',#5770,#5771);
#5770 = CARTESIAN_POINT('',(139.90033,24.956562,0.));
#5771 = VECTOR('',#5772,1.);
#5772 = DIRECTION('',(0.,0.,1.));
#5773 = ORIENTED_EDGE('',*,*,#2957,.F.);
#5774 = ORIENTED_EDGE('',*,*,#5746,.F.);
#5775 = PLANE('',#5776);
#5776 = AXIS2_PLACEMENT_3D('',#5777,#5778,#5779);
#5777 = CARTESIAN_POINT('',(139.90033,24.956562,0.));
#5778 = DIRECTION('',(-1.,0.,0.));
#5779 = DIRECTION('',(0.,1.,0.));
#5780 = ADVANCED_FACE('',(#5781),#5792,.F.);
#5781 = FACE_BOUND('',#5782,.F.);
#5782 = EDGE_LOOP('',(#5783,#5784,#5790,#5791));
#5783 = ORIENTED_EDGE('',*,*,#628,.F.);
#5784 = ORIENTED_EDGE('',*,*,#5785,.T.);
#5785 = EDGE_CURVE('',#621,#2940,#5786,.T.);
#5786 = LINE('',#5787,#5788);
#5787 = CARTESIAN_POINT('',(153.960907,24.956562,0.));
#5788 = VECTOR('',#5789,1.);
#5789 = DIRECTION('',(0.,0.,1.));
#5790 = ORIENTED_EDGE('',*,*,#2949,.F.);
#5791 = ORIENTED_EDGE('',*,*,#5768,.F.);
#5792 = PLANE('',#5793);
#5793 = AXIS2_PLACEMENT_3D('',#5794,#5795,#5796);
#5794 = CARTESIAN_POINT('',(153.960907,24.956562,0.));
#5795 = DIRECTION('',(0.,-1.,0.));
#5796 = DIRECTION('',(-1.,0.,0.));
#5797 = ADVANCED_FACE('',(#5798),#5804,.F.);
#5798 = FACE_BOUND('',#5799,.F.);
#5799 = EDGE_LOOP('',(#5800,#5801,#5802,#5803));
#5800 = ORIENTED_EDGE('',*,*,#620,.F.);
#5801 = ORIENTED_EDGE('',*,*,#5753,.T.);
#5802 = ORIENTED_EDGE('',*,*,#2939,.F.);
#5803 = ORIENTED_EDGE('',*,*,#5785,.F.);
#5804 = PLANE('',#5805);
#5805 = AXIS2_PLACEMENT_3D('',#5806,#5807,#5808);
#5806 = CARTESIAN_POINT('',(153.960907,39.067699,0.));
#5807 = DIRECTION('',(1.,0.,0.));
#5808 = DIRECTION('',(0.,-1.,0.));
#5809 = ADVANCED_FACE('',(#5810),#5826,.F.);
#5810 = FACE_BOUND('',#5811,.F.);
#5811 = EDGE_LOOP('',(#5812,#5813,#5819,#5820));
#5812 = ORIENTED_EDGE('',*,*,#644,.F.);
#5813 = ORIENTED_EDGE('',*,*,#5814,.T.);
#5814 = EDGE_CURVE('',#645,#2992,#5815,.T.);
#5815 = LINE('',#5816,#5817);
#5816 = CARTESIAN_POINT('',(77.747551,58.046543,0.));
#5817 = VECTOR('',#5818,1.);
#5818 = DIRECTION('',(0.,0.,1.));
#5819 = ORIENTED_EDGE('',*,*,#2999,.F.);
#5820 = ORIENTED_EDGE('',*,*,#5821,.F.);
#5821 = EDGE_CURVE('',#647,#2976,#5822,.T.);
#5822 = LINE('',#5823,#5824);
#5823 = CARTESIAN_POINT('',(91.832344,58.046543,0.));
#5824 = VECTOR('',#5825,1.);
#5825 = DIRECTION('',(0.,0.,1.));
#5826 = PLANE('',#5827);
#5827 = AXIS2_PLACEMENT_3D('',#5828,#5829,#5830);
#5828 = CARTESIAN_POINT('',(77.747551,58.046543,0.));
#5829 = DIRECTION('',(0.,1.,0.));
#5830 = DIRECTION('',(1.,0.,0.));
#5831 = ADVANCED_FACE('',(#5832),#5843,.F.);
#5832 = FACE_BOUND('',#5833,.F.);
#5833 = EDGE_LOOP('',(#5834,#5835,#5841,#5842));
#5834 = ORIENTED_EDGE('',*,*,#670,.F.);
#5835 = ORIENTED_EDGE('',*,*,#5836,.T.);
#5836 = EDGE_CURVE('',#663,#2984,#5837,.T.);
#5837 = LINE('',#5838,#5839);
#5838 = CARTESIAN_POINT('',(77.747551,44.147072,0.));
#5839 = VECTOR('',#5840,1.);
#5840 = DIRECTION('',(0.,0.,1.));
#5841 = ORIENTED_EDGE('',*,*,#2991,.F.);
#5842 = ORIENTED_EDGE('',*,*,#5814,.F.);
#5843 = PLANE('',#5844);
#5844 = AXIS2_PLACEMENT_3D('',#5845,#5846,#5847);
#5845 = CARTESIAN_POINT('',(77.747551,44.147072,0.));
#5846 = DIRECTION('',(-1.,0.,0.));
#5847 = DIRECTION('',(0.,1.,0.));
#5848 = ADVANCED_FACE('',(#5849),#5860,.F.);
#5849 = FACE_BOUND('',#5850,.F.);
#5850 = EDGE_LOOP('',(#5851,#5852,#5858,#5859));
#5851 = ORIENTED_EDGE('',*,*,#662,.F.);
#5852 = ORIENTED_EDGE('',*,*,#5853,.T.);
#5853 = EDGE_CURVE('',#655,#2974,#5854,.T.);
#5854 = LINE('',#5855,#5856);
#5855 = CARTESIAN_POINT('',(91.832344,44.147072,0.));
#5856 = VECTOR('',#5857,1.);
#5857 = DIRECTION('',(0.,0.,1.));
#5858 = ORIENTED_EDGE('',*,*,#2983,.F.);
#5859 = ORIENTED_EDGE('',*,*,#5836,.F.);
#5860 = PLANE('',#5861);
#5861 = AXIS2_PLACEMENT_3D('',#5862,#5863,#5864);
#5862 = CARTESIAN_POINT('',(91.832344,44.147072,0.));
#5863 = DIRECTION('',(0.,-1.,0.));
#5864 = DIRECTION('',(-1.,0.,0.));
#5865 = ADVANCED_FACE('',(#5866),#5872,.F.);
#5866 = FACE_BOUND('',#5867,.F.);
#5867 = EDGE_LOOP('',(#5868,#5869,#5870,#5871));
#5868 = ORIENTED_EDGE('',*,*,#654,.F.);
#5869 = ORIENTED_EDGE('',*,*,#5821,.T.);
#5870 = ORIENTED_EDGE('',*,*,#2973,.F.);
#5871 = ORIENTED_EDGE('',*,*,#5853,.F.);
#5872 = PLANE('',#5873);
#5873 = AXIS2_PLACEMENT_3D('',#5874,#5875,#5876);
#5874 = CARTESIAN_POINT('',(91.832344,58.046543,0.));
#5875 = DIRECTION('',(1.,0.,0.));
#5876 = DIRECTION('',(0.,-1.,0.));
#5877 = ADVANCED_FACE('',(#5878),#5894,.F.);
#5878 = FACE_BOUND('',#5879,.F.);
#5879 = EDGE_LOOP('',(#5880,#5881,#5887,#5888));
#5880 = ORIENTED_EDGE('',*,*,#678,.F.);
#5881 = ORIENTED_EDGE('',*,*,#5882,.T.);
#5882 = EDGE_CURVE('',#679,#3026,#5883,.T.);
#5883 = LINE('',#5884,#5885);
#5884 = CARTESIAN_POINT('',(96.628548,58.186771,0.));
#5885 = VECTOR('',#5886,1.);
#5886 = DIRECTION('',(0.,0.,1.));
#5887 = ORIENTED_EDGE('',*,*,#3033,.F.);
#5888 = ORIENTED_EDGE('',*,*,#5889,.F.);
#5889 = EDGE_CURVE('',#681,#3010,#5890,.T.);
#5890 = LINE('',#5891,#5892);
#5891 = CARTESIAN_POINT('',(110.707718,58.186771,0.));
#5892 = VECTOR('',#5893,1.);
#5893 = DIRECTION('',(0.,0.,1.));
#5894 = PLANE('',#5895);
#5895 = AXIS2_PLACEMENT_3D('',#5896,#5897,#5898);
#5896 = CARTESIAN_POINT('',(96.628548,58.186771,0.));
#5897 = DIRECTION('',(0.,1.,0.));
#5898 = DIRECTION('',(1.,0.,0.));
#5899 = ADVANCED_FACE('',(#5900),#5911,.F.);
#5900 = FACE_BOUND('',#5901,.F.);
#5901 = EDGE_LOOP('',(#5902,#5903,#5909,#5910));
#5902 = ORIENTED_EDGE('',*,*,#704,.F.);
#5903 = ORIENTED_EDGE('',*,*,#5904,.T.);
#5904 = EDGE_CURVE('',#697,#3018,#5905,.T.);
#5905 = LINE('',#5906,#5907);
#5906 = CARTESIAN_POINT('',(96.628548,44.066204,0.));
#5907 = VECTOR('',#5908,1.);
#5908 = DIRECTION('',(0.,0.,1.));
#5909 = ORIENTED_EDGE('',*,*,#3025,.F.);
#5910 = ORIENTED_EDGE('',*,*,#5882,.F.);
#5911 = PLANE('',#5912);
#5912 = AXIS2_PLACEMENT_3D('',#5913,#5914,#5915);
#5913 = CARTESIAN_POINT('',(96.628548,44.066204,0.));
#5914 = DIRECTION('',(-1.,0.,0.));
#5915 = DIRECTION('',(0.,1.,0.));
#5916 = ADVANCED_FACE('',(#5917),#5928,.F.);
#5917 = FACE_BOUND('',#5918,.F.);
#5918 = EDGE_LOOP('',(#5919,#5920,#5926,#5927));
#5919 = ORIENTED_EDGE('',*,*,#696,.F.);
#5920 = ORIENTED_EDGE('',*,*,#5921,.T.);
#5921 = EDGE_CURVE('',#689,#3008,#5922,.T.);
#5922 = LINE('',#5923,#5924);
#5923 = CARTESIAN_POINT('',(110.707718,44.066204,0.));
#5924 = VECTOR('',#5925,1.);
#5925 = DIRECTION('',(0.,0.,1.));
#5926 = ORIENTED_EDGE('',*,*,#3017,.F.);
#5927 = ORIENTED_EDGE('',*,*,#5904,.F.);
#5928 = PLANE('',#5929);
#5929 = AXIS2_PLACEMENT_3D('',#5930,#5931,#5932);
#5930 = CARTESIAN_POINT('',(110.707718,44.066204,0.));
#5931 = DIRECTION('',(0.,-1.,0.));
#5932 = DIRECTION('',(-1.,0.,0.));
#5933 = ADVANCED_FACE('',(#5934),#5940,.F.);
#5934 = FACE_BOUND('',#5935,.F.);
#5935 = EDGE_LOOP('',(#5936,#5937,#5938,#5939));
#5936 = ORIENTED_EDGE('',*,*,#688,.F.);
#5937 = ORIENTED_EDGE('',*,*,#5889,.T.);
#5938 = ORIENTED_EDGE('',*,*,#3007,.F.);
#5939 = ORIENTED_EDGE('',*,*,#5921,.F.);
#5940 = PLANE('',#5941);
#5941 = AXIS2_PLACEMENT_3D('',#5942,#5943,#5944);
#5942 = CARTESIAN_POINT('',(110.707718,58.186771,0.));
#5943 = DIRECTION('',(1.,0.,0.));
#5944 = DIRECTION('',(0.,-1.,0.));
#5945 = ADVANCED_FACE('',(#5946),#5962,.F.);
#5946 = FACE_BOUND('',#5947,.F.);
#5947 = EDGE_LOOP('',(#5948,#5949,#5955,#5956));
#5948 = ORIENTED_EDGE('',*,*,#712,.F.);
#5949 = ORIENTED_EDGE('',*,*,#5950,.T.);
#5950 = EDGE_CURVE('',#713,#3060,#5951,.T.);
#5951 = LINE('',#5952,#5953);
#5952 = CARTESIAN_POINT('',(116.049515,58.15155,0.));
#5953 = VECTOR('',#5954,1.);
#5954 = DIRECTION('',(0.,0.,1.));
#5955 = ORIENTED_EDGE('',*,*,#3067,.F.);
#5956 = ORIENTED_EDGE('',*,*,#5957,.F.);
#5957 = EDGE_CURVE('',#715,#3044,#5958,.T.);
#5958 = LINE('',#5959,#5960);
#5959 = CARTESIAN_POINT('',(130.088486,58.15155,0.));
#5960 = VECTOR('',#5961,1.);
#5961 = DIRECTION('',(0.,0.,1.));
#5962 = PLANE('',#5963);
#5963 = AXIS2_PLACEMENT_3D('',#5964,#5965,#5966);
#5964 = CARTESIAN_POINT('',(116.049515,58.15155,0.));
#5965 = DIRECTION('',(0.,1.,0.));
#5966 = DIRECTION('',(1.,0.,0.));
#5967 = ADVANCED_FACE('',(#5968),#5979,.F.);
#5968 = FACE_BOUND('',#5969,.F.);
#5969 = EDGE_LOOP('',(#5970,#5971,#5977,#5978));
#5970 = ORIENTED_EDGE('',*,*,#738,.F.);
#5971 = ORIENTED_EDGE('',*,*,#5972,.T.);
#5972 = EDGE_CURVE('',#731,#3052,#5973,.T.);
#5973 = LINE('',#5974,#5975);
#5974 = CARTESIAN_POINT('',(116.049515,44.066196,0.));
#5975 = VECTOR('',#5976,1.);
#5976 = DIRECTION('',(0.,0.,1.));
#5977 = ORIENTED_EDGE('',*,*,#3059,.F.);
#5978 = ORIENTED_EDGE('',*,*,#5950,.F.);
#5979 = PLANE('',#5980);
#5980 = AXIS2_PLACEMENT_3D('',#5981,#5982,#5983);
#5981 = CARTESIAN_POINT('',(116.049515,44.066196,0.));
#5982 = DIRECTION('',(-1.,0.,0.));
#5983 = DIRECTION('',(0.,1.,0.));
#5984 = ADVANCED_FACE('',(#5985),#5996,.F.);
#5985 = FACE_BOUND('',#5986,.F.);
#5986 = EDGE_LOOP('',(#5987,#5988,#5994,#5995));
#5987 = ORIENTED_EDGE('',*,*,#730,.F.);
#5988 = ORIENTED_EDGE('',*,*,#5989,.T.);
#5989 = EDGE_CURVE('',#723,#3042,#5990,.T.);
#5990 = LINE('',#5991,#5992);
#5991 = CARTESIAN_POINT('',(130.088486,44.066196,0.));
#5992 = VECTOR('',#5993,1.);
#5993 = DIRECTION('',(0.,0.,1.));
#5994 = ORIENTED_EDGE('',*,*,#3051,.F.);
#5995 = ORIENTED_EDGE('',*,*,#5972,.F.);
#5996 = PLANE('',#5997);
#5997 = AXIS2_PLACEMENT_3D('',#5998,#5999,#6000);
#5998 = CARTESIAN_POINT('',(130.088486,44.066196,0.));
#5999 = DIRECTION('',(0.,-1.,0.));
#6000 = DIRECTION('',(-1.,0.,0.));
#6001 = ADVANCED_FACE('',(#6002),#6008,.F.);
#6002 = FACE_BOUND('',#6003,.F.);
#6003 = EDGE_LOOP('',(#6004,#6005,#6006,#6007));
#6004 = ORIENTED_EDGE('',*,*,#722,.F.);
#6005 = ORIENTED_EDGE('',*,*,#5957,.T.);
#6006 = ORIENTED_EDGE('',*,*,#3041,.F.);
#6007 = ORIENTED_EDGE('',*,*,#5989,.F.);
#6008 = PLANE('',#6009);
#6009 = AXIS2_PLACEMENT_3D('',#6010,#6011,#6012);
#6010 = CARTESIAN_POINT('',(130.088486,58.15155,0.));
#6011 = DIRECTION('',(1.,0.,0.));
#6012 = DIRECTION('',(0.,-1.,0.));
#6013 = ADVANCED_FACE('',(#6014),#6030,.F.);
#6014 = FACE_BOUND('',#6015,.F.);
#6015 = EDGE_LOOP('',(#6016,#6017,#6023,#6024));
#6016 = ORIENTED_EDGE('',*,*,#746,.F.);
#6017 = ORIENTED_EDGE('',*,*,#6018,.T.);
#6018 = EDGE_CURVE('',#747,#3094,#6019,.T.);
#6019 = LINE('',#6020,#6021);
#6020 = CARTESIAN_POINT('',(135.1539,58.213406,0.));
#6021 = VECTOR('',#6022,1.);
#6022 = DIRECTION('',(0.,0.,1.));
#6023 = ORIENTED_EDGE('',*,*,#3101,.F.);
#6024 = ORIENTED_EDGE('',*,*,#6025,.F.);
#6025 = EDGE_CURVE('',#749,#3078,#6026,.T.);
#6026 = LINE('',#6027,#6028);
#6027 = CARTESIAN_POINT('',(149.221603,58.213406,0.));
#6028 = VECTOR('',#6029,1.);
#6029 = DIRECTION('',(0.,0.,1.));
#6030 = PLANE('',#6031);
#6031 = AXIS2_PLACEMENT_3D('',#6032,#6033,#6034);
#6032 = CARTESIAN_POINT('',(135.1539,58.213406,0.));
#6033 = DIRECTION('',(0.,1.,0.));
#6034 = DIRECTION('',(1.,0.,0.));
#6035 = ADVANCED_FACE('',(#6036),#6047,.F.);
#6036 = FACE_BOUND('',#6037,.F.);
#6037 = EDGE_LOOP('',(#6038,#6039,#6045,#6046));
#6038 = ORIENTED_EDGE('',*,*,#772,.F.);
#6039 = ORIENTED_EDGE('',*,*,#6040,.T.);
#6040 = EDGE_CURVE('',#765,#3086,#6041,.T.);
#6041 = LINE('',#6042,#6043);
#6042 = CARTESIAN_POINT('',(135.1539,44.083916,0.));
#6043 = VECTOR('',#6044,1.);
#6044 = DIRECTION('',(0.,0.,1.));
#6045 = ORIENTED_EDGE('',*,*,#3093,.F.);
#6046 = ORIENTED_EDGE('',*,*,#6018,.F.);
#6047 = PLANE('',#6048);
#6048 = AXIS2_PLACEMENT_3D('',#6049,#6050,#6051);
#6049 = CARTESIAN_POINT('',(135.1539,44.083916,0.));
#6050 = DIRECTION('',(-1.,0.,0.));
#6051 = DIRECTION('',(0.,1.,0.));
#6052 = ADVANCED_FACE('',(#6053),#6064,.F.);
#6053 = FACE_BOUND('',#6054,.F.);
#6054 = EDGE_LOOP('',(#6055,#6056,#6062,#6063));
#6055 = ORIENTED_EDGE('',*,*,#764,.F.);
#6056 = ORIENTED_EDGE('',*,*,#6057,.T.);
#6057 = EDGE_CURVE('',#757,#3076,#6058,.T.);
#6058 = LINE('',#6059,#6060);
#6059 = CARTESIAN_POINT('',(149.221603,44.083916,0.));
#6060 = VECTOR('',#6061,1.);
#6061 = DIRECTION('',(0.,0.,1.));
#6062 = ORIENTED_EDGE('',*,*,#3085,.F.);
#6063 = ORIENTED_EDGE('',*,*,#6040,.F.);
#6064 = PLANE('',#6065);
#6065 = AXIS2_PLACEMENT_3D('',#6066,#6067,#6068);
#6066 = CARTESIAN_POINT('',(149.221603,44.083916,0.));
#6067 = DIRECTION('',(0.,-1.,0.));
#6068 = DIRECTION('',(-1.,0.,0.));
#6069 = ADVANCED_FACE('',(#6070),#6076,.F.);
#6070 = FACE_BOUND('',#6071,.F.);
#6071 = EDGE_LOOP('',(#6072,#6073,#6074,#6075));
#6072 = ORIENTED_EDGE('',*,*,#756,.F.);
#6073 = ORIENTED_EDGE('',*,*,#6025,.T.);
#6074 = ORIENTED_EDGE('',*,*,#3075,.F.);
#6075 = ORIENTED_EDGE('',*,*,#6057,.F.);
#6076 = PLANE('',#6077);
#6077 = AXIS2_PLACEMENT_3D('',#6078,#6079,#6080);
#6078 = CARTESIAN_POINT('',(149.221603,58.213406,0.));
#6079 = DIRECTION('',(1.,0.,0.));
#6080 = DIRECTION('',(0.,-1.,0.));
#6081 = ADVANCED_FACE('',(#6082),#6098,.F.);
#6082 = FACE_BOUND('',#6083,.F.);
#6083 = EDGE_LOOP('',(#6084,#6085,#6091,#6092));
#6084 = ORIENTED_EDGE('',*,*,#780,.F.);
#6085 = ORIENTED_EDGE('',*,*,#6086,.T.);
#6086 = EDGE_CURVE('',#781,#3128,#6087,.T.);
#6087 = LINE('',#6088,#6089);
#6088 = CARTESIAN_POINT('',(188.469879,20.004648,0.));
#6089 = VECTOR('',#6090,1.);
#6090 = DIRECTION('',(0.,0.,1.));
#6091 = ORIENTED_EDGE('',*,*,#3135,.F.);
#6092 = ORIENTED_EDGE('',*,*,#6093,.F.);
#6093 = EDGE_CURVE('',#783,#3112,#6094,.T.);
#6094 = LINE('',#6095,#6096);
#6095 = CARTESIAN_POINT('',(202.590454,20.004648,0.));
#6096 = VECTOR('',#6097,1.);
#6097 = DIRECTION('',(0.,0.,1.));
#6098 = PLANE('',#6099);
#6099 = AXIS2_PLACEMENT_3D('',#6100,#6101,#6102);
#6100 = CARTESIAN_POINT('',(188.469879,20.004648,0.));
#6101 = DIRECTION('',(0.,1.,0.));
#6102 = DIRECTION('',(1.,0.,0.));
#6103 = ADVANCED_FACE('',(#6104),#6115,.F.);
#6104 = FACE_BOUND('',#6105,.F.);
#6105 = EDGE_LOOP('',(#6106,#6107,#6113,#6114));
#6106 = ORIENTED_EDGE('',*,*,#806,.F.);
#6107 = ORIENTED_EDGE('',*,*,#6108,.T.);
#6108 = EDGE_CURVE('',#799,#3120,#6109,.T.);
#6109 = LINE('',#6110,#6111);
#6110 = CARTESIAN_POINT('',(188.469879,5.966896,0.));
#6111 = VECTOR('',#6112,1.);
#6112 = DIRECTION('',(0.,0.,1.));
#6113 = ORIENTED_EDGE('',*,*,#3127,.F.);
#6114 = ORIENTED_EDGE('',*,*,#6086,.F.);
#6115 = PLANE('',#6116);
#6116 = AXIS2_PLACEMENT_3D('',#6117,#6118,#6119);
#6117 = CARTESIAN_POINT('',(188.469879,5.966896,0.));
#6118 = DIRECTION('',(-1.,0.,0.));
#6119 = DIRECTION('',(0.,1.,0.));
#6120 = ADVANCED_FACE('',(#6121),#6132,.F.);
#6121 = FACE_BOUND('',#6122,.F.);
#6122 = EDGE_LOOP('',(#6123,#6124,#6125,#6126));
#6123 = ORIENTED_EDGE('',*,*,#790,.F.);
#6124 = ORIENTED_EDGE('',*,*,#6093,.T.);
#6125 = ORIENTED_EDGE('',*,*,#3109,.F.);
#6126 = ORIENTED_EDGE('',*,*,#6127,.F.);
#6127 = EDGE_CURVE('',#791,#3110,#6128,.T.);
#6128 = LINE('',#6129,#6130);
#6129 = CARTESIAN_POINT('',(202.590454,5.966896,0.));
#6130 = VECTOR('',#6131,1.);
#6131 = DIRECTION('',(0.,0.,1.));
#6132 = PLANE('',#6133);
#6133 = AXIS2_PLACEMENT_3D('',#6134,#6135,#6136);
#6134 = CARTESIAN_POINT('',(202.590454,20.004648,0.));
#6135 = DIRECTION('',(1.,0.,0.));
#6136 = DIRECTION('',(0.,-1.,0.));
#6137 = ADVANCED_FACE('',(#6138),#6144,.F.);
#6138 = FACE_BOUND('',#6139,.F.);
#6139 = EDGE_LOOP('',(#6140,#6141,#6142,#6143));
#6140 = ORIENTED_EDGE('',*,*,#798,.F.);
#6141 = ORIENTED_EDGE('',*,*,#6127,.T.);
#6142 = ORIENTED_EDGE('',*,*,#3119,.F.);
#6143 = ORIENTED_EDGE('',*,*,#6108,.F.);
#6144 = PLANE('',#6145);
#6145 = AXIS2_PLACEMENT_3D('',#6146,#6147,#6148);
#6146 = CARTESIAN_POINT('',(202.590454,5.966896,0.));
#6147 = DIRECTION('',(0.,-1.,0.));
#6148 = DIRECTION('',(-1.,0.,0.));
#6149 = ADVANCED_FACE('',(#6150),#6166,.F.);
#6150 = FACE_BOUND('',#6151,.F.);
#6151 = EDGE_LOOP('',(#6152,#6153,#6159,#6160));
#6152 = ORIENTED_EDGE('',*,*,#814,.F.);
#6153 = ORIENTED_EDGE('',*,*,#6154,.T.);
#6154 = EDGE_CURVE('',#815,#3162,#6155,.T.);
#6155 = LINE('',#6156,#6157);
#6156 = CARTESIAN_POINT('',(207.953156,20.031256,0.));
#6157 = VECTOR('',#6158,1.);
#6158 = DIRECTION('',(0.,0.,1.));
#6159 = ORIENTED_EDGE('',*,*,#3169,.F.);
#6160 = ORIENTED_EDGE('',*,*,#6161,.F.);
#6161 = EDGE_CURVE('',#817,#3146,#6162,.T.);
#6162 = LINE('',#6163,#6164);
#6163 = CARTESIAN_POINT('',(221.936401,20.031256,0.));
#6164 = VECTOR('',#6165,1.);
#6165 = DIRECTION('',(0.,0.,1.));
#6166 = PLANE('',#6167);
#6167 = AXIS2_PLACEMENT_3D('',#6168,#6169,#6170);
#6168 = CARTESIAN_POINT('',(207.953156,20.031256,0.));
#6169 = DIRECTION('',(0.,1.,0.));
#6170 = DIRECTION('',(1.,0.,0.));
#6171 = ADVANCED_FACE('',(#6172),#6183,.F.);
#6172 = FACE_BOUND('',#6173,.F.);
#6173 = EDGE_LOOP('',(#6174,#6175,#6181,#6182));
#6174 = ORIENTED_EDGE('',*,*,#840,.F.);
#6175 = ORIENTED_EDGE('',*,*,#6176,.T.);
#6176 = EDGE_CURVE('',#833,#3154,#6177,.T.);
#6177 = LINE('',#6178,#6179);
#6178 = CARTESIAN_POINT('',(207.953156,5.717991,0.));
#6179 = VECTOR('',#6180,1.);
#6180 = DIRECTION('',(0.,0.,1.));
#6181 = ORIENTED_EDGE('',*,*,#3161,.F.);
#6182 = ORIENTED_EDGE('',*,*,#6154,.F.);
#6183 = PLANE('',#6184);
#6184 = AXIS2_PLACEMENT_3D('',#6185,#6186,#6187);
#6185 = CARTESIAN_POINT('',(207.953156,5.717991,0.));
#6186 = DIRECTION('',(-1.,0.,0.));
#6187 = DIRECTION('',(0.,1.,0.));
#6188 = ADVANCED_FACE('',(#6189),#6200,.F.);
#6189 = FACE_BOUND('',#6190,.F.);
#6190 = EDGE_LOOP('',(#6191,#6192,#6193,#6194));
#6191 = ORIENTED_EDGE('',*,*,#824,.F.);
#6192 = ORIENTED_EDGE('',*,*,#6161,.T.);
#6193 = ORIENTED_EDGE('',*,*,#3143,.F.);
#6194 = ORIENTED_EDGE('',*,*,#6195,.F.);
#6195 = EDGE_CURVE('',#825,#3144,#6196,.T.);
#6196 = LINE('',#6197,#6198);
#6197 = CARTESIAN_POINT('',(221.936401,5.717991,0.));
#6198 = VECTOR('',#6199,1.);
#6199 = DIRECTION('',(0.,0.,1.));
#6200 = PLANE('',#6201);
#6201 = AXIS2_PLACEMENT_3D('',#6202,#6203,#6204);
#6202 = CARTESIAN_POINT('',(221.936401,20.031256,0.));
#6203 = DIRECTION('',(1.,0.,0.));
#6204 = DIRECTION('',(0.,-1.,0.));
#6205 = ADVANCED_FACE('',(#6206),#6212,.F.);
#6206 = FACE_BOUND('',#6207,.F.);
#6207 = EDGE_LOOP('',(#6208,#6209,#6210,#6211));
#6208 = ORIENTED_EDGE('',*,*,#832,.F.);
#6209 = ORIENTED_EDGE('',*,*,#6195,.T.);
#6210 = ORIENTED_EDGE('',*,*,#3153,.F.);
#6211 = ORIENTED_EDGE('',*,*,#6176,.F.);
#6212 = PLANE('',#6213);
#6213 = AXIS2_PLACEMENT_3D('',#6214,#6215,#6216);
#6214 = CARTESIAN_POINT('',(221.936401,5.717991,0.));
#6215 = DIRECTION('',(0.,-1.,0.));
#6216 = DIRECTION('',(-1.,0.,0.));
#6217 = ADVANCED_FACE('',(#6218),#6234,.F.);
#6218 = FACE_BOUND('',#6219,.F.);
#6219 = EDGE_LOOP('',(#6220,#6221,#6227,#6228));
#6220 = ORIENTED_EDGE('',*,*,#848,.F.);
#6221 = ORIENTED_EDGE('',*,*,#6222,.T.);
#6222 = EDGE_CURVE('',#849,#3196,#6223,.T.);
#6223 = LINE('',#6224,#6225);
#6224 = CARTESIAN_POINT('',(226.715897,20.05772,0.));
#6225 = VECTOR('',#6226,1.);
#6226 = DIRECTION('',(0.,0.,1.));
#6227 = ORIENTED_EDGE('',*,*,#3203,.F.);
#6228 = ORIENTED_EDGE('',*,*,#6229,.F.);
#6229 = EDGE_CURVE('',#851,#3180,#6230,.T.);
#6230 = LINE('',#6231,#6232);
#6231 = CARTESIAN_POINT('',(240.921722,20.05772,0.));
#6232 = VECTOR('',#6233,1.);
#6233 = DIRECTION('',(0.,0.,1.));
#6234 = PLANE('',#6235);
#6235 = AXIS2_PLACEMENT_3D('',#6236,#6237,#6238);
#6236 = CARTESIAN_POINT('',(226.715897,20.05772,0.));
#6237 = DIRECTION('',(0.,1.,0.));
#6238 = DIRECTION('',(1.,0.,0.));
#6239 = ADVANCED_FACE('',(#6240),#6251,.F.);
#6240 = FACE_BOUND('',#6241,.F.);
#6241 = EDGE_LOOP('',(#6242,#6243,#6249,#6250));
#6242 = ORIENTED_EDGE('',*,*,#874,.F.);
#6243 = ORIENTED_EDGE('',*,*,#6244,.T.);
#6244 = EDGE_CURVE('',#867,#3188,#6245,.T.);
#6245 = LINE('',#6246,#6247);
#6246 = CARTESIAN_POINT('',(226.715897,5.953822,0.));
#6247 = VECTOR('',#6248,1.);
#6248 = DIRECTION('',(0.,0.,1.));
#6249 = ORIENTED_EDGE('',*,*,#3195,.F.);
#6250 = ORIENTED_EDGE('',*,*,#6222,.F.);
#6251 = PLANE('',#6252);
#6252 = AXIS2_PLACEMENT_3D('',#6253,#6254,#6255);
#6253 = CARTESIAN_POINT('',(226.715897,5.953822,0.));
#6254 = DIRECTION('',(-1.,0.,0.));
#6255 = DIRECTION('',(0.,1.,0.));
#6256 = ADVANCED_FACE('',(#6257),#6268,.F.);
#6257 = FACE_BOUND('',#6258,.F.);
#6258 = EDGE_LOOP('',(#6259,#6260,#6261,#6262));
#6259 = ORIENTED_EDGE('',*,*,#858,.F.);
#6260 = ORIENTED_EDGE('',*,*,#6229,.T.);
#6261 = ORIENTED_EDGE('',*,*,#3177,.F.);
#6262 = ORIENTED_EDGE('',*,*,#6263,.F.);
#6263 = EDGE_CURVE('',#859,#3178,#6264,.T.);
#6264 = LINE('',#6265,#6266);
#6265 = CARTESIAN_POINT('',(240.921722,5.953822,0.));
#6266 = VECTOR('',#6267,1.);
#6267 = DIRECTION('',(0.,0.,1.));
#6268 = PLANE('',#6269);
#6269 = AXIS2_PLACEMENT_3D('',#6270,#6271,#6272);
#6270 = CARTESIAN_POINT('',(240.921722,20.05772,0.));
#6271 = DIRECTION('',(1.,0.,0.));
#6272 = DIRECTION('',(0.,-1.,0.));
#6273 = ADVANCED_FACE('',(#6274),#6280,.F.);
#6274 = FACE_BOUND('',#6275,.F.);
#6275 = EDGE_LOOP('',(#6276,#6277,#6278,#6279));
#6276 = ORIENTED_EDGE('',*,*,#866,.F.);
#6277 = ORIENTED_EDGE('',*,*,#6263,.T.);
#6278 = ORIENTED_EDGE('',*,*,#3187,.F.);
#6279 = ORIENTED_EDGE('',*,*,#6244,.F.);
#6280 = PLANE('',#6281);
#6281 = AXIS2_PLACEMENT_3D('',#6282,#6283,#6284);
#6282 = CARTESIAN_POINT('',(240.921722,5.953822,0.));
#6283 = DIRECTION('',(0.,-1.,0.));
#6284 = DIRECTION('',(-1.,0.,0.));
#6285 = ADVANCED_FACE('',(#6286),#6302,.F.);
#6286 = FACE_BOUND('',#6287,.F.);
#6287 = EDGE_LOOP('',(#6288,#6289,#6295,#6296));
#6288 = ORIENTED_EDGE('',*,*,#882,.F.);
#6289 = ORIENTED_EDGE('',*,*,#6290,.T.);
#6290 = EDGE_CURVE('',#883,#3230,#6291,.T.);
#6291 = LINE('',#6292,#6293);
#6292 = CARTESIAN_POINT('',(246.153061,20.068117,0.));
#6293 = VECTOR('',#6294,1.);
#6294 = DIRECTION('',(0.,0.,1.));
#6295 = ORIENTED_EDGE('',*,*,#3237,.F.);
#6296 = ORIENTED_EDGE('',*,*,#6297,.F.);
#6297 = EDGE_CURVE('',#885,#3214,#6298,.T.);
#6298 = LINE('',#6299,#6300);
#6299 = CARTESIAN_POINT('',(260.264191,20.068117,0.));
#6300 = VECTOR('',#6301,1.);
#6301 = DIRECTION('',(0.,0.,1.));
#6302 = PLANE('',#6303);
#6303 = AXIS2_PLACEMENT_3D('',#6304,#6305,#6306);
#6304 = CARTESIAN_POINT('',(246.153061,20.068117,0.));
#6305 = DIRECTION('',(0.,1.,0.));
#6306 = DIRECTION('',(1.,0.,0.));
#6307 = ADVANCED_FACE('',(#6308),#6319,.F.);
#6308 = FACE_BOUND('',#6309,.F.);
#6309 = EDGE_LOOP('',(#6310,#6311,#6317,#6318));
#6310 = ORIENTED_EDGE('',*,*,#908,.F.);
#6311 = ORIENTED_EDGE('',*,*,#6312,.T.);
#6312 = EDGE_CURVE('',#901,#3222,#6313,.T.);
#6313 = LINE('',#6314,#6315);
#6314 = CARTESIAN_POINT('',(246.153061,6.00758,0.));
#6315 = VECTOR('',#6316,1.);
#6316 = DIRECTION('',(0.,0.,1.));
#6317 = ORIENTED_EDGE('',*,*,#3229,.F.);
#6318 = ORIENTED_EDGE('',*,*,#6290,.F.);
#6319 = PLANE('',#6320);
#6320 = AXIS2_PLACEMENT_3D('',#6321,#6322,#6323);
#6321 = CARTESIAN_POINT('',(246.153061,6.00758,0.));
#6322 = DIRECTION('',(-1.,0.,0.));
#6323 = DIRECTION('',(0.,1.,0.));
#6324 = ADVANCED_FACE('',(#6325),#6336,.F.);
#6325 = FACE_BOUND('',#6326,.F.);
#6326 = EDGE_LOOP('',(#6327,#6328,#6329,#6330));
#6327 = ORIENTED_EDGE('',*,*,#892,.F.);
#6328 = ORIENTED_EDGE('',*,*,#6297,.T.);
#6329 = ORIENTED_EDGE('',*,*,#3211,.F.);
#6330 = ORIENTED_EDGE('',*,*,#6331,.F.);
#6331 = EDGE_CURVE('',#893,#3212,#6332,.T.);
#6332 = LINE('',#6333,#6334);
#6333 = CARTESIAN_POINT('',(260.264191,6.00758,0.));
#6334 = VECTOR('',#6335,1.);
#6335 = DIRECTION('',(0.,0.,1.));
#6336 = PLANE('',#6337);
#6337 = AXIS2_PLACEMENT_3D('',#6338,#6339,#6340);
#6338 = CARTESIAN_POINT('',(260.264191,20.068117,0.));
#6339 = DIRECTION('',(1.,0.,0.));
#6340 = DIRECTION('',(0.,-1.,0.));
#6341 = ADVANCED_FACE('',(#6342),#6348,.F.);
#6342 = FACE_BOUND('',#6343,.F.);
#6343 = EDGE_LOOP('',(#6344,#6345,#6346,#6347));
#6344 = ORIENTED_EDGE('',*,*,#900,.F.);
#6345 = ORIENTED_EDGE('',*,*,#6331,.T.);
#6346 = ORIENTED_EDGE('',*,*,#3221,.F.);
#6347 = ORIENTED_EDGE('',*,*,#6312,.F.);
#6348 = PLANE('',#6349);
#6349 = AXIS2_PLACEMENT_3D('',#6350,#6351,#6352);
#6350 = CARTESIAN_POINT('',(260.264191,6.00758,0.));
#6351 = DIRECTION('',(0.,-1.,0.));
#6352 = DIRECTION('',(-1.,0.,0.));
#6353 = ADVANCED_FACE('',(#6354),#6370,.F.);
#6354 = FACE_BOUND('',#6355,.F.);
#6355 = EDGE_LOOP('',(#6356,#6357,#6363,#6364));
#6356 = ORIENTED_EDGE('',*,*,#916,.F.);
#6357 = ORIENTED_EDGE('',*,*,#6358,.T.);
#6358 = EDGE_CURVE('',#917,#3264,#6359,.T.);
#6359 = LINE('',#6360,#6361);
#6360 = CARTESIAN_POINT('',(265.261353,20.080431,0.));
#6361 = VECTOR('',#6362,1.);
#6362 = DIRECTION('',(0.,0.,1.));
#6363 = ORIENTED_EDGE('',*,*,#3271,.F.);
#6364 = ORIENTED_EDGE('',*,*,#6365,.F.);
#6365 = EDGE_CURVE('',#919,#3248,#6366,.T.);
#6366 = LINE('',#6367,#6368);
#6367 = CARTESIAN_POINT('',(279.284332,20.080431,0.));
#6368 = VECTOR('',#6369,1.);
#6369 = DIRECTION('',(0.,0.,1.));
#6370 = PLANE('',#6371);
#6371 = AXIS2_PLACEMENT_3D('',#6372,#6373,#6374);
#6372 = CARTESIAN_POINT('',(265.261353,20.080431,0.));
#6373 = DIRECTION('',(0.,1.,0.));
#6374 = DIRECTION('',(1.,0.,0.));
#6375 = ADVANCED_FACE('',(#6376),#6387,.F.);
#6376 = FACE_BOUND('',#6377,.F.);
#6377 = EDGE_LOOP('',(#6378,#6379,#6385,#6386));
#6378 = ORIENTED_EDGE('',*,*,#942,.F.);
#6379 = ORIENTED_EDGE('',*,*,#6380,.T.);
#6380 = EDGE_CURVE('',#935,#3256,#6381,.T.);
#6381 = LINE('',#6382,#6383);
#6382 = CARTESIAN_POINT('',(265.261353,5.995669,0.));
#6383 = VECTOR('',#6384,1.);
#6384 = DIRECTION('',(0.,0.,1.));
#6385 = ORIENTED_EDGE('',*,*,#3263,.F.);
#6386 = ORIENTED_EDGE('',*,*,#6358,.F.);
#6387 = PLANE('',#6388);
#6388 = AXIS2_PLACEMENT_3D('',#6389,#6390,#6391);
#6389 = CARTESIAN_POINT('',(265.261353,5.995669,0.));
#6390 = DIRECTION('',(-1.,0.,0.));
#6391 = DIRECTION('',(0.,1.,0.));
#6392 = ADVANCED_FACE('',(#6393),#6404,.F.);
#6393 = FACE_BOUND('',#6394,.F.);
#6394 = EDGE_LOOP('',(#6395,#6396,#6397,#6398));
#6395 = ORIENTED_EDGE('',*,*,#926,.F.);
#6396 = ORIENTED_EDGE('',*,*,#6365,.T.);
#6397 = ORIENTED_EDGE('',*,*,#3245,.F.);
#6398 = ORIENTED_EDGE('',*,*,#6399,.F.);
#6399 = EDGE_CURVE('',#927,#3246,#6400,.T.);
#6400 = LINE('',#6401,#6402);
#6401 = CARTESIAN_POINT('',(279.284332,5.995669,0.));
#6402 = VECTOR('',#6403,1.);
#6403 = DIRECTION('',(0.,0.,1.));
#6404 = PLANE('',#6405);
#6405 = AXIS2_PLACEMENT_3D('',#6406,#6407,#6408);
#6406 = CARTESIAN_POINT('',(279.284332,20.080431,0.));
#6407 = DIRECTION('',(1.,0.,0.));
#6408 = DIRECTION('',(0.,-1.,0.));
#6409 = ADVANCED_FACE('',(#6410),#6416,.F.);
#6410 = FACE_BOUND('',#6411,.F.);
#6411 = EDGE_LOOP('',(#6412,#6413,#6414,#6415));
#6412 = ORIENTED_EDGE('',*,*,#934,.F.);
#6413 = ORIENTED_EDGE('',*,*,#6399,.T.);
#6414 = ORIENTED_EDGE('',*,*,#3255,.F.);
#6415 = ORIENTED_EDGE('',*,*,#6380,.F.);
#6416 = PLANE('',#6417);
#6417 = AXIS2_PLACEMENT_3D('',#6418,#6419,#6420);
#6418 = CARTESIAN_POINT('',(279.284332,5.995669,0.));
#6419 = DIRECTION('',(0.,-1.,0.));
#6420 = DIRECTION('',(-1.,0.,0.));
#6421 = ADVANCED_FACE('',(#6422),#6438,.F.);
#6422 = FACE_BOUND('',#6423,.F.);
#6423 = EDGE_LOOP('',(#6424,#6425,#6431,#6432));
#6424 = ORIENTED_EDGE('',*,*,#950,.F.);
#6425 = ORIENTED_EDGE('',*,*,#6426,.T.);
#6426 = EDGE_CURVE('',#951,#3298,#6427,.T.);
#6427 = LINE('',#6428,#6429);
#6428 = CARTESIAN_POINT('',(284.111023,20.088682,0.));
#6429 = VECTOR('',#6430,1.);
#6430 = DIRECTION('',(0.,0.,1.));
#6431 = ORIENTED_EDGE('',*,*,#3305,.F.);
#6432 = ORIENTED_EDGE('',*,*,#6433,.F.);
#6433 = EDGE_CURVE('',#953,#3282,#6434,.T.);
#6434 = LINE('',#6435,#6436);
#6435 = CARTESIAN_POINT('',(298.190155,20.088682,0.));
#6436 = VECTOR('',#6437,1.);
#6437 = DIRECTION('',(0.,0.,1.));
#6438 = PLANE('',#6439);
#6439 = AXIS2_PLACEMENT_3D('',#6440,#6441,#6442);
#6440 = CARTESIAN_POINT('',(284.111023,20.088682,0.));
#6441 = DIRECTION('',(0.,1.,0.));
#6442 = DIRECTION('',(1.,0.,0.));
#6443 = ADVANCED_FACE('',(#6444),#6455,.F.);
#6444 = FACE_BOUND('',#6445,.F.);
#6445 = EDGE_LOOP('',(#6446,#6447,#6453,#6454));
#6446 = ORIENTED_EDGE('',*,*,#976,.F.);
#6447 = ORIENTED_EDGE('',*,*,#6448,.T.);
#6448 = EDGE_CURVE('',#969,#3290,#6449,.T.);
#6449 = LINE('',#6450,#6451);
#6450 = CARTESIAN_POINT('',(284.111023,6.050962,0.));
#6451 = VECTOR('',#6452,1.);
#6452 = DIRECTION('',(0.,0.,1.));
#6453 = ORIENTED_EDGE('',*,*,#3297,.F.);
#6454 = ORIENTED_EDGE('',*,*,#6426,.F.);
#6455 = PLANE('',#6456);
#6456 = AXIS2_PLACEMENT_3D('',#6457,#6458,#6459);
#6457 = CARTESIAN_POINT('',(284.111023,6.050962,0.));
#6458 = DIRECTION('',(-1.,0.,0.));
#6459 = DIRECTION('',(0.,1.,0.));
#6460 = ADVANCED_FACE('',(#6461),#6472,.F.);
#6461 = FACE_BOUND('',#6462,.F.);
#6462 = EDGE_LOOP('',(#6463,#6464,#6465,#6466));
#6463 = ORIENTED_EDGE('',*,*,#960,.F.);
#6464 = ORIENTED_EDGE('',*,*,#6433,.T.);
#6465 = ORIENTED_EDGE('',*,*,#3279,.F.);
#6466 = ORIENTED_EDGE('',*,*,#6467,.F.);
#6467 = EDGE_CURVE('',#961,#3280,#6468,.T.);
#6468 = LINE('',#6469,#6470);
#6469 = CARTESIAN_POINT('',(298.190155,6.050962,0.));
#6470 = VECTOR('',#6471,1.);
#6471 = DIRECTION('',(0.,0.,1.));
#6472 = PLANE('',#6473);
#6473 = AXIS2_PLACEMENT_3D('',#6474,#6475,#6476);
#6474 = CARTESIAN_POINT('',(298.190155,20.088682,0.));
#6475 = DIRECTION('',(1.,0.,0.));
#6476 = DIRECTION('',(0.,-1.,0.));
#6477 = ADVANCED_FACE('',(#6478),#6484,.F.);
#6478 = FACE_BOUND('',#6479,.F.);
#6479 = EDGE_LOOP('',(#6480,#6481,#6482,#6483));
#6480 = ORIENTED_EDGE('',*,*,#968,.F.);
#6481 = ORIENTED_EDGE('',*,*,#6467,.T.);
#6482 = ORIENTED_EDGE('',*,*,#3289,.F.);
#6483 = ORIENTED_EDGE('',*,*,#6448,.F.);
#6484 = PLANE('',#6485);
#6485 = AXIS2_PLACEMENT_3D('',#6486,#6487,#6488);
#6486 = CARTESIAN_POINT('',(298.190155,6.050962,0.));
#6487 = DIRECTION('',(0.,-1.,0.));
#6488 = DIRECTION('',(-1.,0.,0.));
#6489 = ADVANCED_FACE('',(#6490),#6506,.F.);
#6490 = FACE_BOUND('',#6491,.F.);
#6491 = EDGE_LOOP('',(#6492,#6493,#6499,#6500));
#6492 = ORIENTED_EDGE('',*,*,#984,.F.);
#6493 = ORIENTED_EDGE('',*,*,#6494,.T.);
#6494 = EDGE_CURVE('',#985,#3332,#6495,.T.);
#6495 = LINE('',#6496,#6497);
#6496 = CARTESIAN_POINT('',(158.923035,39.104065,0.));
#6497 = VECTOR('',#6498,1.);
#6498 = DIRECTION('',(0.,0.,1.));
#6499 = ORIENTED_EDGE('',*,*,#3339,.F.);
#6500 = ORIENTED_EDGE('',*,*,#6501,.F.);
#6501 = EDGE_CURVE('',#987,#3316,#6502,.T.);
#6502 = LINE('',#6503,#6504);
#6503 = CARTESIAN_POINT('',(172.970444,39.104065,0.));
#6504 = VECTOR('',#6505,1.);
#6505 = DIRECTION('',(0.,0.,1.));
#6506 = PLANE('',#6507);
#6507 = AXIS2_PLACEMENT_3D('',#6508,#6509,#6510);
#6508 = CARTESIAN_POINT('',(158.923035,39.104065,0.));
#6509 = DIRECTION('',(0.,1.,0.));
#6510 = DIRECTION('',(1.,0.,0.));
#6511 = ADVANCED_FACE('',(#6512),#6523,.F.);
#6512 = FACE_BOUND('',#6513,.F.);
#6513 = EDGE_LOOP('',(#6514,#6515,#6521,#6522));
#6514 = ORIENTED_EDGE('',*,*,#1010,.F.);
#6515 = ORIENTED_EDGE('',*,*,#6516,.T.);
#6516 = EDGE_CURVE('',#1003,#3324,#6517,.T.);
#6517 = LINE('',#6518,#6519);
#6518 = CARTESIAN_POINT('',(158.923035,25.015224,0.));
#6519 = VECTOR('',#6520,1.);
#6520 = DIRECTION('',(0.,0.,1.));
#6521 = ORIENTED_EDGE('',*,*,#3331,.F.);
#6522 = ORIENTED_EDGE('',*,*,#6494,.F.);
#6523 = PLANE('',#6524);
#6524 = AXIS2_PLACEMENT_3D('',#6525,#6526,#6527);
#6525 = CARTESIAN_POINT('',(158.923035,25.015224,0.));
#6526 = DIRECTION('',(-1.,0.,0.));
#6527 = DIRECTION('',(0.,1.,0.));
#6528 = ADVANCED_FACE('',(#6529),#6540,.F.);
#6529 = FACE_BOUND('',#6530,.F.);
#6530 = EDGE_LOOP('',(#6531,#6532,#6538,#6539));
#6531 = ORIENTED_EDGE('',*,*,#1002,.F.);
#6532 = ORIENTED_EDGE('',*,*,#6533,.T.);
#6533 = EDGE_CURVE('',#995,#3314,#6534,.T.);
#6534 = LINE('',#6535,#6536);
#6535 = CARTESIAN_POINT('',(172.970444,25.015224,0.));
#6536 = VECTOR('',#6537,1.);
#6537 = DIRECTION('',(0.,0.,1.));
#6538 = ORIENTED_EDGE('',*,*,#3323,.F.);
#6539 = ORIENTED_EDGE('',*,*,#6516,.F.);
#6540 = PLANE('',#6541);
#6541 = AXIS2_PLACEMENT_3D('',#6542,#6543,#6544);
#6542 = CARTESIAN_POINT('',(172.970444,25.015224,0.));
#6543 = DIRECTION('',(0.,-1.,0.));
#6544 = DIRECTION('',(-1.,0.,0.));
#6545 = ADVANCED_FACE('',(#6546),#6552,.F.);
#6546 = FACE_BOUND('',#6547,.F.);
#6547 = EDGE_LOOP('',(#6548,#6549,#6550,#6551));
#6548 = ORIENTED_EDGE('',*,*,#994,.F.);
#6549 = ORIENTED_EDGE('',*,*,#6501,.T.);
#6550 = ORIENTED_EDGE('',*,*,#3313,.F.);
#6551 = ORIENTED_EDGE('',*,*,#6533,.F.);
#6552 = PLANE('',#6553);
#6553 = AXIS2_PLACEMENT_3D('',#6554,#6555,#6556);
#6554 = CARTESIAN_POINT('',(172.970444,39.104065,0.));
#6555 = DIRECTION('',(1.,0.,0.));
#6556 = DIRECTION('',(0.,-1.,0.));
#6557 = ADVANCED_FACE('',(#6558),#6574,.F.);
#6558 = FACE_BOUND('',#6559,.F.);
#6559 = EDGE_LOOP('',(#6560,#6561,#6567,#6568));
#6560 = ORIENTED_EDGE('',*,*,#1018,.F.);
#6561 = ORIENTED_EDGE('',*,*,#6562,.T.);
#6562 = EDGE_CURVE('',#1019,#3366,#6563,.T.);
#6563 = LINE('',#6564,#6565);
#6564 = CARTESIAN_POINT('',(177.774673,39.12664,0.));
#6565 = VECTOR('',#6566,1.);
#6566 = DIRECTION('',(0.,0.,1.));
#6567 = ORIENTED_EDGE('',*,*,#3373,.F.);
#6568 = ORIENTED_EDGE('',*,*,#6569,.F.);
#6569 = EDGE_CURVE('',#1021,#3350,#6570,.T.);
#6570 = LINE('',#6571,#6572);
#6571 = CARTESIAN_POINT('',(191.838501,39.12664,0.));
#6572 = VECTOR('',#6573,1.);
#6573 = DIRECTION('',(0.,0.,1.));
#6574 = PLANE('',#6575);
#6575 = AXIS2_PLACEMENT_3D('',#6576,#6577,#6578);
#6576 = CARTESIAN_POINT('',(177.774673,39.12664,0.));
#6577 = DIRECTION('',(0.,1.,0.));
#6578 = DIRECTION('',(1.,0.,0.));
#6579 = ADVANCED_FACE('',(#6580),#6591,.F.);
#6580 = FACE_BOUND('',#6581,.F.);
#6581 = EDGE_LOOP('',(#6582,#6583,#6589,#6590));
#6582 = ORIENTED_EDGE('',*,*,#1044,.F.);
#6583 = ORIENTED_EDGE('',*,*,#6584,.T.);
#6584 = EDGE_CURVE('',#1037,#3358,#6585,.T.);
#6585 = LINE('',#6586,#6587);
#6586 = CARTESIAN_POINT('',(177.774673,25.138704,0.));
#6587 = VECTOR('',#6588,1.);
#6588 = DIRECTION('',(0.,0.,1.));
#6589 = ORIENTED_EDGE('',*,*,#3365,.F.);
#6590 = ORIENTED_EDGE('',*,*,#6562,.F.);
#6591 = PLANE('',#6592);
#6592 = AXIS2_PLACEMENT_3D('',#6593,#6594,#6595);
#6593 = CARTESIAN_POINT('',(177.774673,25.138704,0.));
#6594 = DIRECTION('',(-1.,0.,0.));
#6595 = DIRECTION('',(0.,1.,0.));
#6596 = ADVANCED_FACE('',(#6597),#6608,.F.);
#6597 = FACE_BOUND('',#6598,.F.);
#6598 = EDGE_LOOP('',(#6599,#6600,#6606,#6607));
#6599 = ORIENTED_EDGE('',*,*,#1036,.F.);
#6600 = ORIENTED_EDGE('',*,*,#6601,.T.);
#6601 = EDGE_CURVE('',#1029,#3348,#6602,.T.);
#6602 = LINE('',#6603,#6604);
#6603 = CARTESIAN_POINT('',(191.838501,25.138704,0.));
#6604 = VECTOR('',#6605,1.);
#6605 = DIRECTION('',(0.,0.,1.));
#6606 = ORIENTED_EDGE('',*,*,#3357,.F.);
#6607 = ORIENTED_EDGE('',*,*,#6584,.F.);
#6608 = PLANE('',#6609);
#6609 = AXIS2_PLACEMENT_3D('',#6610,#6611,#6612);
#6610 = CARTESIAN_POINT('',(191.838501,25.138704,0.));
#6611 = DIRECTION('',(0.,-1.,0.));
#6612 = DIRECTION('',(-1.,0.,0.));
#6613 = ADVANCED_FACE('',(#6614),#6620,.F.);
#6614 = FACE_BOUND('',#6615,.F.);
#6615 = EDGE_LOOP('',(#6616,#6617,#6618,#6619));
#6616 = ORIENTED_EDGE('',*,*,#1028,.F.);
#6617 = ORIENTED_EDGE('',*,*,#6569,.T.);
#6618 = ORIENTED_EDGE('',*,*,#3347,.F.);
#6619 = ORIENTED_EDGE('',*,*,#6601,.F.);
#6620 = PLANE('',#6621);
#6621 = AXIS2_PLACEMENT_3D('',#6622,#6623,#6624);
#6622 = CARTESIAN_POINT('',(191.838501,39.12664,0.));
#6623 = DIRECTION('',(1.,0.,0.));
#6624 = DIRECTION('',(0.,-1.,0.));
#6625 = ADVANCED_FACE('',(#6626),#6642,.F.);
#6626 = FACE_BOUND('',#6627,.F.);
#6627 = EDGE_LOOP('',(#6628,#6629,#6635,#6636));
#6628 = ORIENTED_EDGE('',*,*,#1052,.F.);
#6629 = ORIENTED_EDGE('',*,*,#6630,.T.);
#6630 = EDGE_CURVE('',#1053,#3400,#6631,.T.);
#6631 = LINE('',#6632,#6633);
#6632 = CARTESIAN_POINT('',(196.71402,39.099403,0.));
#6633 = VECTOR('',#6634,1.);
#6634 = DIRECTION('',(0.,0.,1.));
#6635 = ORIENTED_EDGE('',*,*,#3407,.F.);
#6636 = ORIENTED_EDGE('',*,*,#6637,.F.);
#6637 = EDGE_CURVE('',#1055,#3384,#6638,.T.);
#6638 = LINE('',#6639,#6640);
#6639 = CARTESIAN_POINT('',(210.769562,39.099403,0.));
#6640 = VECTOR('',#6641,1.);
#6641 = DIRECTION('',(0.,0.,1.));
#6642 = PLANE('',#6643);
#6643 = AXIS2_PLACEMENT_3D('',#6644,#6645,#6646);
#6644 = CARTESIAN_POINT('',(196.71402,39.099403,0.));
#6645 = DIRECTION('',(0.,1.,0.));
#6646 = DIRECTION('',(1.,0.,0.));
#6647 = ADVANCED_FACE('',(#6648),#6659,.F.);
#6648 = FACE_BOUND('',#6649,.F.);
#6649 = EDGE_LOOP('',(#6650,#6651,#6657,#6658));
#6650 = ORIENTED_EDGE('',*,*,#1078,.F.);
#6651 = ORIENTED_EDGE('',*,*,#6652,.T.);
#6652 = EDGE_CURVE('',#1071,#3392,#6653,.T.);
#6653 = LINE('',#6654,#6655);
#6654 = CARTESIAN_POINT('',(196.71402,25.02832,0.));
#6655 = VECTOR('',#6656,1.);
#6656 = DIRECTION('',(0.,0.,1.));
#6657 = ORIENTED_EDGE('',*,*,#3399,.F.);
#6658 = ORIENTED_EDGE('',*,*,#6630,.F.);
#6659 = PLANE('',#6660);
#6660 = AXIS2_PLACEMENT_3D('',#6661,#6662,#6663);
#6661 = CARTESIAN_POINT('',(196.71402,25.02832,0.));
#6662 = DIRECTION('',(-1.,0.,0.));
#6663 = DIRECTION('',(0.,1.,0.));
#6664 = ADVANCED_FACE('',(#6665),#6676,.F.);
#6665 = FACE_BOUND('',#6666,.F.);
#6666 = EDGE_LOOP('',(#6667,#6668,#6674,#6675));
#6667 = ORIENTED_EDGE('',*,*,#1070,.F.);
#6668 = ORIENTED_EDGE('',*,*,#6669,.T.);
#6669 = EDGE_CURVE('',#1063,#3382,#6670,.T.);
#6670 = LINE('',#6671,#6672);
#6671 = CARTESIAN_POINT('',(210.769562,25.02832,0.));
#6672 = VECTOR('',#6673,1.);
#6673 = DIRECTION('',(0.,0.,1.));
#6674 = ORIENTED_EDGE('',*,*,#3391,.F.);
#6675 = ORIENTED_EDGE('',*,*,#6652,.F.);
#6676 = PLANE('',#6677);
#6677 = AXIS2_PLACEMENT_3D('',#6678,#6679,#6680);
#6678 = CARTESIAN_POINT('',(210.769562,25.02832,0.));
#6679 = DIRECTION('',(0.,-1.,0.));
#6680 = DIRECTION('',(-1.,0.,0.));
#6681 = ADVANCED_FACE('',(#6682),#6688,.F.);
#6682 = FACE_BOUND('',#6683,.F.);
#6683 = EDGE_LOOP('',(#6684,#6685,#6686,#6687));
#6684 = ORIENTED_EDGE('',*,*,#1062,.F.);
#6685 = ORIENTED_EDGE('',*,*,#6637,.T.);
#6686 = ORIENTED_EDGE('',*,*,#3381,.F.);
#6687 = ORIENTED_EDGE('',*,*,#6669,.F.);
#6688 = PLANE('',#6689);
#6689 = AXIS2_PLACEMENT_3D('',#6690,#6691,#6692);
#6690 = CARTESIAN_POINT('',(210.769562,39.099403,0.));
#6691 = DIRECTION('',(1.,0.,0.));
#6692 = DIRECTION('',(0.,-1.,0.));
#6693 = ADVANCED_FACE('',(#6694),#6710,.F.);
#6694 = FACE_BOUND('',#6695,.F.);
#6695 = EDGE_LOOP('',(#6696,#6697,#6703,#6704));
#6696 = ORIENTED_EDGE('',*,*,#1086,.F.);
#6697 = ORIENTED_EDGE('',*,*,#6698,.T.);
#6698 = EDGE_CURVE('',#1087,#3434,#6699,.T.);
#6699 = LINE('',#6700,#6701);
#6700 = CARTESIAN_POINT('',(215.640472,38.965725,0.));
#6701 = VECTOR('',#6702,1.);
#6702 = DIRECTION('',(0.,0.,1.));
#6703 = ORIENTED_EDGE('',*,*,#3441,.F.);
#6704 = ORIENTED_EDGE('',*,*,#6705,.F.);
#6705 = EDGE_CURVE('',#1089,#3418,#6706,.T.);
#6706 = LINE('',#6707,#6708);
#6707 = CARTESIAN_POINT('',(229.740692,38.965725,0.));
#6708 = VECTOR('',#6709,1.);
#6709 = DIRECTION('',(0.,0.,1.));
#6710 = PLANE('',#6711);
#6711 = AXIS2_PLACEMENT_3D('',#6712,#6713,#6714);
#6712 = CARTESIAN_POINT('',(215.640472,38.965725,0.));
#6713 = DIRECTION('',(0.,1.,0.));
#6714 = DIRECTION('',(1.,0.,0.));
#6715 = ADVANCED_FACE('',(#6716),#6727,.F.);
#6716 = FACE_BOUND('',#6717,.F.);
#6717 = EDGE_LOOP('',(#6718,#6719,#6725,#6726));
#6718 = ORIENTED_EDGE('',*,*,#1112,.F.);
#6719 = ORIENTED_EDGE('',*,*,#6720,.T.);
#6720 = EDGE_CURVE('',#1105,#3426,#6721,.T.);
#6721 = LINE('',#6722,#6723);
#6722 = CARTESIAN_POINT('',(215.640472,24.773357,0.));
#6723 = VECTOR('',#6724,1.);
#6724 = DIRECTION('',(0.,0.,1.));
#6725 = ORIENTED_EDGE('',*,*,#3433,.F.);
#6726 = ORIENTED_EDGE('',*,*,#6698,.F.);
#6727 = PLANE('',#6728);
#6728 = AXIS2_PLACEMENT_3D('',#6729,#6730,#6731);
#6729 = CARTESIAN_POINT('',(215.640472,24.773357,0.));
#6730 = DIRECTION('',(-1.,0.,0.));
#6731 = DIRECTION('',(0.,1.,0.));
#6732 = ADVANCED_FACE('',(#6733),#6744,.F.);
#6733 = FACE_BOUND('',#6734,.F.);
#6734 = EDGE_LOOP('',(#6735,#6736,#6742,#6743));
#6735 = ORIENTED_EDGE('',*,*,#1104,.F.);
#6736 = ORIENTED_EDGE('',*,*,#6737,.T.);
#6737 = EDGE_CURVE('',#1097,#3416,#6738,.T.);
#6738 = LINE('',#6739,#6740);
#6739 = CARTESIAN_POINT('',(229.740692,24.773357,0.));
#6740 = VECTOR('',#6741,1.);
#6741 = DIRECTION('',(0.,0.,1.));
#6742 = ORIENTED_EDGE('',*,*,#3425,.F.);
#6743 = ORIENTED_EDGE('',*,*,#6720,.F.);
#6744 = PLANE('',#6745);
#6745 = AXIS2_PLACEMENT_3D('',#6746,#6747,#6748);
#6746 = CARTESIAN_POINT('',(229.740692,24.773357,0.));
#6747 = DIRECTION('',(0.,-1.,0.));
#6748 = DIRECTION('',(-1.,0.,0.));
#6749 = ADVANCED_FACE('',(#6750),#6756,.F.);
#6750 = FACE_BOUND('',#6751,.F.);
#6751 = EDGE_LOOP('',(#6752,#6753,#6754,#6755));
#6752 = ORIENTED_EDGE('',*,*,#1096,.F.);
#6753 = ORIENTED_EDGE('',*,*,#6705,.T.);
#6754 = ORIENTED_EDGE('',*,*,#3415,.F.);
#6755 = ORIENTED_EDGE('',*,*,#6737,.F.);
#6756 = PLANE('',#6757);
#6757 = AXIS2_PLACEMENT_3D('',#6758,#6759,#6760);
#6758 = CARTESIAN_POINT('',(229.740692,38.965725,0.));
#6759 = DIRECTION('',(1.,0.,0.));
#6760 = DIRECTION('',(0.,-1.,0.));
#6761 = ADVANCED_FACE('',(#6762),#6778,.F.);
#6762 = FACE_BOUND('',#6763,.F.);
#6763 = EDGE_LOOP('',(#6764,#6765,#6771,#6772));
#6764 = ORIENTED_EDGE('',*,*,#1120,.F.);
#6765 = ORIENTED_EDGE('',*,*,#6766,.T.);
#6766 = EDGE_CURVE('',#1121,#3468,#6767,.T.);
#6767 = LINE('',#6768,#6769);
#6768 = CARTESIAN_POINT('',(154.082947,58.252357,0.));
#6769 = VECTOR('',#6770,1.);
#6770 = DIRECTION('',(0.,0.,1.));
#6771 = ORIENTED_EDGE('',*,*,#3475,.F.);
#6772 = ORIENTED_EDGE('',*,*,#6773,.F.);
#6773 = EDGE_CURVE('',#1123,#3452,#6774,.T.);
#6774 = LINE('',#6775,#6776);
#6775 = CARTESIAN_POINT('',(168.078125,58.252357,0.));
#6776 = VECTOR('',#6777,1.);
#6777 = DIRECTION('',(0.,0.,1.));
#6778 = PLANE('',#6779);
#6779 = AXIS2_PLACEMENT_3D('',#6780,#6781,#6782);
#6780 = CARTESIAN_POINT('',(154.082947,58.252357,0.));
#6781 = DIRECTION('',(0.,1.,0.));
#6782 = DIRECTION('',(1.,0.,0.));
#6783 = ADVANCED_FACE('',(#6784),#6795,.F.);
#6784 = FACE_BOUND('',#6785,.F.);
#6785 = EDGE_LOOP('',(#6786,#6787,#6793,#6794));
#6786 = ORIENTED_EDGE('',*,*,#1146,.F.);
#6787 = ORIENTED_EDGE('',*,*,#6788,.T.);
#6788 = EDGE_CURVE('',#1139,#3460,#6789,.T.);
#6789 = LINE('',#6790,#6791);
#6790 = CARTESIAN_POINT('',(154.082947,44.038712,0.));
#6791 = VECTOR('',#6792,1.);
#6792 = DIRECTION('',(0.,0.,1.));
#6793 = ORIENTED_EDGE('',*,*,#3467,.F.);
#6794 = ORIENTED_EDGE('',*,*,#6766,.F.);
#6795 = PLANE('',#6796);
#6796 = AXIS2_PLACEMENT_3D('',#6797,#6798,#6799);
#6797 = CARTESIAN_POINT('',(154.082947,44.038712,0.));
#6798 = DIRECTION('',(-1.,0.,0.));
#6799 = DIRECTION('',(0.,1.,0.));
#6800 = ADVANCED_FACE('',(#6801),#6812,.F.);
#6801 = FACE_BOUND('',#6802,.F.);
#6802 = EDGE_LOOP('',(#6803,#6804,#6810,#6811));
#6803 = ORIENTED_EDGE('',*,*,#1138,.F.);
#6804 = ORIENTED_EDGE('',*,*,#6805,.T.);
#6805 = EDGE_CURVE('',#1131,#3450,#6806,.T.);
#6806 = LINE('',#6807,#6808);
#6807 = CARTESIAN_POINT('',(168.078125,44.038712,0.));
#6808 = VECTOR('',#6809,1.);
#6809 = DIRECTION('',(0.,0.,1.));
#6810 = ORIENTED_EDGE('',*,*,#3459,.F.);
#6811 = ORIENTED_EDGE('',*,*,#6788,.F.);
#6812 = PLANE('',#6813);
#6813 = AXIS2_PLACEMENT_3D('',#6814,#6815,#6816);
#6814 = CARTESIAN_POINT('',(168.078125,44.038712,0.));
#6815 = DIRECTION('',(0.,-1.,0.));
#6816 = DIRECTION('',(-1.,0.,0.));
#6817 = ADVANCED_FACE('',(#6818),#6824,.F.);
#6818 = FACE_BOUND('',#6819,.F.);
#6819 = EDGE_LOOP('',(#6820,#6821,#6822,#6823));
#6820 = ORIENTED_EDGE('',*,*,#1130,.F.);
#6821 = ORIENTED_EDGE('',*,*,#6773,.T.);
#6822 = ORIENTED_EDGE('',*,*,#3449,.F.);
#6823 = ORIENTED_EDGE('',*,*,#6805,.F.);
#6824 = PLANE('',#6825);
#6825 = AXIS2_PLACEMENT_3D('',#6826,#6827,#6828);
#6826 = CARTESIAN_POINT('',(168.078125,58.252357,0.));
#6827 = DIRECTION('',(1.,0.,0.));
#6828 = DIRECTION('',(0.,-1.,0.));
#6829 = ADVANCED_FACE('',(#6830),#6846,.F.);
#6830 = FACE_BOUND('',#6831,.F.);
#6831 = EDGE_LOOP('',(#6832,#6833,#6839,#6840));
#6832 = ORIENTED_EDGE('',*,*,#1154,.F.);
#6833 = ORIENTED_EDGE('',*,*,#6834,.T.);
#6834 = EDGE_CURVE('',#1155,#3502,#6835,.T.);
#6835 = LINE('',#6836,#6837);
#6836 = CARTESIAN_POINT('',(172.953522,58.128384,0.));
#6837 = VECTOR('',#6838,1.);
#6838 = DIRECTION('',(0.,0.,1.));
#6839 = ORIENTED_EDGE('',*,*,#3509,.F.);
#6840 = ORIENTED_EDGE('',*,*,#6841,.F.);
#6841 = EDGE_CURVE('',#1157,#3486,#6842,.T.);
#6842 = LINE('',#6843,#6844);
#6843 = CARTESIAN_POINT('',(186.948105,58.128384,0.));
#6844 = VECTOR('',#6845,1.);
#6845 = DIRECTION('',(0.,0.,1.));
#6846 = PLANE('',#6847);
#6847 = AXIS2_PLACEMENT_3D('',#6848,#6849,#6850);
#6848 = CARTESIAN_POINT('',(172.953522,58.128384,0.));
#6849 = DIRECTION('',(0.,1.,0.));
#6850 = DIRECTION('',(1.,0.,0.));
#6851 = ADVANCED_FACE('',(#6852),#6863,.F.);
#6852 = FACE_BOUND('',#6853,.F.);
#6853 = EDGE_LOOP('',(#6854,#6855,#6861,#6862));
#6854 = ORIENTED_EDGE('',*,*,#1180,.F.);
#6855 = ORIENTED_EDGE('',*,*,#6856,.T.);
#6856 = EDGE_CURVE('',#1173,#3494,#6857,.T.);
#6857 = LINE('',#6858,#6859);
#6858 = CARTESIAN_POINT('',(172.953522,44.119499,0.));
#6859 = VECTOR('',#6860,1.);
#6860 = DIRECTION('',(0.,0.,1.));
#6861 = ORIENTED_EDGE('',*,*,#3501,.F.);
#6862 = ORIENTED_EDGE('',*,*,#6834,.F.);
#6863 = PLANE('',#6864);
#6864 = AXIS2_PLACEMENT_3D('',#6865,#6866,#6867);
#6865 = CARTESIAN_POINT('',(172.953522,44.119499,0.));
#6866 = DIRECTION('',(-1.,0.,0.));
#6867 = DIRECTION('',(0.,1.,0.));
#6868 = ADVANCED_FACE('',(#6869),#6880,.F.);
#6869 = FACE_BOUND('',#6870,.F.);
#6870 = EDGE_LOOP('',(#6871,#6872,#6878,#6879));
#6871 = ORIENTED_EDGE('',*,*,#1172,.F.);
#6872 = ORIENTED_EDGE('',*,*,#6873,.T.);
#6873 = EDGE_CURVE('',#1165,#3484,#6874,.T.);
#6874 = LINE('',#6875,#6876);
#6875 = CARTESIAN_POINT('',(186.948105,44.119499,0.));
#6876 = VECTOR('',#6877,1.);
#6877 = DIRECTION('',(0.,0.,1.));
#6878 = ORIENTED_EDGE('',*,*,#3493,.F.);
#6879 = ORIENTED_EDGE('',*,*,#6856,.F.);
#6880 = PLANE('',#6881);
#6881 = AXIS2_PLACEMENT_3D('',#6882,#6883,#6884);
#6882 = CARTESIAN_POINT('',(186.948105,44.119499,0.));
#6883 = DIRECTION('',(0.,-1.,0.));
#6884 = DIRECTION('',(-1.,0.,0.));
#6885 = ADVANCED_FACE('',(#6886),#6892,.F.);
#6886 = FACE_BOUND('',#6887,.F.);
#6887 = EDGE_LOOP('',(#6888,#6889,#6890,#6891));
#6888 = ORIENTED_EDGE('',*,*,#1164,.F.);
#6889 = ORIENTED_EDGE('',*,*,#6841,.T.);
#6890 = ORIENTED_EDGE('',*,*,#3483,.F.);
#6891 = ORIENTED_EDGE('',*,*,#6873,.F.);
#6892 = PLANE('',#6893);
#6893 = AXIS2_PLACEMENT_3D('',#6894,#6895,#6896);
#6894 = CARTESIAN_POINT('',(186.948105,58.128384,0.));
#6895 = DIRECTION('',(1.,0.,0.));
#6896 = DIRECTION('',(0.,-1.,0.));
#6897 = ADVANCED_FACE('',(#6898),#6914,.F.);
#6898 = FACE_BOUND('',#6899,.F.);
#6899 = EDGE_LOOP('',(#6900,#6901,#6907,#6908));
#6900 = ORIENTED_EDGE('',*,*,#1188,.F.);
#6901 = ORIENTED_EDGE('',*,*,#6902,.T.);
#6902 = EDGE_CURVE('',#1189,#3536,#6903,.T.);
#6903 = LINE('',#6904,#6905);
#6904 = CARTESIAN_POINT('',(191.873184,58.034641,0.));
#6905 = VECTOR('',#6906,1.);
#6906 = DIRECTION('',(0.,0.,1.));
#6907 = ORIENTED_EDGE('',*,*,#3543,.F.);
#6908 = ORIENTED_EDGE('',*,*,#6909,.F.);
#6909 = EDGE_CURVE('',#1191,#3520,#6910,.T.);
#6910 = LINE('',#6911,#6912);
#6911 = CARTESIAN_POINT('',(205.83255,58.034641,0.));
#6912 = VECTOR('',#6913,1.);
#6913 = DIRECTION('',(0.,0.,1.));
#6914 = PLANE('',#6915);
#6915 = AXIS2_PLACEMENT_3D('',#6916,#6917,#6918);
#6916 = CARTESIAN_POINT('',(191.873184,58.034641,0.));
#6917 = DIRECTION('',(0.,1.,0.));
#6918 = DIRECTION('',(1.,0.,0.));
#6919 = ADVANCED_FACE('',(#6920),#6931,.F.);
#6920 = FACE_BOUND('',#6921,.F.);
#6921 = EDGE_LOOP('',(#6922,#6923,#6929,#6930));
#6922 = ORIENTED_EDGE('',*,*,#1214,.F.);
#6923 = ORIENTED_EDGE('',*,*,#6924,.T.);
#6924 = EDGE_CURVE('',#1207,#3528,#6925,.T.);
#6925 = LINE('',#6926,#6927);
#6926 = CARTESIAN_POINT('',(191.873184,44.075291,0.));
#6927 = VECTOR('',#6928,1.);
#6928 = DIRECTION('',(0.,0.,1.));
#6929 = ORIENTED_EDGE('',*,*,#3535,.F.);
#6930 = ORIENTED_EDGE('',*,*,#6902,.F.);
#6931 = PLANE('',#6932);
#6932 = AXIS2_PLACEMENT_3D('',#6933,#6934,#6935);
#6933 = CARTESIAN_POINT('',(191.873184,44.075291,0.));
#6934 = DIRECTION('',(-1.,0.,0.));
#6935 = DIRECTION('',(0.,1.,0.));
#6936 = ADVANCED_FACE('',(#6937),#6948,.F.);
#6937 = FACE_BOUND('',#6938,.F.);
#6938 = EDGE_LOOP('',(#6939,#6940,#6946,#6947));
#6939 = ORIENTED_EDGE('',*,*,#1206,.F.);
#6940 = ORIENTED_EDGE('',*,*,#6941,.T.);
#6941 = EDGE_CURVE('',#1199,#3518,#6942,.T.);
#6942 = LINE('',#6943,#6944);
#6943 = CARTESIAN_POINT('',(205.83255,44.075291,0.));
#6944 = VECTOR('',#6945,1.);
#6945 = DIRECTION('',(0.,0.,1.));
#6946 = ORIENTED_EDGE('',*,*,#3527,.F.);
#6947 = ORIENTED_EDGE('',*,*,#6924,.F.);
#6948 = PLANE('',#6949);
#6949 = AXIS2_PLACEMENT_3D('',#6950,#6951,#6952);
#6950 = CARTESIAN_POINT('',(205.83255,44.075291,0.));
#6951 = DIRECTION('',(0.,-1.,0.));
#6952 = DIRECTION('',(-1.,0.,0.));
#6953 = ADVANCED_FACE('',(#6954),#6960,.F.);
#6954 = FACE_BOUND('',#6955,.F.);
#6955 = EDGE_LOOP('',(#6956,#6957,#6958,#6959));
#6956 = ORIENTED_EDGE('',*,*,#1198,.F.);
#6957 = ORIENTED_EDGE('',*,*,#6909,.T.);
#6958 = ORIENTED_EDGE('',*,*,#3517,.F.);
#6959 = ORIENTED_EDGE('',*,*,#6941,.F.);
#6960 = PLANE('',#6961);
#6961 = AXIS2_PLACEMENT_3D('',#6962,#6963,#6964);
#6962 = CARTESIAN_POINT('',(205.83255,58.034641,0.));
#6963 = DIRECTION('',(1.,0.,0.));
#6964 = DIRECTION('',(0.,-1.,0.));
#6965 = ADVANCED_FACE('',(#6966),#6982,.F.);
#6966 = FACE_BOUND('',#6967,.F.);
#6967 = EDGE_LOOP('',(#6968,#6969,#6975,#6976));
#6968 = ORIENTED_EDGE('',*,*,#1222,.F.);
#6969 = ORIENTED_EDGE('',*,*,#6970,.T.);
#6970 = EDGE_CURVE('',#1223,#3570,#6971,.T.);
#6971 = LINE('',#6972,#6973);
#6972 = CARTESIAN_POINT('',(210.786163,58.13707,0.));
#6973 = VECTOR('',#6974,1.);
#6974 = DIRECTION('',(0.,0.,1.));
#6975 = ORIENTED_EDGE('',*,*,#3577,.F.);
#6976 = ORIENTED_EDGE('',*,*,#6977,.F.);
#6977 = EDGE_CURVE('',#1225,#3554,#6978,.T.);
#6978 = LINE('',#6979,#6980);
#6979 = CARTESIAN_POINT('',(224.895798,58.13707,0.));
#6980 = VECTOR('',#6981,1.);
#6981 = DIRECTION('',(0.,0.,1.));
#6982 = PLANE('',#6983);
#6983 = AXIS2_PLACEMENT_3D('',#6984,#6985,#6986);
#6984 = CARTESIAN_POINT('',(210.786163,58.13707,0.));
#6985 = DIRECTION('',(0.,1.,0.));
#6986 = DIRECTION('',(1.,0.,0.));
#6987 = ADVANCED_FACE('',(#6988),#6999,.F.);
#6988 = FACE_BOUND('',#6989,.F.);
#6989 = EDGE_LOOP('',(#6990,#6991,#6997,#6998));
#6990 = ORIENTED_EDGE('',*,*,#1248,.F.);
#6991 = ORIENTED_EDGE('',*,*,#6992,.T.);
#6992 = EDGE_CURVE('',#1241,#3562,#6993,.T.);
#6993 = LINE('',#6994,#6995);
#6994 = CARTESIAN_POINT('',(210.786163,44.102898,0.));
#6995 = VECTOR('',#6996,1.);
#6996 = DIRECTION('',(0.,0.,1.));
#6997 = ORIENTED_EDGE('',*,*,#3569,.F.);
#6998 = ORIENTED_EDGE('',*,*,#6970,.F.);
#6999 = PLANE('',#7000);
#7000 = AXIS2_PLACEMENT_3D('',#7001,#7002,#7003);
#7001 = CARTESIAN_POINT('',(210.786163,44.102898,0.));
#7002 = DIRECTION('',(-1.,0.,0.));
#7003 = DIRECTION('',(0.,1.,0.));
#7004 = ADVANCED_FACE('',(#7005),#7016,.F.);
#7005 = FACE_BOUND('',#7006,.F.);
#7006 = EDGE_LOOP('',(#7007,#7008,#7014,#7015));
#7007 = ORIENTED_EDGE('',*,*,#1240,.F.);
#7008 = ORIENTED_EDGE('',*,*,#7009,.T.);
#7009 = EDGE_CURVE('',#1233,#3552,#7010,.T.);
#7010 = LINE('',#7011,#7012);
#7011 = CARTESIAN_POINT('',(224.895798,44.102898,0.));
#7012 = VECTOR('',#7013,1.);
#7013 = DIRECTION('',(0.,0.,1.));
#7014 = ORIENTED_EDGE('',*,*,#3561,.F.);
#7015 = ORIENTED_EDGE('',*,*,#6992,.F.);
#7016 = PLANE('',#7017);
#7017 = AXIS2_PLACEMENT_3D('',#7018,#7019,#7020);
#7018 = CARTESIAN_POINT('',(224.895798,44.102898,0.));
#7019 = DIRECTION('',(0.,-1.,0.));
#7020 = DIRECTION('',(-1.,0.,0.));
#7021 = ADVANCED_FACE('',(#7022),#7028,.F.);
#7022 = FACE_BOUND('',#7023,.F.);
#7023 = EDGE_LOOP('',(#7024,#7025,#7026,#7027));
#7024 = ORIENTED_EDGE('',*,*,#1232,.F.);
#7025 = ORIENTED_EDGE('',*,*,#6977,.T.);
#7026 = ORIENTED_EDGE('',*,*,#3551,.F.);
#7027 = ORIENTED_EDGE('',*,*,#7009,.F.);
#7028 = PLANE('',#7029);
#7029 = AXIS2_PLACEMENT_3D('',#7030,#7031,#7032);
#7030 = CARTESIAN_POINT('',(224.895798,58.13707,0.));
#7031 = DIRECTION('',(1.,0.,0.));
#7032 = DIRECTION('',(0.,-1.,0.));
#7033 = ADVANCED_FACE('',(#7034),#7050,.F.);
#7034 = FACE_BOUND('',#7035,.F.);
#7035 = EDGE_LOOP('',(#7036,#7037,#7043,#7044));
#7036 = ORIENTED_EDGE('',*,*,#1256,.F.);
#7037 = ORIENTED_EDGE('',*,*,#7038,.T.);
#7038 = EDGE_CURVE('',#1257,#3604,#7039,.T.);
#7039 = LINE('',#7040,#7041);
#7040 = CARTESIAN_POINT('',(239.347504,39.166824,0.));
#7041 = VECTOR('',#7042,1.);
#7042 = DIRECTION('',(0.,0.,1.));
#7043 = ORIENTED_EDGE('',*,*,#3611,.F.);
#7044 = ORIENTED_EDGE('',*,*,#7045,.F.);
#7045 = EDGE_CURVE('',#1259,#3588,#7046,.T.);
#7046 = LINE('',#7047,#7048);
#7047 = CARTESIAN_POINT('',(253.521606,39.166824,0.));
#7048 = VECTOR('',#7049,1.);
#7049 = DIRECTION('',(0.,0.,1.));
#7050 = PLANE('',#7051);
#7051 = AXIS2_PLACEMENT_3D('',#7052,#7053,#7054);
#7052 = CARTESIAN_POINT('',(239.347504,39.166824,0.));
#7053 = DIRECTION('',(0.,1.,0.));
#7054 = DIRECTION('',(1.,0.,0.));
#7055 = ADVANCED_FACE('',(#7056),#7067,.F.);
#7056 = FACE_BOUND('',#7057,.F.);
#7057 = EDGE_LOOP('',(#7058,#7059,#7065,#7066));
#7058 = ORIENTED_EDGE('',*,*,#1282,.F.);
#7059 = ORIENTED_EDGE('',*,*,#7060,.T.);
#7060 = EDGE_CURVE('',#1275,#3596,#7061,.T.);
#7061 = LINE('',#7062,#7063);
#7062 = CARTESIAN_POINT('',(239.347504,25.188343,0.));
#7063 = VECTOR('',#7064,1.);
#7064 = DIRECTION('',(0.,0.,1.));
#7065 = ORIENTED_EDGE('',*,*,#3603,.F.);
#7066 = ORIENTED_EDGE('',*,*,#7038,.F.);
#7067 = PLANE('',#7068);
#7068 = AXIS2_PLACEMENT_3D('',#7069,#7070,#7071);
#7069 = CARTESIAN_POINT('',(239.347504,25.188343,0.));
#7070 = DIRECTION('',(-1.,0.,0.));
#7071 = DIRECTION('',(0.,1.,0.));
#7072 = ADVANCED_FACE('',(#7073),#7084,.F.);
#7073 = FACE_BOUND('',#7074,.F.);
#7074 = EDGE_LOOP('',(#7075,#7076,#7082,#7083));
#7075 = ORIENTED_EDGE('',*,*,#1274,.F.);
#7076 = ORIENTED_EDGE('',*,*,#7077,.T.);
#7077 = EDGE_CURVE('',#1267,#3586,#7078,.T.);
#7078 = LINE('',#7079,#7080);
#7079 = CARTESIAN_POINT('',(253.521606,25.188343,0.));
#7080 = VECTOR('',#7081,1.);
#7081 = DIRECTION('',(0.,0.,1.));
#7082 = ORIENTED_EDGE('',*,*,#3595,.F.);
#7083 = ORIENTED_EDGE('',*,*,#7060,.F.);
#7084 = PLANE('',#7085);
#7085 = AXIS2_PLACEMENT_3D('',#7086,#7087,#7088);
#7086 = CARTESIAN_POINT('',(253.521606,25.188343,0.));
#7087 = DIRECTION('',(0.,-1.,0.));
#7088 = DIRECTION('',(-1.,0.,0.));
#7089 = ADVANCED_FACE('',(#7090),#7096,.F.);
#7090 = FACE_BOUND('',#7091,.F.);
#7091 = EDGE_LOOP('',(#7092,#7093,#7094,#7095));
#7092 = ORIENTED_EDGE('',*,*,#1266,.F.);
#7093 = ORIENTED_EDGE('',*,*,#7045,.T.);
#7094 = ORIENTED_EDGE('',*,*,#3585,.F.);
#7095 = ORIENTED_EDGE('',*,*,#7077,.F.);
#7096 = PLANE('',#7097);
#7097 = AXIS2_PLACEMENT_3D('',#7098,#7099,#7100);
#7098 = CARTESIAN_POINT('',(253.521606,39.166824,0.));
#7099 = DIRECTION('',(1.,0.,0.));
#7100 = DIRECTION('',(0.,-1.,0.));
#7101 = ADVANCED_FACE('',(#7102),#7118,.F.);
#7102 = FACE_BOUND('',#7103,.F.);
#7103 = EDGE_LOOP('',(#7104,#7105,#7111,#7112));
#7104 = ORIENTED_EDGE('',*,*,#1290,.F.);
#7105 = ORIENTED_EDGE('',*,*,#7106,.T.);
#7106 = EDGE_CURVE('',#1291,#3638,#7107,.T.);
#7107 = LINE('',#7108,#7109);
#7108 = CARTESIAN_POINT('',(265.314789,39.066174,0.));
#7109 = VECTOR('',#7110,1.);
#7110 = DIRECTION('',(0.,0.,1.));
#7111 = ORIENTED_EDGE('',*,*,#3645,.F.);
#7112 = ORIENTED_EDGE('',*,*,#7113,.F.);
#7113 = EDGE_CURVE('',#1293,#3622,#7114,.T.);
#7114 = LINE('',#7115,#7116);
#7115 = CARTESIAN_POINT('',(279.507111,39.066174,0.));
#7116 = VECTOR('',#7117,1.);
#7117 = DIRECTION('',(0.,0.,1.));
#7118 = PLANE('',#7119);
#7119 = AXIS2_PLACEMENT_3D('',#7120,#7121,#7122);
#7120 = CARTESIAN_POINT('',(265.314789,39.066174,0.));
#7121 = DIRECTION('',(0.,1.,0.));
#7122 = DIRECTION('',(1.,0.,0.));
#7123 = ADVANCED_FACE('',(#7124),#7135,.F.);
#7124 = FACE_BOUND('',#7125,.F.);
#7125 = EDGE_LOOP('',(#7126,#7127,#7133,#7134));
#7126 = ORIENTED_EDGE('',*,*,#1316,.F.);
#7127 = ORIENTED_EDGE('',*,*,#7128,.T.);
#7128 = EDGE_CURVE('',#1309,#3630,#7129,.T.);
#7129 = LINE('',#7130,#7131);
#7130 = CARTESIAN_POINT('',(265.314789,25.242496,0.));
#7131 = VECTOR('',#7132,1.);
#7132 = DIRECTION('',(0.,0.,1.));
#7133 = ORIENTED_EDGE('',*,*,#3637,.F.);
#7134 = ORIENTED_EDGE('',*,*,#7106,.F.);
#7135 = PLANE('',#7136);
#7136 = AXIS2_PLACEMENT_3D('',#7137,#7138,#7139);
#7137 = CARTESIAN_POINT('',(265.314789,25.242496,0.));
#7138 = DIRECTION('',(-1.,0.,0.));
#7139 = DIRECTION('',(0.,1.,0.));
#7140 = ADVANCED_FACE('',(#7141),#7152,.F.);
#7141 = FACE_BOUND('',#7142,.F.);
#7142 = EDGE_LOOP('',(#7143,#7144,#7145,#7146));
#7143 = ORIENTED_EDGE('',*,*,#1300,.F.);
#7144 = ORIENTED_EDGE('',*,*,#7113,.T.);
#7145 = ORIENTED_EDGE('',*,*,#3619,.F.);
#7146 = ORIENTED_EDGE('',*,*,#7147,.F.);
#7147 = EDGE_CURVE('',#1301,#3620,#7148,.T.);
#7148 = LINE('',#7149,#7150);
#7149 = CARTESIAN_POINT('',(279.507111,25.242496,0.));
#7150 = VECTOR('',#7151,1.);
#7151 = DIRECTION('',(0.,0.,1.));
#7152 = PLANE('',#7153);
#7153 = AXIS2_PLACEMENT_3D('',#7154,#7155,#7156);
#7154 = CARTESIAN_POINT('',(279.507111,39.066174,0.));
#7155 = DIRECTION('',(1.,0.,0.));
#7156 = DIRECTION('',(0.,-1.,0.));
#7157 = ADVANCED_FACE('',(#7158),#7164,.F.);
#7158 = FACE_BOUND('',#7159,.F.);
#7159 = EDGE_LOOP('',(#7160,#7161,#7162,#7163));
#7160 = ORIENTED_EDGE('',*,*,#1308,.F.);
#7161 = ORIENTED_EDGE('',*,*,#7147,.T.);
#7162 = ORIENTED_EDGE('',*,*,#3629,.F.);
#7163 = ORIENTED_EDGE('',*,*,#7128,.F.);
#7164 = PLANE('',#7165);
#7165 = AXIS2_PLACEMENT_3D('',#7166,#7167,#7168);
#7166 = CARTESIAN_POINT('',(279.507111,25.242496,0.));
#7167 = DIRECTION('',(0.,-1.,0.));
#7168 = DIRECTION('',(-1.,0.,0.));
#7169 = ADVANCED_FACE('',(#7170),#7186,.F.);
#7170 = FACE_BOUND('',#7171,.F.);
#7171 = EDGE_LOOP('',(#7172,#7173,#7179,#7180));
#7172 = ORIENTED_EDGE('',*,*,#1324,.F.);
#7173 = ORIENTED_EDGE('',*,*,#7174,.T.);
#7174 = EDGE_CURVE('',#1325,#3672,#7175,.T.);
#7175 = LINE('',#7176,#7177);
#7176 = CARTESIAN_POINT('',(229.800217,58.094742,0.));
#7177 = VECTOR('',#7178,1.);
#7178 = DIRECTION('',(0.,0.,1.));
#7179 = ORIENTED_EDGE('',*,*,#3679,.F.);
#7180 = ORIENTED_EDGE('',*,*,#7181,.F.);
#7181 = EDGE_CURVE('',#1327,#3656,#7182,.T.);
#7182 = LINE('',#7183,#7184);
#7183 = CARTESIAN_POINT('',(243.806763,58.094742,0.));
#7184 = VECTOR('',#7185,1.);
#7185 = DIRECTION('',(0.,0.,1.));
#7186 = PLANE('',#7187);
#7187 = AXIS2_PLACEMENT_3D('',#7188,#7189,#7190);
#7188 = CARTESIAN_POINT('',(229.800217,58.094742,0.));
#7189 = DIRECTION('',(0.,1.,0.));
#7190 = DIRECTION('',(1.,0.,0.));
#7191 = ADVANCED_FACE('',(#7192),#7203,.F.);
#7192 = FACE_BOUND('',#7193,.F.);
#7193 = EDGE_LOOP('',(#7194,#7195,#7201,#7202));
#7194 = ORIENTED_EDGE('',*,*,#1350,.F.);
#7195 = ORIENTED_EDGE('',*,*,#7196,.T.);
#7196 = EDGE_CURVE('',#1343,#3664,#7197,.T.);
#7197 = LINE('',#7198,#7199);
#7198 = CARTESIAN_POINT('',(229.800217,44.10289,0.));
#7199 = VECTOR('',#7200,1.);
#7200 = DIRECTION('',(0.,0.,1.));
#7201 = ORIENTED_EDGE('',*,*,#3671,.F.);
#7202 = ORIENTED_EDGE('',*,*,#7174,.F.);
#7203 = PLANE('',#7204);
#7204 = AXIS2_PLACEMENT_3D('',#7205,#7206,#7207);
#7205 = CARTESIAN_POINT('',(229.800217,44.10289,0.));
#7206 = DIRECTION('',(-1.,0.,0.));
#7207 = DIRECTION('',(0.,1.,0.));
#7208 = ADVANCED_FACE('',(#7209),#7220,.F.);
#7209 = FACE_BOUND('',#7210,.F.);
#7210 = EDGE_LOOP('',(#7211,#7212,#7218,#7219));
#7211 = ORIENTED_EDGE('',*,*,#1342,.F.);
#7212 = ORIENTED_EDGE('',*,*,#7213,.T.);
#7213 = EDGE_CURVE('',#1335,#3654,#7214,.T.);
#7214 = LINE('',#7215,#7216);
#7215 = CARTESIAN_POINT('',(243.806763,44.10289,0.));
#7216 = VECTOR('',#7217,1.);
#7217 = DIRECTION('',(0.,0.,1.));
#7218 = ORIENTED_EDGE('',*,*,#3663,.F.);
#7219 = ORIENTED_EDGE('',*,*,#7196,.F.);
#7220 = PLANE('',#7221);
#7221 = AXIS2_PLACEMENT_3D('',#7222,#7223,#7224);
#7222 = CARTESIAN_POINT('',(243.806763,44.10289,0.));
#7223 = DIRECTION('',(0.,-1.,0.));
#7224 = DIRECTION('',(-1.,0.,0.));
#7225 = ADVANCED_FACE('',(#7226),#7232,.F.);
#7226 = FACE_BOUND('',#7227,.F.);
#7227 = EDGE_LOOP('',(#7228,#7229,#7230,#7231));
#7228 = ORIENTED_EDGE('',*,*,#1334,.F.);
#7229 = ORIENTED_EDGE('',*,*,#7181,.T.);
#7230 = ORIENTED_EDGE('',*,*,#3653,.F.);
#7231 = ORIENTED_EDGE('',*,*,#7213,.F.);
#7232 = PLANE('',#7233);
#7233 = AXIS2_PLACEMENT_3D('',#7234,#7235,#7236);
#7234 = CARTESIAN_POINT('',(243.806763,58.094742,0.));
#7235 = DIRECTION('',(1.,0.,0.));
#7236 = DIRECTION('',(0.,-1.,0.));
#7237 = ADVANCED_FACE('',(#7238),#7254,.F.);
#7238 = FACE_BOUND('',#7239,.F.);
#7239 = EDGE_LOOP('',(#7240,#7241,#7247,#7248));
#7240 = ORIENTED_EDGE('',*,*,#1358,.F.);
#7241 = ORIENTED_EDGE('',*,*,#7242,.T.);
#7242 = EDGE_CURVE('',#1359,#3706,#7243,.T.);
#7243 = LINE('',#7244,#7245);
#7244 = CARTESIAN_POINT('',(253.553192,58.055431,0.));
#7245 = VECTOR('',#7246,1.);
#7246 = DIRECTION('',(0.,0.,1.));
#7247 = ORIENTED_EDGE('',*,*,#3713,.F.);
#7248 = ORIENTED_EDGE('',*,*,#7249,.F.);
#7249 = EDGE_CURVE('',#1361,#3690,#7250,.T.);
#7250 = LINE('',#7251,#7252);
#7251 = CARTESIAN_POINT('',(267.874603,58.055431,0.));
#7252 = VECTOR('',#7253,1.);
#7253 = DIRECTION('',(0.,0.,1.));
#7254 = PLANE('',#7255);
#7255 = AXIS2_PLACEMENT_3D('',#7256,#7257,#7258);
#7256 = CARTESIAN_POINT('',(253.553192,58.055431,0.));
#7257 = DIRECTION('',(0.,1.,0.));
#7258 = DIRECTION('',(1.,0.,0.));
#7259 = ADVANCED_FACE('',(#7260),#7271,.F.);
#7260 = FACE_BOUND('',#7261,.F.);
#7261 = EDGE_LOOP('',(#7262,#7263,#7269,#7270));
#7262 = ORIENTED_EDGE('',*,*,#1384,.F.);
#7263 = ORIENTED_EDGE('',*,*,#7264,.T.);
#7264 = EDGE_CURVE('',#1377,#3698,#7265,.T.);
#7265 = LINE('',#7266,#7267);
#7266 = CARTESIAN_POINT('',(253.553192,43.976906,0.));
#7267 = VECTOR('',#7268,1.);
#7268 = DIRECTION('',(0.,0.,1.));
#7269 = ORIENTED_EDGE('',*,*,#3705,.F.);
#7270 = ORIENTED_EDGE('',*,*,#7242,.F.);
#7271 = PLANE('',#7272);
#7272 = AXIS2_PLACEMENT_3D('',#7273,#7274,#7275);
#7273 = CARTESIAN_POINT('',(253.553192,43.976906,0.));
#7274 = DIRECTION('',(-1.,0.,0.));
#7275 = DIRECTION('',(0.,1.,0.));
#7276 = ADVANCED_FACE('',(#7277),#7288,.F.);
#7277 = FACE_BOUND('',#7278,.F.);
#7278 = EDGE_LOOP('',(#7279,#7280,#7281,#7282));
#7279 = ORIENTED_EDGE('',*,*,#1368,.F.);
#7280 = ORIENTED_EDGE('',*,*,#7249,.T.);
#7281 = ORIENTED_EDGE('',*,*,#3687,.F.);
#7282 = ORIENTED_EDGE('',*,*,#7283,.F.);
#7283 = EDGE_CURVE('',#1369,#3688,#7284,.T.);
#7284 = LINE('',#7285,#7286);
#7285 = CARTESIAN_POINT('',(267.874603,43.976906,0.));
#7286 = VECTOR('',#7287,1.);
#7287 = DIRECTION('',(0.,0.,1.));
#7288 = PLANE('',#7289);
#7289 = AXIS2_PLACEMENT_3D('',#7290,#7291,#7292);
#7290 = CARTESIAN_POINT('',(267.874603,58.055431,0.));
#7291 = DIRECTION('',(1.,0.,0.));
#7292 = DIRECTION('',(0.,-1.,0.));
#7293 = ADVANCED_FACE('',(#7294),#7300,.F.);
#7294 = FACE_BOUND('',#7295,.F.);
#7295 = EDGE_LOOP('',(#7296,#7297,#7298,#7299));
#7296 = ORIENTED_EDGE('',*,*,#1376,.F.);
#7297 = ORIENTED_EDGE('',*,*,#7283,.T.);
#7298 = ORIENTED_EDGE('',*,*,#3697,.F.);
#7299 = ORIENTED_EDGE('',*,*,#7264,.F.);
#7300 = PLANE('',#7301);
#7301 = AXIS2_PLACEMENT_3D('',#7302,#7303,#7304);
#7302 = CARTESIAN_POINT('',(267.874603,43.976906,0.));
#7303 = DIRECTION('',(0.,-1.,0.));
#7304 = DIRECTION('',(-1.,0.,0.));
#7305 = ADVANCED_FACE('',(#7306),#7322,.F.);
#7306 = FACE_BOUND('',#7307,.F.);
#7307 = EDGE_LOOP('',(#7308,#7309,#7315,#7316));
#7308 = ORIENTED_EDGE('',*,*,#1392,.F.);
#7309 = ORIENTED_EDGE('',*,*,#7310,.T.);
#7310 = EDGE_CURVE('',#1393,#3740,#7311,.T.);
#7311 = LINE('',#7312,#7313);
#7312 = CARTESIAN_POINT('',(281.698273,55.659321,0.));
#7313 = VECTOR('',#7314,1.);
#7314 = DIRECTION('',(0.,0.,1.));
#7315 = ORIENTED_EDGE('',*,*,#3747,.F.);
#7316 = ORIENTED_EDGE('',*,*,#7317,.F.);
#7317 = EDGE_CURVE('',#1395,#3724,#7318,.T.);
#7318 = LINE('',#7319,#7320);
#7319 = CARTESIAN_POINT('',(295.982758,55.659321,0.));
#7320 = VECTOR('',#7321,1.);
#7321 = DIRECTION('',(0.,0.,1.));
#7322 = PLANE('',#7323);
#7323 = AXIS2_PLACEMENT_3D('',#7324,#7325,#7326);
#7324 = CARTESIAN_POINT('',(281.698273,55.659321,0.));
#7325 = DIRECTION('',(0.,1.,0.));
#7326 = DIRECTION('',(1.,0.,0.));
#7327 = ADVANCED_FACE('',(#7328),#7339,.F.);
#7328 = FACE_BOUND('',#7329,.F.);
#7329 = EDGE_LOOP('',(#7330,#7331,#7337,#7338));
#7330 = ORIENTED_EDGE('',*,*,#1418,.F.);
#7331 = ORIENTED_EDGE('',*,*,#7332,.T.);
#7332 = EDGE_CURVE('',#1411,#3732,#7333,.T.);
#7333 = LINE('',#7334,#7335);
#7334 = CARTESIAN_POINT('',(281.698273,41.559174,0.));
#7335 = VECTOR('',#7336,1.);
#7336 = DIRECTION('',(0.,0.,1.));
#7337 = ORIENTED_EDGE('',*,*,#3739,.F.);
#7338 = ORIENTED_EDGE('',*,*,#7310,.F.);
#7339 = PLANE('',#7340);
#7340 = AXIS2_PLACEMENT_3D('',#7341,#7342,#7343);
#7341 = CARTESIAN_POINT('',(281.698273,41.559174,0.));
#7342 = DIRECTION('',(-1.,0.,0.));
#7343 = DIRECTION('',(0.,1.,0.));
#7344 = ADVANCED_FACE('',(#7345),#7356,.F.);
#7345 = FACE_BOUND('',#7346,.F.);
#7346 = EDGE_LOOP('',(#7347,#7348,#7349,#7350));
#7347 = ORIENTED_EDGE('',*,*,#1402,.F.);
#7348 = ORIENTED_EDGE('',*,*,#7317,.T.);
#7349 = ORIENTED_EDGE('',*,*,#3721,.F.);
#7350 = ORIENTED_EDGE('',*,*,#7351,.F.);
#7351 = EDGE_CURVE('',#1403,#3722,#7352,.T.);
#7352 = LINE('',#7353,#7354);
#7353 = CARTESIAN_POINT('',(295.982758,41.559174,0.));
#7354 = VECTOR('',#7355,1.);
#7355 = DIRECTION('',(0.,0.,1.));
#7356 = PLANE('',#7357);
#7357 = AXIS2_PLACEMENT_3D('',#7358,#7359,#7360);
#7358 = CARTESIAN_POINT('',(295.982758,55.659321,0.));
#7359 = DIRECTION('',(1.,0.,0.));
#7360 = DIRECTION('',(0.,-1.,0.));
#7361 = ADVANCED_FACE('',(#7362),#7368,.F.);
#7362 = FACE_BOUND('',#7363,.F.);
#7363 = EDGE_LOOP('',(#7364,#7365,#7366,#7367));
#7364 = ORIENTED_EDGE('',*,*,#1410,.F.);
#7365 = ORIENTED_EDGE('',*,*,#7351,.T.);
#7366 = ORIENTED_EDGE('',*,*,#3731,.F.);
#7367 = ORIENTED_EDGE('',*,*,#7332,.F.);
#7368 = PLANE('',#7369);
#7369 = AXIS2_PLACEMENT_3D('',#7370,#7371,#7372);
#7370 = CARTESIAN_POINT('',(295.982758,41.559174,0.));
#7371 = DIRECTION('',(0.,-1.,0.));
#7372 = DIRECTION('',(-1.,0.,0.));
#7373 = ADVANCED_FACE('',(#7374),#7390,.F.);
#7374 = FACE_BOUND('',#7375,.F.);
#7375 = EDGE_LOOP('',(#7376,#7377,#7383,#7384));
#7376 = ORIENTED_EDGE('',*,*,#1426,.F.);
#7377 = ORIENTED_EDGE('',*,*,#7378,.T.);
#7378 = EDGE_CURVE('',#1427,#3774,#7379,.T.);
#7379 = LINE('',#7380,#7381);
#7380 = CARTESIAN_POINT('',(10.578156,77.184532,0.));
#7381 = VECTOR('',#7382,1.);
#7382 = DIRECTION('',(0.,0.,1.));
#7383 = ORIENTED_EDGE('',*,*,#3781,.F.);
#7384 = ORIENTED_EDGE('',*,*,#7385,.F.);
#7385 = EDGE_CURVE('',#1429,#3758,#7386,.T.);
#7386 = LINE('',#7387,#7388);
#7387 = CARTESIAN_POINT('',(24.601149,77.184532,0.));
#7388 = VECTOR('',#7389,1.);
#7389 = DIRECTION('',(0.,0.,1.));
#7390 = PLANE('',#7391);
#7391 = AXIS2_PLACEMENT_3D('',#7392,#7393,#7394);
#7392 = CARTESIAN_POINT('',(10.578156,77.184532,0.));
#7393 = DIRECTION('',(0.,1.,0.));
#7394 = DIRECTION('',(1.,0.,0.));
#7395 = ADVANCED_FACE('',(#7396),#7407,.F.);
#7396 = FACE_BOUND('',#7397,.F.);
#7397 = EDGE_LOOP('',(#7398,#7399,#7405,#7406));
#7398 = ORIENTED_EDGE('',*,*,#1452,.F.);
#7399 = ORIENTED_EDGE('',*,*,#7400,.T.);
#7400 = EDGE_CURVE('',#1445,#3766,#7401,.T.);
#7401 = LINE('',#7402,#7403);
#7402 = CARTESIAN_POINT('',(10.578156,63.22332,0.));
#7403 = VECTOR('',#7404,1.);
#7404 = DIRECTION('',(0.,0.,1.));
#7405 = ORIENTED_EDGE('',*,*,#3773,.F.);
#7406 = ORIENTED_EDGE('',*,*,#7378,.F.);
#7407 = PLANE('',#7408);
#7408 = AXIS2_PLACEMENT_3D('',#7409,#7410,#7411);
#7409 = CARTESIAN_POINT('',(10.578156,63.22332,0.));
#7410 = DIRECTION('',(-1.,0.,0.));
#7411 = DIRECTION('',(0.,1.,0.));
#7412 = ADVANCED_FACE('',(#7413),#7424,.F.);
#7413 = FACE_BOUND('',#7414,.F.);
#7414 = EDGE_LOOP('',(#7415,#7416,#7417,#7418));
#7415 = ORIENTED_EDGE('',*,*,#1436,.F.);
#7416 = ORIENTED_EDGE('',*,*,#7385,.T.);
#7417 = ORIENTED_EDGE('',*,*,#3755,.F.);
#7418 = ORIENTED_EDGE('',*,*,#7419,.F.);
#7419 = EDGE_CURVE('',#1437,#3756,#7420,.T.);
#7420 = LINE('',#7421,#7422);
#7421 = CARTESIAN_POINT('',(24.601149,63.22332,0.));
#7422 = VECTOR('',#7423,1.);
#7423 = DIRECTION('',(0.,0.,1.));
#7424 = PLANE('',#7425);
#7425 = AXIS2_PLACEMENT_3D('',#7426,#7427,#7428);
#7426 = CARTESIAN_POINT('',(24.601149,77.184532,0.));
#7427 = DIRECTION('',(1.,0.,0.));
#7428 = DIRECTION('',(0.,-1.,0.));
#7429 = ADVANCED_FACE('',(#7430),#7436,.F.);
#7430 = FACE_BOUND('',#7431,.F.);
#7431 = EDGE_LOOP('',(#7432,#7433,#7434,#7435));
#7432 = ORIENTED_EDGE('',*,*,#1444,.F.);
#7433 = ORIENTED_EDGE('',*,*,#7419,.T.);
#7434 = ORIENTED_EDGE('',*,*,#3765,.F.);
#7435 = ORIENTED_EDGE('',*,*,#7400,.F.);
#7436 = PLANE('',#7437);
#7437 = AXIS2_PLACEMENT_3D('',#7438,#7439,#7440);
#7438 = CARTESIAN_POINT('',(24.601149,63.22332,0.));
#7439 = DIRECTION('',(0.,-1.,0.));
#7440 = DIRECTION('',(-1.,0.,0.));
#7441 = ADVANCED_FACE('',(#7442),#7458,.F.);
#7442 = FACE_BOUND('',#7443,.F.);
#7443 = EDGE_LOOP('',(#7444,#7445,#7451,#7452));
#7444 = ORIENTED_EDGE('',*,*,#1460,.F.);
#7445 = ORIENTED_EDGE('',*,*,#7446,.T.);
#7446 = EDGE_CURVE('',#1461,#3808,#7447,.T.);
#7447 = LINE('',#7448,#7449);
#7448 = CARTESIAN_POINT('',(34.176315,77.308075,0.));
#7449 = VECTOR('',#7450,1.);
#7450 = DIRECTION('',(0.,0.,1.));
#7451 = ORIENTED_EDGE('',*,*,#3815,.F.);
#7452 = ORIENTED_EDGE('',*,*,#7453,.F.);
#7453 = EDGE_CURVE('',#1463,#3792,#7454,.T.);
#7454 = LINE('',#7455,#7456);
#7455 = CARTESIAN_POINT('',(48.261086,77.308075,0.));
#7456 = VECTOR('',#7457,1.);
#7457 = DIRECTION('',(0.,0.,1.));
#7458 = PLANE('',#7459);
#7459 = AXIS2_PLACEMENT_3D('',#7460,#7461,#7462);
#7460 = CARTESIAN_POINT('',(34.176315,77.308075,0.));
#7461 = DIRECTION('',(0.,1.,0.));
#7462 = DIRECTION('',(1.,0.,0.));
#7463 = ADVANCED_FACE('',(#7464),#7475,.F.);
#7464 = FACE_BOUND('',#7465,.F.);
#7465 = EDGE_LOOP('',(#7466,#7467,#7473,#7474));
#7466 = ORIENTED_EDGE('',*,*,#1486,.F.);
#7467 = ORIENTED_EDGE('',*,*,#7468,.T.);
#7468 = EDGE_CURVE('',#1479,#3800,#7469,.T.);
#7469 = LINE('',#7470,#7471);
#7470 = CARTESIAN_POINT('',(34.176315,63.223312,0.));
#7471 = VECTOR('',#7472,1.);
#7472 = DIRECTION('',(0.,0.,1.));
#7473 = ORIENTED_EDGE('',*,*,#3807,.F.);
#7474 = ORIENTED_EDGE('',*,*,#7446,.F.);
#7475 = PLANE('',#7476);
#7476 = AXIS2_PLACEMENT_3D('',#7477,#7478,#7479);
#7477 = CARTESIAN_POINT('',(34.176315,63.223312,0.));
#7478 = DIRECTION('',(-1.,0.,0.));
#7479 = DIRECTION('',(0.,1.,0.));
#7480 = ADVANCED_FACE('',(#7481),#7492,.F.);
#7481 = FACE_BOUND('',#7482,.F.);
#7482 = EDGE_LOOP('',(#7483,#7484,#7485,#7486));
#7483 = ORIENTED_EDGE('',*,*,#1470,.F.);
#7484 = ORIENTED_EDGE('',*,*,#7453,.T.);
#7485 = ORIENTED_EDGE('',*,*,#3789,.F.);
#7486 = ORIENTED_EDGE('',*,*,#7487,.F.);
#7487 = EDGE_CURVE('',#1471,#3790,#7488,.T.);
#7488 = LINE('',#7489,#7490);
#7489 = CARTESIAN_POINT('',(48.261086,63.223312,0.));
#7490 = VECTOR('',#7491,1.);
#7491 = DIRECTION('',(0.,0.,1.));
#7492 = PLANE('',#7493);
#7493 = AXIS2_PLACEMENT_3D('',#7494,#7495,#7496);
#7494 = CARTESIAN_POINT('',(48.261086,77.308075,0.));
#7495 = DIRECTION('',(1.,0.,0.));
#7496 = DIRECTION('',(0.,-1.,0.));
#7497 = ADVANCED_FACE('',(#7498),#7504,.F.);
#7498 = FACE_BOUND('',#7499,.F.);
#7499 = EDGE_LOOP('',(#7500,#7501,#7502,#7503));
#7500 = ORIENTED_EDGE('',*,*,#1478,.F.);
#7501 = ORIENTED_EDGE('',*,*,#7487,.T.);
#7502 = ORIENTED_EDGE('',*,*,#3799,.F.);
#7503 = ORIENTED_EDGE('',*,*,#7468,.F.);
#7504 = PLANE('',#7505);
#7505 = AXIS2_PLACEMENT_3D('',#7506,#7507,#7508);
#7506 = CARTESIAN_POINT('',(48.261086,63.223312,0.));
#7507 = DIRECTION('',(0.,-1.,0.));
#7508 = DIRECTION('',(-1.,0.,0.));
#7509 = ADVANCED_FACE('',(#7510),#7526,.F.);
#7510 = FACE_BOUND('',#7511,.F.);
#7511 = EDGE_LOOP('',(#7512,#7513,#7519,#7520));
#7512 = ORIENTED_EDGE('',*,*,#1494,.F.);
#7513 = ORIENTED_EDGE('',*,*,#7514,.T.);
#7514 = EDGE_CURVE('',#1495,#3842,#7515,.T.);
#7515 = LINE('',#7516,#7517);
#7516 = CARTESIAN_POINT('',(53.698143,77.179237,0.));
#7517 = VECTOR('',#7518,1.);
#7518 = DIRECTION('',(0.,0.,1.));
#7519 = ORIENTED_EDGE('',*,*,#3849,.F.);
#7520 = ORIENTED_EDGE('',*,*,#7521,.F.);
#7521 = EDGE_CURVE('',#1497,#3826,#7522,.T.);
#7522 = LINE('',#7523,#7524);
#7523 = CARTESIAN_POINT('',(67.883217,77.179237,0.));
#7524 = VECTOR('',#7525,1.);
#7525 = DIRECTION('',(0.,0.,1.));
#7526 = PLANE('',#7527);
#7527 = AXIS2_PLACEMENT_3D('',#7528,#7529,#7530);
#7528 = CARTESIAN_POINT('',(53.698143,77.179237,0.));
#7529 = DIRECTION('',(0.,1.,0.));
#7530 = DIRECTION('',(1.,0.,0.));
#7531 = ADVANCED_FACE('',(#7532),#7543,.F.);
#7532 = FACE_BOUND('',#7533,.F.);
#7533 = EDGE_LOOP('',(#7534,#7535,#7541,#7542));
#7534 = ORIENTED_EDGE('',*,*,#1520,.F.);
#7535 = ORIENTED_EDGE('',*,*,#7536,.T.);
#7536 = EDGE_CURVE('',#1513,#3834,#7537,.T.);
#7537 = LINE('',#7538,#7539);
#7538 = CARTESIAN_POINT('',(53.698143,63.220528,0.));
#7539 = VECTOR('',#7540,1.);
#7540 = DIRECTION('',(0.,0.,1.));
#7541 = ORIENTED_EDGE('',*,*,#3841,.F.);
#7542 = ORIENTED_EDGE('',*,*,#7514,.F.);
#7543 = PLANE('',#7544);
#7544 = AXIS2_PLACEMENT_3D('',#7545,#7546,#7547);
#7545 = CARTESIAN_POINT('',(53.698143,63.220528,0.));
#7546 = DIRECTION('',(-1.,0.,0.));
#7547 = DIRECTION('',(0.,1.,0.));
#7548 = ADVANCED_FACE('',(#7549),#7560,.F.);
#7549 = FACE_BOUND('',#7550,.F.);
#7550 = EDGE_LOOP('',(#7551,#7552,#7553,#7554));
#7551 = ORIENTED_EDGE('',*,*,#1504,.F.);
#7552 = ORIENTED_EDGE('',*,*,#7521,.T.);
#7553 = ORIENTED_EDGE('',*,*,#3823,.F.);
#7554 = ORIENTED_EDGE('',*,*,#7555,.F.);
#7555 = EDGE_CURVE('',#1505,#3824,#7556,.T.);
#7556 = LINE('',#7557,#7558);
#7557 = CARTESIAN_POINT('',(67.883217,63.220528,0.));
#7558 = VECTOR('',#7559,1.);
#7559 = DIRECTION('',(0.,0.,1.));
#7560 = PLANE('',#7561);
#7561 = AXIS2_PLACEMENT_3D('',#7562,#7563,#7564);
#7562 = CARTESIAN_POINT('',(67.883217,77.179237,0.));
#7563 = DIRECTION('',(1.,0.,0.));
#7564 = DIRECTION('',(0.,-1.,0.));
#7565 = ADVANCED_FACE('',(#7566),#7572,.F.);
#7566 = FACE_BOUND('',#7567,.F.);
#7567 = EDGE_LOOP('',(#7568,#7569,#7570,#7571));
#7568 = ORIENTED_EDGE('',*,*,#1512,.F.);
#7569 = ORIENTED_EDGE('',*,*,#7555,.T.);
#7570 = ORIENTED_EDGE('',*,*,#3833,.F.);
#7571 = ORIENTED_EDGE('',*,*,#7536,.F.);
#7572 = PLANE('',#7573);
#7573 = AXIS2_PLACEMENT_3D('',#7574,#7575,#7576);
#7574 = CARTESIAN_POINT('',(67.883217,63.220528,0.));
#7575 = DIRECTION('',(0.,-1.,0.));
#7576 = DIRECTION('',(-1.,0.,0.));
#7577 = ADVANCED_FACE('',(#7578),#7594,.F.);
#7578 = FACE_BOUND('',#7579,.F.);
#7579 = EDGE_LOOP('',(#7580,#7581,#7587,#7588));
#7580 = ORIENTED_EDGE('',*,*,#1528,.F.);
#7581 = ORIENTED_EDGE('',*,*,#7582,.T.);
#7582 = EDGE_CURVE('',#1529,#3876,#7583,.T.);
#7583 = LINE('',#7584,#7585);
#7584 = CARTESIAN_POINT('',(72.969887,77.18502,0.));
#7585 = VECTOR('',#7586,1.);
#7586 = DIRECTION('',(0.,0.,1.));
#7587 = ORIENTED_EDGE('',*,*,#3883,.F.);
#7588 = ORIENTED_EDGE('',*,*,#7589,.F.);
#7589 = EDGE_CURVE('',#1531,#3860,#7590,.T.);
#7590 = LINE('',#7591,#7592);
#7591 = CARTESIAN_POINT('',(86.928612,77.18502,0.));
#7592 = VECTOR('',#7593,1.);
#7593 = DIRECTION('',(0.,0.,1.));
#7594 = PLANE('',#7595);
#7595 = AXIS2_PLACEMENT_3D('',#7596,#7597,#7598);
#7596 = CARTESIAN_POINT('',(72.969887,77.18502,0.));
#7597 = DIRECTION('',(0.,1.,0.));
#7598 = DIRECTION('',(1.,0.,0.));
#7599 = ADVANCED_FACE('',(#7600),#7611,.F.);
#7600 = FACE_BOUND('',#7601,.F.);
#7601 = EDGE_LOOP('',(#7602,#7603,#7609,#7610));
#7602 = ORIENTED_EDGE('',*,*,#1554,.F.);
#7603 = ORIENTED_EDGE('',*,*,#7604,.T.);
#7604 = EDGE_CURVE('',#1547,#3868,#7605,.T.);
#7605 = LINE('',#7606,#7607);
#7606 = CARTESIAN_POINT('',(72.969887,63.15086,0.));
#7607 = VECTOR('',#7608,1.);
#7608 = DIRECTION('',(0.,0.,1.));
#7609 = ORIENTED_EDGE('',*,*,#3875,.F.);
#7610 = ORIENTED_EDGE('',*,*,#7582,.F.);
#7611 = PLANE('',#7612);
#7612 = AXIS2_PLACEMENT_3D('',#7613,#7614,#7615);
#7613 = CARTESIAN_POINT('',(72.969887,63.15086,0.));
#7614 = DIRECTION('',(-1.,0.,0.));
#7615 = DIRECTION('',(0.,1.,0.));
#7616 = ADVANCED_FACE('',(#7617),#7628,.F.);
#7617 = FACE_BOUND('',#7618,.F.);
#7618 = EDGE_LOOP('',(#7619,#7620,#7621,#7622));
#7619 = ORIENTED_EDGE('',*,*,#1538,.F.);
#7620 = ORIENTED_EDGE('',*,*,#7589,.T.);
#7621 = ORIENTED_EDGE('',*,*,#3857,.F.);
#7622 = ORIENTED_EDGE('',*,*,#7623,.F.);
#7623 = EDGE_CURVE('',#1539,#3858,#7624,.T.);
#7624 = LINE('',#7625,#7626);
#7625 = CARTESIAN_POINT('',(86.928612,63.15086,0.));
#7626 = VECTOR('',#7627,1.);
#7627 = DIRECTION('',(0.,0.,1.));
#7628 = PLANE('',#7629);
#7629 = AXIS2_PLACEMENT_3D('',#7630,#7631,#7632);
#7630 = CARTESIAN_POINT('',(86.928612,77.18502,0.));
#7631 = DIRECTION('',(1.,0.,0.));
#7632 = DIRECTION('',(0.,-1.,0.));
#7633 = ADVANCED_FACE('',(#7634),#7640,.F.);
#7634 = FACE_BOUND('',#7635,.F.);
#7635 = EDGE_LOOP('',(#7636,#7637,#7638,#7639));
#7636 = ORIENTED_EDGE('',*,*,#1546,.F.);
#7637 = ORIENTED_EDGE('',*,*,#7623,.T.);
#7638 = ORIENTED_EDGE('',*,*,#3867,.F.);
#7639 = ORIENTED_EDGE('',*,*,#7604,.F.);
#7640 = PLANE('',#7641);
#7641 = AXIS2_PLACEMENT_3D('',#7642,#7643,#7644);
#7642 = CARTESIAN_POINT('',(86.928612,63.15086,0.));
#7643 = DIRECTION('',(0.,-1.,0.));
#7644 = DIRECTION('',(-1.,0.,0.));
#7645 = ADVANCED_FACE('',(#7646),#7662,.F.);
#7646 = FACE_BOUND('',#7647,.F.);
#7647 = EDGE_LOOP('',(#7648,#7649,#7655,#7656));
#7648 = ORIENTED_EDGE('',*,*,#1562,.F.);
#7649 = ORIENTED_EDGE('',*,*,#7650,.T.);
#7650 = EDGE_CURVE('',#1563,#3910,#7651,.T.);
#7651 = LINE('',#7652,#7653);
#7652 = CARTESIAN_POINT('',(91.977104,77.140495,0.));
#7653 = VECTOR('',#7654,1.);
#7654 = DIRECTION('',(0.,0.,1.));
#7655 = ORIENTED_EDGE('',*,*,#3917,.F.);
#7656 = ORIENTED_EDGE('',*,*,#7657,.F.);
#7657 = EDGE_CURVE('',#1565,#3894,#7658,.T.);
#7658 = LINE('',#7659,#7660);
#7659 = CARTESIAN_POINT('',(106.061874,77.140495,0.));
#7660 = VECTOR('',#7661,1.);
#7661 = DIRECTION('',(0.,0.,1.));
#7662 = PLANE('',#7663);
#7663 = AXIS2_PLACEMENT_3D('',#7664,#7665,#7666);
#7664 = CARTESIAN_POINT('',(91.977104,77.140495,0.));
#7665 = DIRECTION('',(0.,1.,0.));
#7666 = DIRECTION('',(1.,0.,0.));
#7667 = ADVANCED_FACE('',(#7668),#7679,.F.);
#7668 = FACE_BOUND('',#7669,.F.);
#7669 = EDGE_LOOP('',(#7670,#7671,#7677,#7678));
#7670 = ORIENTED_EDGE('',*,*,#1588,.F.);
#7671 = ORIENTED_EDGE('',*,*,#7672,.T.);
#7672 = EDGE_CURVE('',#1581,#3902,#7673,.T.);
#7673 = LINE('',#7674,#7675);
#7674 = CARTESIAN_POINT('',(91.977104,63.179283,0.));
#7675 = VECTOR('',#7676,1.);
#7676 = DIRECTION('',(0.,0.,1.));
#7677 = ORIENTED_EDGE('',*,*,#3909,.F.);
#7678 = ORIENTED_EDGE('',*,*,#7650,.F.);
#7679 = PLANE('',#7680);
#7680 = AXIS2_PLACEMENT_3D('',#7681,#7682,#7683);
#7681 = CARTESIAN_POINT('',(91.977104,63.179283,0.));
#7682 = DIRECTION('',(-1.,0.,0.));
#7683 = DIRECTION('',(0.,1.,0.));
#7684 = ADVANCED_FACE('',(#7685),#7696,.F.);
#7685 = FACE_BOUND('',#7686,.F.);
#7686 = EDGE_LOOP('',(#7687,#7688,#7689,#7690));
#7687 = ORIENTED_EDGE('',*,*,#1572,.F.);
#7688 = ORIENTED_EDGE('',*,*,#7657,.T.);
#7689 = ORIENTED_EDGE('',*,*,#3891,.F.);
#7690 = ORIENTED_EDGE('',*,*,#7691,.F.);
#7691 = EDGE_CURVE('',#1573,#3892,#7692,.T.);
#7692 = LINE('',#7693,#7694);
#7693 = CARTESIAN_POINT('',(106.061874,63.179283,0.));
#7694 = VECTOR('',#7695,1.);
#7695 = DIRECTION('',(0.,0.,1.));
#7696 = PLANE('',#7697);
#7697 = AXIS2_PLACEMENT_3D('',#7698,#7699,#7700);
#7698 = CARTESIAN_POINT('',(106.061874,77.140495,0.));
#7699 = DIRECTION('',(1.,0.,0.));
#7700 = DIRECTION('',(0.,-1.,0.));
#7701 = ADVANCED_FACE('',(#7702),#7708,.F.);
#7702 = FACE_BOUND('',#7703,.F.);
#7703 = EDGE_LOOP('',(#7704,#7705,#7706,#7707));
#7704 = ORIENTED_EDGE('',*,*,#1580,.F.);
#7705 = ORIENTED_EDGE('',*,*,#7691,.T.);
#7706 = ORIENTED_EDGE('',*,*,#3901,.F.);
#7707 = ORIENTED_EDGE('',*,*,#7672,.F.);
#7708 = PLANE('',#7709);
#7709 = AXIS2_PLACEMENT_3D('',#7710,#7711,#7712);
#7710 = CARTESIAN_POINT('',(106.061874,63.179283,0.));
#7711 = DIRECTION('',(0.,-1.,0.));
#7712 = DIRECTION('',(-1.,0.,0.));
#7713 = ADVANCED_FACE('',(#7714),#7730,.F.);
#7714 = FACE_BOUND('',#7715,.F.);
#7715 = EDGE_LOOP('',(#7716,#7717,#7723,#7724));
#7716 = ORIENTED_EDGE('',*,*,#1596,.F.);
#7717 = ORIENTED_EDGE('',*,*,#7718,.T.);
#7718 = EDGE_CURVE('',#1597,#3944,#7719,.T.);
#7719 = LINE('',#7720,#7721);
#7720 = CARTESIAN_POINT('',(111.274422,77.052162,0.));
#7721 = VECTOR('',#7722,1.);
#7722 = DIRECTION('',(0.,0.,1.));
#7723 = ORIENTED_EDGE('',*,*,#3951,.F.);
#7724 = ORIENTED_EDGE('',*,*,#7725,.F.);
#7725 = EDGE_CURVE('',#1599,#3928,#7726,.T.);
#7726 = LINE('',#7727,#7728);
#7727 = CARTESIAN_POINT('',(125.235641,77.052162,0.));
#7728 = VECTOR('',#7729,1.);
#7729 = DIRECTION('',(0.,0.,1.));
#7730 = PLANE('',#7731);
#7731 = AXIS2_PLACEMENT_3D('',#7732,#7733,#7734);
#7732 = CARTESIAN_POINT('',(111.274422,77.052162,0.));
#7733 = DIRECTION('',(0.,1.,0.));
#7734 = DIRECTION('',(1.,0.,0.));
#7735 = ADVANCED_FACE('',(#7736),#7747,.F.);
#7736 = FACE_BOUND('',#7737,.F.);
#7737 = EDGE_LOOP('',(#7738,#7739,#7745,#7746));
#7738 = ORIENTED_EDGE('',*,*,#1622,.F.);
#7739 = ORIENTED_EDGE('',*,*,#7740,.T.);
#7740 = EDGE_CURVE('',#1615,#3936,#7741,.T.);
#7741 = LINE('',#7742,#7743);
#7742 = CARTESIAN_POINT('',(111.274422,63.152721,0.));
#7743 = VECTOR('',#7744,1.);
#7744 = DIRECTION('',(0.,0.,1.));
#7745 = ORIENTED_EDGE('',*,*,#3943,.F.);
#7746 = ORIENTED_EDGE('',*,*,#7718,.F.);
#7747 = PLANE('',#7748);
#7748 = AXIS2_PLACEMENT_3D('',#7749,#7750,#7751);
#7749 = CARTESIAN_POINT('',(111.274422,63.152721,0.));
#7750 = DIRECTION('',(-1.,0.,0.));
#7751 = DIRECTION('',(0.,1.,0.));
#7752 = ADVANCED_FACE('',(#7753),#7764,.F.);
#7753 = FACE_BOUND('',#7754,.F.);
#7754 = EDGE_LOOP('',(#7755,#7756,#7757,#7758));
#7755 = ORIENTED_EDGE('',*,*,#1606,.F.);
#7756 = ORIENTED_EDGE('',*,*,#7725,.T.);
#7757 = ORIENTED_EDGE('',*,*,#3925,.F.);
#7758 = ORIENTED_EDGE('',*,*,#7759,.F.);
#7759 = EDGE_CURVE('',#1607,#3926,#7760,.T.);
#7760 = LINE('',#7761,#7762);
#7761 = CARTESIAN_POINT('',(125.235641,63.152721,0.));
#7762 = VECTOR('',#7763,1.);
#7763 = DIRECTION('',(0.,0.,1.));
#7764 = PLANE('',#7765);
#7765 = AXIS2_PLACEMENT_3D('',#7766,#7767,#7768);
#7766 = CARTESIAN_POINT('',(125.235641,77.052162,0.));
#7767 = DIRECTION('',(1.,0.,0.));
#7768 = DIRECTION('',(0.,-1.,0.));
#7769 = ADVANCED_FACE('',(#7770),#7776,.F.);
#7770 = FACE_BOUND('',#7771,.F.);
#7771 = EDGE_LOOP('',(#7772,#7773,#7774,#7775));
#7772 = ORIENTED_EDGE('',*,*,#1614,.F.);
#7773 = ORIENTED_EDGE('',*,*,#7759,.T.);
#7774 = ORIENTED_EDGE('',*,*,#3935,.F.);
#7775 = ORIENTED_EDGE('',*,*,#7740,.F.);
#7776 = PLANE('',#7777);
#7777 = AXIS2_PLACEMENT_3D('',#7778,#7779,#7780);
#7778 = CARTESIAN_POINT('',(125.235641,63.152721,0.));
#7779 = DIRECTION('',(0.,-1.,0.));
#7780 = DIRECTION('',(-1.,0.,0.));
#7781 = ADVANCED_FACE('',(#7782),#7798,.F.);
#7782 = FACE_BOUND('',#7783,.F.);
#7783 = EDGE_LOOP('',(#7784,#7785,#7791,#7792));
#7784 = ORIENTED_EDGE('',*,*,#1630,.F.);
#7785 = ORIENTED_EDGE('',*,*,#7786,.T.);
#7786 = EDGE_CURVE('',#1631,#3978,#7787,.T.);
#7787 = LINE('',#7788,#7789);
#7788 = CARTESIAN_POINT('',(130.239441,77.23748,0.));
#7789 = VECTOR('',#7790,1.);
#7790 = DIRECTION('',(0.,0.,1.));
#7791 = ORIENTED_EDGE('',*,*,#3985,.F.);
#7792 = ORIENTED_EDGE('',*,*,#7793,.F.);
#7793 = EDGE_CURVE('',#1633,#3962,#7794,.T.);
#7794 = LINE('',#7795,#7796);
#7795 = CARTESIAN_POINT('',(144.447754,77.23748,0.));
#7796 = VECTOR('',#7797,1.);
#7797 = DIRECTION('',(0.,0.,1.));
#7798 = PLANE('',#7799);
#7799 = AXIS2_PLACEMENT_3D('',#7800,#7801,#7802);
#7800 = CARTESIAN_POINT('',(130.239441,77.23748,0.));
#7801 = DIRECTION('',(0.,1.,0.));
#7802 = DIRECTION('',(1.,0.,0.));
#7803 = ADVANCED_FACE('',(#7804),#7815,.F.);
#7804 = FACE_BOUND('',#7805,.F.);
#7805 = EDGE_LOOP('',(#7806,#7807,#7813,#7814));
#7806 = ORIENTED_EDGE('',*,*,#1656,.F.);
#7807 = ORIENTED_EDGE('',*,*,#7808,.T.);
#7808 = EDGE_CURVE('',#1649,#3970,#7809,.T.);
#7809 = LINE('',#7810,#7811);
#7810 = CARTESIAN_POINT('',(130.239441,63.214493,0.));
#7811 = VECTOR('',#7812,1.);
#7812 = DIRECTION('',(0.,0.,1.));
#7813 = ORIENTED_EDGE('',*,*,#3977,.F.);
#7814 = ORIENTED_EDGE('',*,*,#7786,.F.);
#7815 = PLANE('',#7816);
#7816 = AXIS2_PLACEMENT_3D('',#7817,#7818,#7819);
#7817 = CARTESIAN_POINT('',(130.239441,63.214493,0.));
#7818 = DIRECTION('',(-1.,0.,0.));
#7819 = DIRECTION('',(0.,1.,0.));
#7820 = ADVANCED_FACE('',(#7821),#7832,.F.);
#7821 = FACE_BOUND('',#7822,.F.);
#7822 = EDGE_LOOP('',(#7823,#7824,#7825,#7826));
#7823 = ORIENTED_EDGE('',*,*,#1640,.F.);
#7824 = ORIENTED_EDGE('',*,*,#7793,.T.);
#7825 = ORIENTED_EDGE('',*,*,#3959,.F.);
#7826 = ORIENTED_EDGE('',*,*,#7827,.F.);
#7827 = EDGE_CURVE('',#1641,#3960,#7828,.T.);
#7828 = LINE('',#7829,#7830);
#7829 = CARTESIAN_POINT('',(144.447754,63.214493,0.));
#7830 = VECTOR('',#7831,1.);
#7831 = DIRECTION('',(0.,0.,1.));
#7832 = PLANE('',#7833);
#7833 = AXIS2_PLACEMENT_3D('',#7834,#7835,#7836);
#7834 = CARTESIAN_POINT('',(144.447754,77.23748,0.));
#7835 = DIRECTION('',(1.,0.,0.));
#7836 = DIRECTION('',(0.,-1.,0.));
#7837 = ADVANCED_FACE('',(#7838),#7844,.F.);
#7838 = FACE_BOUND('',#7839,.F.);
#7839 = EDGE_LOOP('',(#7840,#7841,#7842,#7843));
#7840 = ORIENTED_EDGE('',*,*,#1648,.F.);
#7841 = ORIENTED_EDGE('',*,*,#7827,.T.);
#7842 = ORIENTED_EDGE('',*,*,#3969,.F.);
#7843 = ORIENTED_EDGE('',*,*,#7808,.F.);
#7844 = PLANE('',#7845);
#7845 = AXIS2_PLACEMENT_3D('',#7846,#7847,#7848);
#7846 = CARTESIAN_POINT('',(144.447754,63.214493,0.));
#7847 = DIRECTION('',(0.,-1.,0.));
#7848 = DIRECTION('',(-1.,0.,0.));
#7849 = ADVANCED_FACE('',(#7850),#7866,.F.);
#7850 = FACE_BOUND('',#7851,.F.);
#7851 = EDGE_LOOP('',(#7852,#7853,#7859,#7860));
#7852 = ORIENTED_EDGE('',*,*,#1664,.F.);
#7853 = ORIENTED_EDGE('',*,*,#7854,.T.);
#7854 = EDGE_CURVE('',#1665,#4012,#7855,.T.);
#7855 = LINE('',#7856,#7857);
#7856 = CARTESIAN_POINT('',(5.965772,96.749092,0.));
#7857 = VECTOR('',#7858,1.);
#7858 = DIRECTION('',(0.,0.,1.));
#7859 = ORIENTED_EDGE('',*,*,#4019,.F.);
#7860 = ORIENTED_EDGE('',*,*,#7861,.F.);
#7861 = EDGE_CURVE('',#1667,#3996,#7862,.T.);
#7862 = LINE('',#7863,#7864);
#7863 = CARTESIAN_POINT('',(20.190042,96.749092,0.));
#7864 = VECTOR('',#7865,1.);
#7865 = DIRECTION('',(0.,0.,1.));
#7866 = PLANE('',#7867);
#7867 = AXIS2_PLACEMENT_3D('',#7868,#7869,#7870);
#7868 = CARTESIAN_POINT('',(5.965772,96.749092,0.));
#7869 = DIRECTION('',(0.,1.,0.));
#7870 = DIRECTION('',(1.,0.,0.));
#7871 = ADVANCED_FACE('',(#7872),#7883,.F.);
#7872 = FACE_BOUND('',#7873,.F.);
#7873 = EDGE_LOOP('',(#7874,#7875,#7881,#7882));
#7874 = ORIENTED_EDGE('',*,*,#1690,.F.);
#7875 = ORIENTED_EDGE('',*,*,#7876,.T.);
#7876 = EDGE_CURVE('',#1683,#4004,#7877,.T.);
#7877 = LINE('',#7878,#7879);
#7878 = CARTESIAN_POINT('',(5.965772,82.700844,0.));
#7879 = VECTOR('',#7880,1.);
#7880 = DIRECTION('',(0.,0.,1.));
#7881 = ORIENTED_EDGE('',*,*,#4011,.F.);
#7882 = ORIENTED_EDGE('',*,*,#7854,.F.);
#7883 = PLANE('',#7884);
#7884 = AXIS2_PLACEMENT_3D('',#7885,#7886,#7887);
#7885 = CARTESIAN_POINT('',(5.965772,82.700844,0.));
#7886 = DIRECTION('',(-1.,0.,0.));
#7887 = DIRECTION('',(0.,1.,0.));
#7888 = ADVANCED_FACE('',(#7889),#7900,.F.);
#7889 = FACE_BOUND('',#7890,.F.);
#7890 = EDGE_LOOP('',(#7891,#7892,#7893,#7894));
#7891 = ORIENTED_EDGE('',*,*,#1674,.F.);
#7892 = ORIENTED_EDGE('',*,*,#7861,.T.);
#7893 = ORIENTED_EDGE('',*,*,#3993,.F.);
#7894 = ORIENTED_EDGE('',*,*,#7895,.F.);
#7895 = EDGE_CURVE('',#1675,#3994,#7896,.T.);
#7896 = LINE('',#7897,#7898);
#7897 = CARTESIAN_POINT('',(20.190042,82.700844,0.));
#7898 = VECTOR('',#7899,1.);
#7899 = DIRECTION('',(0.,0.,1.));
#7900 = PLANE('',#7901);
#7901 = AXIS2_PLACEMENT_3D('',#7902,#7903,#7904);
#7902 = CARTESIAN_POINT('',(20.190042,96.749092,0.));
#7903 = DIRECTION('',(1.,0.,0.));
#7904 = DIRECTION('',(0.,-1.,0.));
#7905 = ADVANCED_FACE('',(#7906),#7912,.F.);
#7906 = FACE_BOUND('',#7907,.F.);
#7907 = EDGE_LOOP('',(#7908,#7909,#7910,#7911));
#7908 = ORIENTED_EDGE('',*,*,#1682,.F.);
#7909 = ORIENTED_EDGE('',*,*,#7895,.T.);
#7910 = ORIENTED_EDGE('',*,*,#4003,.F.);
#7911 = ORIENTED_EDGE('',*,*,#7876,.F.);
#7912 = PLANE('',#7913);
#7913 = AXIS2_PLACEMENT_3D('',#7914,#7915,#7916);
#7914 = CARTESIAN_POINT('',(20.190042,82.700844,0.));
#7915 = DIRECTION('',(0.,-1.,0.));
#7916 = DIRECTION('',(-1.,0.,0.));
#7917 = ADVANCED_FACE('',(#7918),#7934,.F.);
#7918 = FACE_BOUND('',#7919,.F.);
#7919 = EDGE_LOOP('',(#7920,#7921,#7927,#7928));
#7920 = ORIENTED_EDGE('',*,*,#1698,.F.);
#7921 = ORIENTED_EDGE('',*,*,#7922,.T.);
#7922 = EDGE_CURVE('',#1699,#4046,#7923,.T.);
#7923 = LINE('',#7924,#7925);
#7924 = CARTESIAN_POINT('',(24.717196,96.749084,0.));
#7925 = VECTOR('',#7926,1.);
#7926 = DIRECTION('',(0.,0.,1.));
#7927 = ORIENTED_EDGE('',*,*,#4053,.F.);
#7928 = ORIENTED_EDGE('',*,*,#7929,.F.);
#7929 = EDGE_CURVE('',#1701,#4030,#7930,.T.);
#7930 = LINE('',#7931,#7932);
#7931 = CARTESIAN_POINT('',(38.977734,96.749084,0.));
#7932 = VECTOR('',#7933,1.);
#7933 = DIRECTION('',(0.,0.,1.));
#7934 = PLANE('',#7935);
#7935 = AXIS2_PLACEMENT_3D('',#7936,#7937,#7938);
#7936 = CARTESIAN_POINT('',(24.717196,96.749084,0.));
#7937 = DIRECTION('',(0.,1.,0.));
#7938 = DIRECTION('',(1.,0.,0.));
#7939 = ADVANCED_FACE('',(#7940),#7951,.F.);
#7940 = FACE_BOUND('',#7941,.F.);
#7941 = EDGE_LOOP('',(#7942,#7943,#7949,#7950));
#7942 = ORIENTED_EDGE('',*,*,#1724,.F.);
#7943 = ORIENTED_EDGE('',*,*,#7944,.T.);
#7944 = EDGE_CURVE('',#1717,#4038,#7945,.T.);
#7945 = LINE('',#7946,#7947);
#7946 = CARTESIAN_POINT('',(24.717196,82.488556,0.));
#7947 = VECTOR('',#7948,1.);
#7948 = DIRECTION('',(0.,0.,1.));
#7949 = ORIENTED_EDGE('',*,*,#4045,.F.);
#7950 = ORIENTED_EDGE('',*,*,#7922,.F.);
#7951 = PLANE('',#7952);
#7952 = AXIS2_PLACEMENT_3D('',#7953,#7954,#7955);
#7953 = CARTESIAN_POINT('',(24.717196,82.488556,0.));
#7954 = DIRECTION('',(-1.,0.,0.));
#7955 = DIRECTION('',(0.,1.,0.));
#7956 = ADVANCED_FACE('',(#7957),#7968,.F.);
#7957 = FACE_BOUND('',#7958,.F.);
#7958 = EDGE_LOOP('',(#7959,#7960,#7961,#7962));
#7959 = ORIENTED_EDGE('',*,*,#1708,.F.);
#7960 = ORIENTED_EDGE('',*,*,#7929,.T.);
#7961 = ORIENTED_EDGE('',*,*,#4027,.F.);
#7962 = ORIENTED_EDGE('',*,*,#7963,.F.);
#7963 = EDGE_CURVE('',#1709,#4028,#7964,.T.);
#7964 = LINE('',#7965,#7966);
#7965 = CARTESIAN_POINT('',(38.977734,82.488556,0.));
#7966 = VECTOR('',#7967,1.);
#7967 = DIRECTION('',(0.,0.,1.));
#7968 = PLANE('',#7969);
#7969 = AXIS2_PLACEMENT_3D('',#7970,#7971,#7972);
#7970 = CARTESIAN_POINT('',(38.977734,96.749084,0.));
#7971 = DIRECTION('',(1.,0.,0.));
#7972 = DIRECTION('',(0.,-1.,0.));
#7973 = ADVANCED_FACE('',(#7974),#7980,.F.);
#7974 = FACE_BOUND('',#7975,.F.);
#7975 = EDGE_LOOP('',(#7976,#7977,#7978,#7979));
#7976 = ORIENTED_EDGE('',*,*,#1716,.F.);
#7977 = ORIENTED_EDGE('',*,*,#7963,.T.);
#7978 = ORIENTED_EDGE('',*,*,#4037,.F.);
#7979 = ORIENTED_EDGE('',*,*,#7944,.F.);
#7980 = PLANE('',#7981);
#7981 = AXIS2_PLACEMENT_3D('',#7982,#7983,#7984);
#7982 = CARTESIAN_POINT('',(38.977734,82.488556,0.));
#7983 = DIRECTION('',(0.,-1.,0.));
#7984 = DIRECTION('',(-1.,0.,0.));
#7985 = ADVANCED_FACE('',(#7986),#8002,.F.);
#7986 = FACE_BOUND('',#7987,.F.);
#7987 = EDGE_LOOP('',(#7988,#7989,#7995,#7996));
#7988 = ORIENTED_EDGE('',*,*,#1732,.F.);
#7989 = ORIENTED_EDGE('',*,*,#7990,.T.);
#7990 = EDGE_CURVE('',#1733,#4080,#7991,.T.);
#7991 = LINE('',#7992,#7993);
#7992 = CARTESIAN_POINT('',(43.74028,96.578804,0.));
#7993 = VECTOR('',#7994,1.);
#7994 = DIRECTION('',(0.,0.,1.));
#7995 = ORIENTED_EDGE('',*,*,#4087,.F.);
#7996 = ORIENTED_EDGE('',*,*,#7997,.F.);
#7997 = EDGE_CURVE('',#1735,#4064,#7998,.T.);
#7998 = LINE('',#7999,#8000);
#7999 = CARTESIAN_POINT('',(57.849911,96.578804,0.));
#8000 = VECTOR('',#8001,1.);
#8001 = DIRECTION('',(0.,0.,1.));
#8002 = PLANE('',#8003);
#8003 = AXIS2_PLACEMENT_3D('',#8004,#8005,#8006);
#8004 = CARTESIAN_POINT('',(43.74028,96.578804,0.));
#8005 = DIRECTION('',(0.,1.,0.));
#8006 = DIRECTION('',(1.,0.,0.));
#8007 = ADVANCED_FACE('',(#8008),#8019,.F.);
#8008 = FACE_BOUND('',#8009,.F.);
#8009 = EDGE_LOOP('',(#8010,#8011,#8017,#8018));
#8010 = ORIENTED_EDGE('',*,*,#1758,.F.);
#8011 = ORIENTED_EDGE('',*,*,#8012,.T.);
#8012 = EDGE_CURVE('',#1751,#4072,#8013,.T.);
#8013 = LINE('',#8014,#8015);
#8014 = CARTESIAN_POINT('',(43.74028,82.393723,0.));
#8015 = VECTOR('',#8016,1.);
#8016 = DIRECTION('',(0.,0.,1.));
#8017 = ORIENTED_EDGE('',*,*,#4079,.F.);
#8018 = ORIENTED_EDGE('',*,*,#7990,.F.);
#8019 = PLANE('',#8020);
#8020 = AXIS2_PLACEMENT_3D('',#8021,#8022,#8023);
#8021 = CARTESIAN_POINT('',(43.74028,82.393723,0.));
#8022 = DIRECTION('',(-1.,0.,0.));
#8023 = DIRECTION('',(0.,1.,0.));
#8024 = ADVANCED_FACE('',(#8025),#8036,.F.);
#8025 = FACE_BOUND('',#8026,.F.);
#8026 = EDGE_LOOP('',(#8027,#8028,#8029,#8030));
#8027 = ORIENTED_EDGE('',*,*,#1742,.F.);
#8028 = ORIENTED_EDGE('',*,*,#7997,.T.);
#8029 = ORIENTED_EDGE('',*,*,#4061,.F.);
#8030 = ORIENTED_EDGE('',*,*,#8031,.F.);
#8031 = EDGE_CURVE('',#1743,#4062,#8032,.T.);
#8032 = LINE('',#8033,#8034);
#8033 = CARTESIAN_POINT('',(57.849911,82.393723,0.));
#8034 = VECTOR('',#8035,1.);
#8035 = DIRECTION('',(0.,0.,1.));
#8036 = PLANE('',#8037);
#8037 = AXIS2_PLACEMENT_3D('',#8038,#8039,#8040);
#8038 = CARTESIAN_POINT('',(57.849911,96.578804,0.));
#8039 = DIRECTION('',(1.,0.,0.));
#8040 = DIRECTION('',(0.,-1.,0.));
#8041 = ADVANCED_FACE('',(#8042),#8048,.F.);
#8042 = FACE_BOUND('',#8043,.F.);
#8043 = EDGE_LOOP('',(#8044,#8045,#8046,#8047));
#8044 = ORIENTED_EDGE('',*,*,#1750,.F.);
#8045 = ORIENTED_EDGE('',*,*,#8031,.T.);
#8046 = ORIENTED_EDGE('',*,*,#4071,.F.);
#8047 = ORIENTED_EDGE('',*,*,#8012,.F.);
#8048 = PLANE('',#8049);
#8049 = AXIS2_PLACEMENT_3D('',#8050,#8051,#8052);
#8050 = CARTESIAN_POINT('',(57.849911,82.393723,0.));
#8051 = DIRECTION('',(0.,-1.,0.));
#8052 = DIRECTION('',(-1.,0.,0.));
#8053 = ADVANCED_FACE('',(#8054),#8070,.F.);
#8054 = FACE_BOUND('',#8055,.F.);
#8055 = EDGE_LOOP('',(#8056,#8057,#8063,#8064));
#8056 = ORIENTED_EDGE('',*,*,#1766,.F.);
#8057 = ORIENTED_EDGE('',*,*,#8058,.T.);
#8058 = EDGE_CURVE('',#1767,#4114,#8059,.T.);
#8059 = LINE('',#8060,#8061);
#8060 = CARTESIAN_POINT('',(62.989738,96.652122,0.));
#8061 = VECTOR('',#8062,1.);
#8062 = DIRECTION('',(0.,0.,1.));
#8063 = ORIENTED_EDGE('',*,*,#4121,.F.);
#8064 = ORIENTED_EDGE('',*,*,#8065,.F.);
#8065 = EDGE_CURVE('',#1769,#4098,#8066,.T.);
#8066 = LINE('',#8067,#8068);
#8067 = CARTESIAN_POINT('',(77.366386,96.652122,0.));
#8068 = VECTOR('',#8069,1.);
#8069 = DIRECTION('',(0.,0.,1.));
#8070 = PLANE('',#8071);
#8071 = AXIS2_PLACEMENT_3D('',#8072,#8073,#8074);
#8072 = CARTESIAN_POINT('',(62.989738,96.652122,0.));
#8073 = DIRECTION('',(0.,1.,0.));
#8074 = DIRECTION('',(1.,0.,0.));
#8075 = ADVANCED_FACE('',(#8076),#8087,.F.);
#8076 = FACE_BOUND('',#8077,.F.);
#8077 = EDGE_LOOP('',(#8078,#8079,#8085,#8086));
#8078 = ORIENTED_EDGE('',*,*,#1792,.F.);
#8079 = ORIENTED_EDGE('',*,*,#8080,.T.);
#8080 = EDGE_CURVE('',#1785,#4106,#8081,.T.);
#8081 = LINE('',#8082,#8083);
#8082 = CARTESIAN_POINT('',(62.989738,82.459801,0.));
#8083 = VECTOR('',#8084,1.);
#8084 = DIRECTION('',(0.,0.,1.));
#8085 = ORIENTED_EDGE('',*,*,#4113,.F.);
#8086 = ORIENTED_EDGE('',*,*,#8058,.F.);
#8087 = PLANE('',#8088);
#8088 = AXIS2_PLACEMENT_3D('',#8089,#8090,#8091);
#8089 = CARTESIAN_POINT('',(62.989738,82.459801,0.));
#8090 = DIRECTION('',(-1.,0.,0.));
#8091 = DIRECTION('',(0.,1.,0.));
#8092 = ADVANCED_FACE('',(#8093),#8104,.F.);
#8093 = FACE_BOUND('',#8094,.F.);
#8094 = EDGE_LOOP('',(#8095,#8096,#8097,#8098));
#8095 = ORIENTED_EDGE('',*,*,#1776,.F.);
#8096 = ORIENTED_EDGE('',*,*,#8065,.T.);
#8097 = ORIENTED_EDGE('',*,*,#4095,.F.);
#8098 = ORIENTED_EDGE('',*,*,#8099,.F.);
#8099 = EDGE_CURVE('',#1777,#4096,#8100,.T.);
#8100 = LINE('',#8101,#8102);
#8101 = CARTESIAN_POINT('',(77.366386,82.459801,0.));
#8102 = VECTOR('',#8103,1.);
#8103 = DIRECTION('',(0.,0.,1.));
#8104 = PLANE('',#8105);
#8105 = AXIS2_PLACEMENT_3D('',#8106,#8107,#8108);
#8106 = CARTESIAN_POINT('',(77.366386,96.652122,0.));
#8107 = DIRECTION('',(1.,0.,0.));
#8108 = DIRECTION('',(0.,-1.,0.));
#8109 = ADVANCED_FACE('',(#8110),#8116,.F.);
#8110 = FACE_BOUND('',#8111,.F.);
#8111 = EDGE_LOOP('',(#8112,#8113,#8114,#8115));
#8112 = ORIENTED_EDGE('',*,*,#1784,.F.);
#8113 = ORIENTED_EDGE('',*,*,#8099,.T.);
#8114 = ORIENTED_EDGE('',*,*,#4105,.F.);
#8115 = ORIENTED_EDGE('',*,*,#8080,.F.);
#8116 = PLANE('',#8117);
#8117 = AXIS2_PLACEMENT_3D('',#8118,#8119,#8120);
#8118 = CARTESIAN_POINT('',(77.366386,82.459801,0.));
#8119 = DIRECTION('',(0.,-1.,0.));
#8120 = DIRECTION('',(-1.,0.,0.));
#8121 = ADVANCED_FACE('',(#8122),#8138,.F.);
#8122 = FACE_BOUND('',#8123,.F.);
#8123 = EDGE_LOOP('',(#8124,#8125,#8131,#8132));
#8124 = ORIENTED_EDGE('',*,*,#1800,.F.);
#8125 = ORIENTED_EDGE('',*,*,#8126,.T.);
#8126 = EDGE_CURVE('',#1801,#4148,#8127,.T.);
#8127 = LINE('',#8128,#8129);
#8128 = CARTESIAN_POINT('',(82.527229,96.559959,0.));
#8129 = VECTOR('',#8130,1.);
#8130 = DIRECTION('',(0.,0.,1.));
#8131 = ORIENTED_EDGE('',*,*,#4155,.F.);
#8132 = ORIENTED_EDGE('',*,*,#8133,.F.);
#8133 = EDGE_CURVE('',#1803,#4132,#8134,.T.);
#8134 = LINE('',#8135,#8136);
#8135 = CARTESIAN_POINT('',(96.627403,96.559959,0.));
#8136 = VECTOR('',#8137,1.);
#8137 = DIRECTION('',(0.,0.,1.));
#8138 = PLANE('',#8139);
#8139 = AXIS2_PLACEMENT_3D('',#8140,#8141,#8142);
#8140 = CARTESIAN_POINT('',(82.527229,96.559959,0.));
#8141 = DIRECTION('',(0.,1.,0.));
#8142 = DIRECTION('',(1.,0.,0.));
#8143 = ADVANCED_FACE('',(#8144),#8155,.F.);
#8144 = FACE_BOUND('',#8145,.F.);
#8145 = EDGE_LOOP('',(#8146,#8147,#8153,#8154));
#8146 = ORIENTED_EDGE('',*,*,#1826,.F.);
#8147 = ORIENTED_EDGE('',*,*,#8148,.T.);
#8148 = EDGE_CURVE('',#1819,#4140,#8149,.T.);
#8149 = LINE('',#8150,#8151);
#8150 = CARTESIAN_POINT('',(82.527229,82.551956,0.));
#8151 = VECTOR('',#8152,1.);
#8152 = DIRECTION('',(0.,0.,1.));
#8153 = ORIENTED_EDGE('',*,*,#4147,.F.);
#8154 = ORIENTED_EDGE('',*,*,#8126,.F.);
#8155 = PLANE('',#8156);
#8156 = AXIS2_PLACEMENT_3D('',#8157,#8158,#8159);
#8157 = CARTESIAN_POINT('',(82.527229,82.551956,0.));
#8158 = DIRECTION('',(-1.,0.,0.));
#8159 = DIRECTION('',(0.,1.,0.));
#8160 = ADVANCED_FACE('',(#8161),#8172,.F.);
#8161 = FACE_BOUND('',#8162,.F.);
#8162 = EDGE_LOOP('',(#8163,#8164,#8165,#8166));
#8163 = ORIENTED_EDGE('',*,*,#1810,.F.);
#8164 = ORIENTED_EDGE('',*,*,#8133,.T.);
#8165 = ORIENTED_EDGE('',*,*,#4129,.F.);
#8166 = ORIENTED_EDGE('',*,*,#8167,.F.);
#8167 = EDGE_CURVE('',#1811,#4130,#8168,.T.);
#8168 = LINE('',#8169,#8170);
#8169 = CARTESIAN_POINT('',(96.627403,82.551956,0.));
#8170 = VECTOR('',#8171,1.);
#8171 = DIRECTION('',(0.,0.,1.));
#8172 = PLANE('',#8173);
#8173 = AXIS2_PLACEMENT_3D('',#8174,#8175,#8176);
#8174 = CARTESIAN_POINT('',(96.627403,96.559959,0.));
#8175 = DIRECTION('',(1.,0.,0.));
#8176 = DIRECTION('',(0.,-1.,0.));
#8177 = ADVANCED_FACE('',(#8178),#8184,.F.);
#8178 = FACE_BOUND('',#8179,.F.);
#8179 = EDGE_LOOP('',(#8180,#8181,#8182,#8183));
#8180 = ORIENTED_EDGE('',*,*,#1818,.F.);
#8181 = ORIENTED_EDGE('',*,*,#8167,.T.);
#8182 = ORIENTED_EDGE('',*,*,#4139,.F.);
#8183 = ORIENTED_EDGE('',*,*,#8148,.F.);
#8184 = PLANE('',#8185);
#8185 = AXIS2_PLACEMENT_3D('',#8186,#8187,#8188);
#8186 = CARTESIAN_POINT('',(96.627403,82.551956,0.));
#8187 = DIRECTION('',(0.,-1.,0.));
#8188 = DIRECTION('',(-1.,0.,0.));
#8189 = ADVANCED_FACE('',(#8190),#8206,.F.);
#8190 = FACE_BOUND('',#8191,.F.);
#8191 = EDGE_LOOP('',(#8192,#8193,#8199,#8200));
#8192 = ORIENTED_EDGE('',*,*,#1834,.F.);
#8193 = ORIENTED_EDGE('',*,*,#8194,.T.);
#8194 = EDGE_CURVE('',#1835,#4182,#8195,.T.);
#8195 = LINE('',#8196,#8197);
#8196 = CARTESIAN_POINT('',(101.333855,96.588234,0.));
#8197 = VECTOR('',#8198,1.);
#8198 = DIRECTION('',(0.,0.,1.));
#8199 = ORIENTED_EDGE('',*,*,#4189,.F.);
#8200 = ORIENTED_EDGE('',*,*,#8201,.F.);
#8201 = EDGE_CURVE('',#1837,#4166,#8202,.T.);
#8202 = LINE('',#8203,#8204);
#8203 = CARTESIAN_POINT('',(115.519264,96.588234,0.));
#8204 = VECTOR('',#8205,1.);
#8205 = DIRECTION('',(0.,0.,1.));
#8206 = PLANE('',#8207);
#8207 = AXIS2_PLACEMENT_3D('',#8208,#8209,#8210);
#8208 = CARTESIAN_POINT('',(101.333855,96.588234,0.));
#8209 = DIRECTION('',(0.,1.,0.));
#8210 = DIRECTION('',(1.,0.,0.));
#8211 = ADVANCED_FACE('',(#8212),#8223,.F.);
#8212 = FACE_BOUND('',#8213,.F.);
#8213 = EDGE_LOOP('',(#8214,#8215,#8221,#8222));
#8214 = ORIENTED_EDGE('',*,*,#1860,.F.);
#8215 = ORIENTED_EDGE('',*,*,#8216,.T.);
#8216 = EDGE_CURVE('',#1853,#4174,#8217,.T.);
#8217 = LINE('',#8218,#8219);
#8218 = CARTESIAN_POINT('',(101.333855,82.6064,0.));
#8219 = VECTOR('',#8220,1.);
#8220 = DIRECTION('',(0.,0.,1.));
#8221 = ORIENTED_EDGE('',*,*,#4181,.F.);
#8222 = ORIENTED_EDGE('',*,*,#8194,.F.);
#8223 = PLANE('',#8224);
#8224 = AXIS2_PLACEMENT_3D('',#8225,#8226,#8227);
#8225 = CARTESIAN_POINT('',(101.333855,82.6064,0.));
#8226 = DIRECTION('',(-1.,0.,0.));
#8227 = DIRECTION('',(0.,1.,0.));
#8228 = ADVANCED_FACE('',(#8229),#8240,.F.);
#8229 = FACE_BOUND('',#8230,.F.);
#8230 = EDGE_LOOP('',(#8231,#8232,#8233,#8234));
#8231 = ORIENTED_EDGE('',*,*,#1844,.F.);
#8232 = ORIENTED_EDGE('',*,*,#8201,.T.);
#8233 = ORIENTED_EDGE('',*,*,#4163,.F.);
#8234 = ORIENTED_EDGE('',*,*,#8235,.F.);
#8235 = EDGE_CURVE('',#1845,#4164,#8236,.T.);
#8236 = LINE('',#8237,#8238);
#8237 = CARTESIAN_POINT('',(115.519264,82.6064,0.));
#8238 = VECTOR('',#8239,1.);
#8239 = DIRECTION('',(0.,0.,1.));
#8240 = PLANE('',#8241);
#8241 = AXIS2_PLACEMENT_3D('',#8242,#8243,#8244);
#8242 = CARTESIAN_POINT('',(115.519264,96.588234,0.));
#8243 = DIRECTION('',(1.,0.,0.));
#8244 = DIRECTION('',(0.,-1.,0.));
#8245 = ADVANCED_FACE('',(#8246),#8252,.F.);
#8246 = FACE_BOUND('',#8247,.F.);
#8247 = EDGE_LOOP('',(#8248,#8249,#8250,#8251));
#8248 = ORIENTED_EDGE('',*,*,#1852,.F.);
#8249 = ORIENTED_EDGE('',*,*,#8235,.T.);
#8250 = ORIENTED_EDGE('',*,*,#4173,.F.);
#8251 = ORIENTED_EDGE('',*,*,#8216,.F.);
#8252 = PLANE('',#8253);
#8253 = AXIS2_PLACEMENT_3D('',#8254,#8255,#8256);
#8254 = CARTESIAN_POINT('',(115.519264,82.6064,0.));
#8255 = DIRECTION('',(0.,-1.,0.));
#8256 = DIRECTION('',(-1.,0.,0.));
#8257 = ADVANCED_FACE('',(#8258),#8274,.F.);
#8258 = FACE_BOUND('',#8259,.F.);
#8259 = EDGE_LOOP('',(#8260,#8261,#8267,#8268));
#8260 = ORIENTED_EDGE('',*,*,#1868,.F.);
#8261 = ORIENTED_EDGE('',*,*,#8262,.T.);
#8262 = EDGE_CURVE('',#1869,#4216,#8263,.T.);
#8263 = LINE('',#8264,#8265);
#8264 = CARTESIAN_POINT('',(120.523056,96.526459,0.));
#8265 = VECTOR('',#8266,1.);
#8266 = DIRECTION('',(0.,0.,1.));
#8267 = ORIENTED_EDGE('',*,*,#4223,.F.);
#8268 = ORIENTED_EDGE('',*,*,#8269,.F.);
#8269 = EDGE_CURVE('',#1871,#4200,#8270,.T.);
#8270 = LINE('',#8271,#8272);
#8271 = CARTESIAN_POINT('',(134.669617,96.526459,0.));
#8272 = VECTOR('',#8273,1.);
#8273 = DIRECTION('',(0.,0.,1.));
#8274 = PLANE('',#8275);
#8275 = AXIS2_PLACEMENT_3D('',#8276,#8277,#8278);
#8276 = CARTESIAN_POINT('',(120.523056,96.526459,0.));
#8277 = DIRECTION('',(0.,1.,0.));
#8278 = DIRECTION('',(1.,0.,0.));
#8279 = ADVANCED_FACE('',(#8280),#8291,.F.);
#8280 = FACE_BOUND('',#8281,.F.);
#8281 = EDGE_LOOP('',(#8282,#8283,#8289,#8290));
#8282 = ORIENTED_EDGE('',*,*,#1894,.F.);
#8283 = ORIENTED_EDGE('',*,*,#8284,.T.);
#8284 = EDGE_CURVE('',#1887,#4208,#8285,.T.);
#8285 = LINE('',#8286,#8287);
#8286 = CARTESIAN_POINT('',(120.523056,82.503464,0.));
#8287 = VECTOR('',#8288,1.);
#8288 = DIRECTION('',(0.,0.,1.));
#8289 = ORIENTED_EDGE('',*,*,#4215,.F.);
#8290 = ORIENTED_EDGE('',*,*,#8262,.F.);
#8291 = PLANE('',#8292);
#8292 = AXIS2_PLACEMENT_3D('',#8293,#8294,#8295);
#8293 = CARTESIAN_POINT('',(120.523056,82.503464,0.));
#8294 = DIRECTION('',(-1.,0.,0.));
#8295 = DIRECTION('',(0.,1.,0.));
#8296 = ADVANCED_FACE('',(#8297),#8308,.F.);
#8297 = FACE_BOUND('',#8298,.F.);
#8298 = EDGE_LOOP('',(#8299,#8300,#8301,#8302));
#8299 = ORIENTED_EDGE('',*,*,#1878,.F.);
#8300 = ORIENTED_EDGE('',*,*,#8269,.T.);
#8301 = ORIENTED_EDGE('',*,*,#4197,.F.);
#8302 = ORIENTED_EDGE('',*,*,#8303,.F.);
#8303 = EDGE_CURVE('',#1879,#4198,#8304,.T.);
#8304 = LINE('',#8305,#8306);
#8305 = CARTESIAN_POINT('',(134.669617,82.503464,0.));
#8306 = VECTOR('',#8307,1.);
#8307 = DIRECTION('',(0.,0.,1.));
#8308 = PLANE('',#8309);
#8309 = AXIS2_PLACEMENT_3D('',#8310,#8311,#8312);
#8310 = CARTESIAN_POINT('',(134.669617,96.526459,0.));
#8311 = DIRECTION('',(1.,0.,0.));
#8312 = DIRECTION('',(0.,-1.,0.));
#8313 = ADVANCED_FACE('',(#8314),#8320,.F.);
#8314 = FACE_BOUND('',#8315,.F.);
#8315 = EDGE_LOOP('',(#8316,#8317,#8318,#8319));
#8316 = ORIENTED_EDGE('',*,*,#1886,.F.);
#8317 = ORIENTED_EDGE('',*,*,#8303,.T.);
#8318 = ORIENTED_EDGE('',*,*,#4207,.F.);
#8319 = ORIENTED_EDGE('',*,*,#8284,.F.);
#8320 = PLANE('',#8321);
#8321 = AXIS2_PLACEMENT_3D('',#8322,#8323,#8324);
#8322 = CARTESIAN_POINT('',(134.669617,82.503464,0.));
#8323 = DIRECTION('',(0.,-1.,0.));
#8324 = DIRECTION('',(-1.,0.,0.));
#8325 = ADVANCED_FACE('',(#8326),#8342,.F.);
#8326 = FACE_BOUND('',#8327,.F.);
#8327 = EDGE_LOOP('',(#8328,#8329,#8335,#8336));
#8328 = ORIENTED_EDGE('',*,*,#1902,.F.);
#8329 = ORIENTED_EDGE('',*,*,#8330,.T.);
#8330 = EDGE_CURVE('',#1903,#4250,#8331,.T.);
#8331 = LINE('',#8332,#8333);
#8332 = CARTESIAN_POINT('',(139.910248,96.681137,0.));
#8333 = VECTOR('',#8334,1.);
#8334 = DIRECTION('',(0.,0.,1.));
#8335 = ORIENTED_EDGE('',*,*,#4257,.F.);
#8336 = ORIENTED_EDGE('',*,*,#8337,.F.);
#8337 = EDGE_CURVE('',#1905,#4234,#8338,.T.);
#8338 = LINE('',#8339,#8340);
#8339 = CARTESIAN_POINT('',(154.019882,96.681137,0.));
#8340 = VECTOR('',#8341,1.);
#8341 = DIRECTION('',(0.,0.,1.));
#8342 = PLANE('',#8343);
#8343 = AXIS2_PLACEMENT_3D('',#8344,#8345,#8346);
#8344 = CARTESIAN_POINT('',(139.910248,96.681137,0.));
#8345 = DIRECTION('',(0.,1.,0.));
#8346 = DIRECTION('',(1.,0.,0.));
#8347 = ADVANCED_FACE('',(#8348),#8359,.F.);
#8348 = FACE_BOUND('',#8349,.F.);
#8349 = EDGE_LOOP('',(#8350,#8351,#8357,#8358));
#8350 = ORIENTED_EDGE('',*,*,#1928,.F.);
#8351 = ORIENTED_EDGE('',*,*,#8352,.T.);
#8352 = EDGE_CURVE('',#1921,#4242,#8353,.T.);
#8353 = LINE('',#8354,#8355);
#8354 = CARTESIAN_POINT('',(139.910248,82.646973,0.));
#8355 = VECTOR('',#8356,1.);
#8356 = DIRECTION('',(0.,0.,1.));
#8357 = ORIENTED_EDGE('',*,*,#4249,.F.);
#8358 = ORIENTED_EDGE('',*,*,#8330,.F.);
#8359 = PLANE('',#8360);
#8360 = AXIS2_PLACEMENT_3D('',#8361,#8362,#8363);
#8361 = CARTESIAN_POINT('',(139.910248,82.646973,0.));
#8362 = DIRECTION('',(-1.,0.,0.));
#8363 = DIRECTION('',(0.,1.,0.));
#8364 = ADVANCED_FACE('',(#8365),#8376,.F.);
#8365 = FACE_BOUND('',#8366,.F.);
#8366 = EDGE_LOOP('',(#8367,#8368,#8369,#8370));
#8367 = ORIENTED_EDGE('',*,*,#1912,.F.);
#8368 = ORIENTED_EDGE('',*,*,#8337,.T.);
#8369 = ORIENTED_EDGE('',*,*,#4231,.F.);
#8370 = ORIENTED_EDGE('',*,*,#8371,.F.);
#8371 = EDGE_CURVE('',#1913,#4232,#8372,.T.);
#8372 = LINE('',#8373,#8374);
#8373 = CARTESIAN_POINT('',(154.019882,82.646973,0.));
#8374 = VECTOR('',#8375,1.);
#8375 = DIRECTION('',(0.,0.,1.));
#8376 = PLANE('',#8377);
#8377 = AXIS2_PLACEMENT_3D('',#8378,#8379,#8380);
#8378 = CARTESIAN_POINT('',(154.019882,96.681137,0.));
#8379 = DIRECTION('',(1.,0.,0.));
#8380 = DIRECTION('',(0.,-1.,0.));
#8381 = ADVANCED_FACE('',(#8382),#8388,.F.);
#8382 = FACE_BOUND('',#8383,.F.);
#8383 = EDGE_LOOP('',(#8384,#8385,#8386,#8387));
#8384 = ORIENTED_EDGE('',*,*,#1920,.F.);
#8385 = ORIENTED_EDGE('',*,*,#8371,.T.);
#8386 = ORIENTED_EDGE('',*,*,#4241,.F.);
#8387 = ORIENTED_EDGE('',*,*,#8352,.F.);
#8388 = PLANE('',#8389);
#8389 = AXIS2_PLACEMENT_3D('',#8390,#8391,#8392);
#8390 = CARTESIAN_POINT('',(154.019882,82.646973,0.));
#8391 = DIRECTION('',(0.,-1.,0.));
#8392 = DIRECTION('',(-1.,0.,0.));
#8393 = ADVANCED_FACE('',(#8394),#8410,.F.);
#8394 = FACE_BOUND('',#8395,.F.);
#8395 = EDGE_LOOP('',(#8396,#8397,#8403,#8404));
#8396 = ORIENTED_EDGE('',*,*,#1936,.F.);
#8397 = ORIENTED_EDGE('',*,*,#8398,.T.);
#8398 = EDGE_CURVE('',#1937,#4284,#8399,.T.);
#8399 = LINE('',#8400,#8401);
#8400 = CARTESIAN_POINT('',(149.269333,77.132454,0.));
#8401 = VECTOR('',#8402,1.);
#8402 = DIRECTION('',(0.,0.,1.));
#8403 = ORIENTED_EDGE('',*,*,#4291,.F.);
#8404 = ORIENTED_EDGE('',*,*,#8405,.F.);
#8405 = EDGE_CURVE('',#1939,#4268,#8406,.T.);
#8406 = LINE('',#8407,#8408);
#8407 = CARTESIAN_POINT('',(163.281311,77.132454,0.));
#8408 = VECTOR('',#8409,1.);
#8409 = DIRECTION('',(0.,0.,1.));
#8410 = PLANE('',#8411);
#8411 = AXIS2_PLACEMENT_3D('',#8412,#8413,#8414);
#8412 = CARTESIAN_POINT('',(149.269333,77.132454,0.));
#8413 = DIRECTION('',(0.,1.,0.));
#8414 = DIRECTION('',(1.,0.,0.));
#8415 = ADVANCED_FACE('',(#8416),#8427,.F.);
#8416 = FACE_BOUND('',#8417,.F.);
#8417 = EDGE_LOOP('',(#8418,#8419,#8425,#8426));
#8418 = ORIENTED_EDGE('',*,*,#1962,.F.);
#8419 = ORIENTED_EDGE('',*,*,#8420,.T.);
#8420 = EDGE_CURVE('',#1955,#4276,#8421,.T.);
#8421 = LINE('',#8422,#8423);
#8422 = CARTESIAN_POINT('',(149.269333,63.09465,0.));
#8423 = VECTOR('',#8424,1.);
#8424 = DIRECTION('',(0.,0.,1.));
#8425 = ORIENTED_EDGE('',*,*,#4283,.F.);
#8426 = ORIENTED_EDGE('',*,*,#8398,.F.);
#8427 = PLANE('',#8428);
#8428 = AXIS2_PLACEMENT_3D('',#8429,#8430,#8431);
#8429 = CARTESIAN_POINT('',(149.269333,63.09465,0.));
#8430 = DIRECTION('',(-1.,0.,0.));
#8431 = DIRECTION('',(0.,1.,0.));
#8432 = ADVANCED_FACE('',(#8433),#8444,.F.);
#8433 = FACE_BOUND('',#8434,.F.);
#8434 = EDGE_LOOP('',(#8435,#8436,#8437,#8438));
#8435 = ORIENTED_EDGE('',*,*,#1946,.F.);
#8436 = ORIENTED_EDGE('',*,*,#8405,.T.);
#8437 = ORIENTED_EDGE('',*,*,#4265,.F.);
#8438 = ORIENTED_EDGE('',*,*,#8439,.F.);
#8439 = EDGE_CURVE('',#1947,#4266,#8440,.T.);
#8440 = LINE('',#8441,#8442);
#8441 = CARTESIAN_POINT('',(163.281311,63.09465,0.));
#8442 = VECTOR('',#8443,1.);
#8443 = DIRECTION('',(0.,0.,1.));
#8444 = PLANE('',#8445);
#8445 = AXIS2_PLACEMENT_3D('',#8446,#8447,#8448);
#8446 = CARTESIAN_POINT('',(163.281311,77.132454,0.));
#8447 = DIRECTION('',(1.,0.,0.));
#8448 = DIRECTION('',(0.,-1.,0.));
#8449 = ADVANCED_FACE('',(#8450),#8456,.F.);
#8450 = FACE_BOUND('',#8451,.F.);
#8451 = EDGE_LOOP('',(#8452,#8453,#8454,#8455));
#8452 = ORIENTED_EDGE('',*,*,#1954,.F.);
#8453 = ORIENTED_EDGE('',*,*,#8439,.T.);
#8454 = ORIENTED_EDGE('',*,*,#4275,.F.);
#8455 = ORIENTED_EDGE('',*,*,#8420,.F.);
#8456 = PLANE('',#8457);
#8457 = AXIS2_PLACEMENT_3D('',#8458,#8459,#8460);
#8458 = CARTESIAN_POINT('',(163.281311,63.09465,0.));
#8459 = DIRECTION('',(0.,-1.,0.));
#8460 = DIRECTION('',(-1.,0.,0.));
#8461 = ADVANCED_FACE('',(#8462),#8478,.F.);
#8462 = FACE_BOUND('',#8463,.F.);
#8463 = EDGE_LOOP('',(#8464,#8465,#8471,#8472));
#8464 = ORIENTED_EDGE('',*,*,#1970,.F.);
#8465 = ORIENTED_EDGE('',*,*,#8466,.T.);
#8466 = EDGE_CURVE('',#1971,#4318,#8467,.T.);
#8467 = LINE('',#8468,#8469);
#8468 = CARTESIAN_POINT('',(168.082657,77.114143,0.));
#8469 = VECTOR('',#8470,1.);
#8470 = DIRECTION('',(0.,0.,1.));
#8471 = ORIENTED_EDGE('',*,*,#4325,.F.);
#8472 = ORIENTED_EDGE('',*,*,#8473,.F.);
#8473 = EDGE_CURVE('',#1973,#4302,#8474,.T.);
#8474 = LINE('',#8475,#8476);
#8475 = CARTESIAN_POINT('',(182.192291,77.114143,0.));
#8476 = VECTOR('',#8477,1.);
#8477 = DIRECTION('',(0.,0.,1.));
#8478 = PLANE('',#8479);
#8479 = AXIS2_PLACEMENT_3D('',#8480,#8481,#8482);
#8480 = CARTESIAN_POINT('',(168.082657,77.114143,0.));
#8481 = DIRECTION('',(0.,1.,0.));
#8482 = DIRECTION('',(1.,0.,0.));
#8483 = ADVANCED_FACE('',(#8484),#8495,.F.);
#8484 = FACE_BOUND('',#8485,.F.);
#8485 = EDGE_LOOP('',(#8486,#8487,#8493,#8494));
#8486 = ORIENTED_EDGE('',*,*,#1996,.F.);
#8487 = ORIENTED_EDGE('',*,*,#8488,.T.);
#8488 = EDGE_CURVE('',#1989,#4310,#8489,.T.);
#8489 = LINE('',#8490,#8491);
#8490 = CARTESIAN_POINT('',(168.082657,63.155422,0.));
#8491 = VECTOR('',#8492,1.);
#8492 = DIRECTION('',(0.,0.,1.));
#8493 = ORIENTED_EDGE('',*,*,#4317,.F.);
#8494 = ORIENTED_EDGE('',*,*,#8466,.F.);
#8495 = PLANE('',#8496);
#8496 = AXIS2_PLACEMENT_3D('',#8497,#8498,#8499);
#8497 = CARTESIAN_POINT('',(168.082657,63.155422,0.));
#8498 = DIRECTION('',(-1.,0.,0.));
#8499 = DIRECTION('',(0.,1.,0.));
#8500 = ADVANCED_FACE('',(#8501),#8512,.F.);
#8501 = FACE_BOUND('',#8502,.F.);
#8502 = EDGE_LOOP('',(#8503,#8504,#8505,#8506));
#8503 = ORIENTED_EDGE('',*,*,#1980,.F.);
#8504 = ORIENTED_EDGE('',*,*,#8473,.T.);
#8505 = ORIENTED_EDGE('',*,*,#4299,.F.);
#8506 = ORIENTED_EDGE('',*,*,#8507,.F.);
#8507 = EDGE_CURVE('',#1981,#4300,#8508,.T.);
#8508 = LINE('',#8509,#8510);
#8509 = CARTESIAN_POINT('',(182.192291,63.155422,0.));
#8510 = VECTOR('',#8511,1.);
#8511 = DIRECTION('',(0.,0.,1.));
#8512 = PLANE('',#8513);
#8513 = AXIS2_PLACEMENT_3D('',#8514,#8515,#8516);
#8514 = CARTESIAN_POINT('',(182.192291,77.114143,0.));
#8515 = DIRECTION('',(1.,0.,0.));
#8516 = DIRECTION('',(0.,-1.,0.));
#8517 = ADVANCED_FACE('',(#8518),#8524,.F.);
#8518 = FACE_BOUND('',#8519,.F.);
#8519 = EDGE_LOOP('',(#8520,#8521,#8522,#8523));
#8520 = ORIENTED_EDGE('',*,*,#1988,.F.);
#8521 = ORIENTED_EDGE('',*,*,#8507,.T.);
#8522 = ORIENTED_EDGE('',*,*,#4309,.F.);
#8523 = ORIENTED_EDGE('',*,*,#8488,.F.);
#8524 = PLANE('',#8525);
#8525 = AXIS2_PLACEMENT_3D('',#8526,#8527,#8528);
#8526 = CARTESIAN_POINT('',(182.192291,63.155422,0.));
#8527 = DIRECTION('',(0.,-1.,0.));
#8528 = DIRECTION('',(-1.,0.,0.));
#8529 = ADVANCED_FACE('',(#8530),#8546,.F.);
#8530 = FACE_BOUND('',#8531,.F.);
#8531 = EDGE_LOOP('',(#8532,#8533,#8539,#8540));
#8532 = ORIENTED_EDGE('',*,*,#2004,.F.);
#8533 = ORIENTED_EDGE('',*,*,#8534,.T.);
#8534 = EDGE_CURVE('',#2005,#4352,#8535,.T.);
#8535 = LINE('',#8536,#8537);
#8536 = CARTESIAN_POINT('',(186.945801,77.265038,0.));
#8537 = VECTOR('',#8538,1.);
#8538 = DIRECTION('',(0.,0.,1.));
#8539 = ORIENTED_EDGE('',*,*,#4359,.F.);
#8540 = ORIENTED_EDGE('',*,*,#8541,.F.);
#8541 = EDGE_CURVE('',#2007,#4336,#8542,.T.);
#8542 = LINE('',#8543,#8544);
#8543 = CARTESIAN_POINT('',(201.130875,77.265038,0.));
#8544 = VECTOR('',#8545,1.);
#8545 = DIRECTION('',(0.,0.,1.));
#8546 = PLANE('',#8547);
#8547 = AXIS2_PLACEMENT_3D('',#8548,#8549,#8550);
#8548 = CARTESIAN_POINT('',(186.945801,77.265038,0.));
#8549 = DIRECTION('',(0.,1.,0.));
#8550 = DIRECTION('',(1.,0.,0.));
#8551 = ADVANCED_FACE('',(#8552),#8563,.F.);
#8552 = FACE_BOUND('',#8553,.F.);
#8553 = EDGE_LOOP('',(#8554,#8555,#8561,#8562));
#8554 = ORIENTED_EDGE('',*,*,#2030,.F.);
#8555 = ORIENTED_EDGE('',*,*,#8556,.T.);
#8556 = EDGE_CURVE('',#2023,#4344,#8557,.T.);
#8557 = LINE('',#8558,#8559);
#8558 = CARTESIAN_POINT('',(186.945801,63.155415,0.));
#8559 = VECTOR('',#8560,1.);
#8560 = DIRECTION('',(0.,0.,1.));
#8561 = ORIENTED_EDGE('',*,*,#4351,.F.);
#8562 = ORIENTED_EDGE('',*,*,#8534,.F.);
#8563 = PLANE('',#8564);
#8564 = AXIS2_PLACEMENT_3D('',#8565,#8566,#8567);
#8565 = CARTESIAN_POINT('',(186.945801,63.155415,0.));
#8566 = DIRECTION('',(-1.,0.,0.));
#8567 = DIRECTION('',(0.,1.,0.));
#8568 = ADVANCED_FACE('',(#8569),#8580,.F.);
#8569 = FACE_BOUND('',#8570,.F.);
#8570 = EDGE_LOOP('',(#8571,#8572,#8573,#8574));
#8571 = ORIENTED_EDGE('',*,*,#2014,.F.);
#8572 = ORIENTED_EDGE('',*,*,#8541,.T.);
#8573 = ORIENTED_EDGE('',*,*,#4333,.F.);
#8574 = ORIENTED_EDGE('',*,*,#8575,.F.);
#8575 = EDGE_CURVE('',#2015,#4334,#8576,.T.);
#8576 = LINE('',#8577,#8578);
#8577 = CARTESIAN_POINT('',(201.130875,63.155415,0.));
#8578 = VECTOR('',#8579,1.);
#8579 = DIRECTION('',(0.,0.,1.));
#8580 = PLANE('',#8581);
#8581 = AXIS2_PLACEMENT_3D('',#8582,#8583,#8584);
#8582 = CARTESIAN_POINT('',(201.130875,77.265038,0.));
#8583 = DIRECTION('',(1.,0.,0.));
#8584 = DIRECTION('',(0.,-1.,0.));
#8585 = ADVANCED_FACE('',(#8586),#8592,.F.);
#8586 = FACE_BOUND('',#8587,.F.);
#8587 = EDGE_LOOP('',(#8588,#8589,#8590,#8591));
#8588 = ORIENTED_EDGE('',*,*,#2022,.F.);
#8589 = ORIENTED_EDGE('',*,*,#8575,.T.);
#8590 = ORIENTED_EDGE('',*,*,#4343,.F.);
#8591 = ORIENTED_EDGE('',*,*,#8556,.F.);
#8592 = PLANE('',#8593);
#8593 = AXIS2_PLACEMENT_3D('',#8594,#8595,#8596);
#8594 = CARTESIAN_POINT('',(201.130875,63.155415,0.));
#8595 = DIRECTION('',(0.,-1.,0.));
#8596 = DIRECTION('',(-1.,0.,0.));
#8597 = ADVANCED_FACE('',(#8598),#8614,.F.);
#8598 = FACE_BOUND('',#8599,.F.);
#8599 = EDGE_LOOP('',(#8600,#8601,#8607,#8608));
#8600 = ORIENTED_EDGE('',*,*,#2038,.F.);
#8601 = ORIENTED_EDGE('',*,*,#8602,.T.);
#8602 = EDGE_CURVE('',#2039,#4386,#8603,.T.);
#8603 = LINE('',#8604,#8605);
#8604 = CARTESIAN_POINT('',(205.940933,77.345016,0.));
#8605 = VECTOR('',#8606,1.);
#8606 = DIRECTION('',(0.,0.,1.));
#8607 = ORIENTED_EDGE('',*,*,#4393,.F.);
#8608 = ORIENTED_EDGE('',*,*,#8609,.F.);
#8609 = EDGE_CURVE('',#2041,#4370,#8610,.T.);
#8610 = LINE('',#8611,#8612);
#8611 = CARTESIAN_POINT('',(220.025711,77.345016,0.));
#8612 = VECTOR('',#8613,1.);
#8613 = DIRECTION('',(0.,0.,1.));
#8614 = PLANE('',#8615);
#8615 = AXIS2_PLACEMENT_3D('',#8616,#8617,#8618);
#8616 = CARTESIAN_POINT('',(205.940933,77.345016,0.));
#8617 = DIRECTION('',(0.,1.,0.));
#8618 = DIRECTION('',(1.,0.,0.));
#8619 = ADVANCED_FACE('',(#8620),#8631,.F.);
#8620 = FACE_BOUND('',#8621,.F.);
#8621 = EDGE_LOOP('',(#8622,#8623,#8629,#8630));
#8622 = ORIENTED_EDGE('',*,*,#2064,.F.);
#8623 = ORIENTED_EDGE('',*,*,#8624,.T.);
#8624 = EDGE_CURVE('',#2057,#4378,#8625,.T.);
#8625 = LINE('',#8626,#8627);
#8626 = CARTESIAN_POINT('',(205.940933,63.198467,0.));
#8627 = VECTOR('',#8628,1.);
#8628 = DIRECTION('',(0.,0.,1.));
#8629 = ORIENTED_EDGE('',*,*,#4385,.F.);
#8630 = ORIENTED_EDGE('',*,*,#8602,.F.);
#8631 = PLANE('',#8632);
#8632 = AXIS2_PLACEMENT_3D('',#8633,#8634,#8635);
#8633 = CARTESIAN_POINT('',(205.940933,63.198467,0.));
#8634 = DIRECTION('',(-1.,0.,0.));
#8635 = DIRECTION('',(0.,1.,0.));
#8636 = ADVANCED_FACE('',(#8637),#8648,.F.);
#8637 = FACE_BOUND('',#8638,.F.);
#8638 = EDGE_LOOP('',(#8639,#8640,#8641,#8642));
#8639 = ORIENTED_EDGE('',*,*,#2048,.F.);
#8640 = ORIENTED_EDGE('',*,*,#8609,.T.);
#8641 = ORIENTED_EDGE('',*,*,#4367,.F.);
#8642 = ORIENTED_EDGE('',*,*,#8643,.F.);
#8643 = EDGE_CURVE('',#2049,#4368,#8644,.T.);
#8644 = LINE('',#8645,#8646);
#8645 = CARTESIAN_POINT('',(220.025711,63.198467,0.));
#8646 = VECTOR('',#8647,1.);
#8647 = DIRECTION('',(0.,0.,1.));
#8648 = PLANE('',#8649);
#8649 = AXIS2_PLACEMENT_3D('',#8650,#8651,#8652);
#8650 = CARTESIAN_POINT('',(220.025711,77.345016,0.));
#8651 = DIRECTION('',(1.,0.,0.));
#8652 = DIRECTION('',(0.,-1.,0.));
#8653 = ADVANCED_FACE('',(#8654),#8660,.F.);
#8654 = FACE_BOUND('',#8655,.F.);
#8655 = EDGE_LOOP('',(#8656,#8657,#8658,#8659));
#8656 = ORIENTED_EDGE('',*,*,#2056,.F.);
#8657 = ORIENTED_EDGE('',*,*,#8643,.T.);
#8658 = ORIENTED_EDGE('',*,*,#4377,.F.);
#8659 = ORIENTED_EDGE('',*,*,#8624,.F.);
#8660 = PLANE('',#8661);
#8661 = AXIS2_PLACEMENT_3D('',#8662,#8663,#8664);
#8662 = CARTESIAN_POINT('',(220.025711,63.198467,0.));
#8663 = DIRECTION('',(0.,-1.,0.));
#8664 = DIRECTION('',(-1.,0.,0.));
#8665 = ADVANCED_FACE('',(#8666),#8682,.F.);
#8666 = FACE_BOUND('',#8667,.F.);
#8667 = EDGE_LOOP('',(#8668,#8669,#8675,#8676));
#8668 = ORIENTED_EDGE('',*,*,#2072,.F.);
#8669 = ORIENTED_EDGE('',*,*,#8670,.T.);
#8670 = EDGE_CURVE('',#2073,#4420,#8671,.T.);
#8671 = LINE('',#8672,#8673);
#8672 = CARTESIAN_POINT('',(224.895493,77.09742,0.));
#8673 = VECTOR('',#8674,1.);
#8674 = DIRECTION('',(0.,0.,1.));
#8675 = ORIENTED_EDGE('',*,*,#4427,.F.);
#8676 = ORIENTED_EDGE('',*,*,#8677,.F.);
#8677 = EDGE_CURVE('',#2075,#4404,#8678,.T.);
#8678 = LINE('',#8679,#8680);
#8679 = CARTESIAN_POINT('',(239.227371,77.09742,0.));
#8680 = VECTOR('',#8681,1.);
#8681 = DIRECTION('',(0.,0.,1.));
#8682 = PLANE('',#8683);
#8683 = AXIS2_PLACEMENT_3D('',#8684,#8685,#8686);
#8684 = CARTESIAN_POINT('',(224.895493,77.09742,0.));
#8685 = DIRECTION('',(0.,1.,0.));
#8686 = DIRECTION('',(1.,0.,0.));
#8687 = ADVANCED_FACE('',(#8688),#8699,.F.);
#8688 = FACE_BOUND('',#8689,.F.);
#8689 = EDGE_LOOP('',(#8690,#8691,#8697,#8698));
#8690 = ORIENTED_EDGE('',*,*,#2098,.F.);
#8691 = ORIENTED_EDGE('',*,*,#8692,.T.);
#8692 = EDGE_CURVE('',#2091,#4412,#8693,.T.);
#8693 = LINE('',#8694,#8695);
#8694 = CARTESIAN_POINT('',(224.895493,63.1362,0.));
#8695 = VECTOR('',#8696,1.);
#8696 = DIRECTION('',(0.,0.,1.));
#8697 = ORIENTED_EDGE('',*,*,#4419,.F.);
#8698 = ORIENTED_EDGE('',*,*,#8670,.F.);
#8699 = PLANE('',#8700);
#8700 = AXIS2_PLACEMENT_3D('',#8701,#8702,#8703);
#8701 = CARTESIAN_POINT('',(224.895493,63.1362,0.));
#8702 = DIRECTION('',(-1.,0.,0.));
#8703 = DIRECTION('',(0.,1.,0.));
#8704 = ADVANCED_FACE('',(#8705),#8716,.F.);
#8705 = FACE_BOUND('',#8706,.F.);
#8706 = EDGE_LOOP('',(#8707,#8708,#8709,#8710));
#8707 = ORIENTED_EDGE('',*,*,#2082,.F.);
#8708 = ORIENTED_EDGE('',*,*,#8677,.T.);
#8709 = ORIENTED_EDGE('',*,*,#4401,.F.);
#8710 = ORIENTED_EDGE('',*,*,#8711,.F.);
#8711 = EDGE_CURVE('',#2083,#4402,#8712,.T.);
#8712 = LINE('',#8713,#8714);
#8713 = CARTESIAN_POINT('',(239.227371,63.1362,0.));
#8714 = VECTOR('',#8715,1.);
#8715 = DIRECTION('',(0.,0.,1.));
#8716 = PLANE('',#8717);
#8717 = AXIS2_PLACEMENT_3D('',#8718,#8719,#8720);
#8718 = CARTESIAN_POINT('',(239.227371,77.09742,0.));
#8719 = DIRECTION('',(1.,0.,0.));
#8720 = DIRECTION('',(0.,-1.,0.));
#8721 = ADVANCED_FACE('',(#8722),#8728,.F.);
#8722 = FACE_BOUND('',#8723,.F.);
#8723 = EDGE_LOOP('',(#8724,#8725,#8726,#8727));
#8724 = ORIENTED_EDGE('',*,*,#2090,.F.);
#8725 = ORIENTED_EDGE('',*,*,#8711,.T.);
#8726 = ORIENTED_EDGE('',*,*,#4411,.F.);
#8727 = ORIENTED_EDGE('',*,*,#8692,.F.);
#8728 = PLANE('',#8729);
#8729 = AXIS2_PLACEMENT_3D('',#8730,#8731,#8732);
#8730 = CARTESIAN_POINT('',(239.227371,63.1362,0.));
#8731 = DIRECTION('',(0.,-1.,0.));
#8732 = DIRECTION('',(-1.,0.,0.));
#8733 = ADVANCED_FACE('',(#8734),#8750,.F.);
#8734 = FACE_BOUND('',#8735,.F.);
#8735 = EDGE_LOOP('',(#8736,#8737,#8743,#8744));
#8736 = ORIENTED_EDGE('',*,*,#2106,.F.);
#8737 = ORIENTED_EDGE('',*,*,#8738,.T.);
#8738 = EDGE_CURVE('',#2107,#4454,#8739,.T.);
#8739 = LINE('',#8740,#8741);
#8740 = CARTESIAN_POINT('',(243.887711,77.245056,0.));
#8741 = VECTOR('',#8742,1.);
#8742 = DIRECTION('',(0.,0.,1.));
#8743 = ORIENTED_EDGE('',*,*,#4461,.F.);
#8744 = ORIENTED_EDGE('',*,*,#8745,.F.);
#8745 = EDGE_CURVE('',#2109,#4438,#8746,.T.);
#8746 = LINE('',#8747,#8748);
#8747 = CARTESIAN_POINT('',(258.183075,77.245056,0.));
#8748 = VECTOR('',#8749,1.);
#8749 = DIRECTION('',(0.,0.,1.));
#8750 = PLANE('',#8751);
#8751 = AXIS2_PLACEMENT_3D('',#8752,#8753,#8754);
#8752 = CARTESIAN_POINT('',(243.887711,77.245056,0.));
#8753 = DIRECTION('',(0.,1.,0.));
#8754 = DIRECTION('',(1.,0.,0.));
#8755 = ADVANCED_FACE('',(#8756),#8767,.F.);
#8756 = FACE_BOUND('',#8757,.F.);
#8757 = EDGE_LOOP('',(#8758,#8759,#8765,#8766));
#8758 = ORIENTED_EDGE('',*,*,#2132,.F.);
#8759 = ORIENTED_EDGE('',*,*,#8760,.T.);
#8760 = EDGE_CURVE('',#2125,#4446,#8761,.T.);
#8761 = LINE('',#8762,#8763);
#8762 = CARTESIAN_POINT('',(243.887711,62.949707,0.));
#8763 = VECTOR('',#8764,1.);
#8764 = DIRECTION('',(0.,0.,1.));
#8765 = ORIENTED_EDGE('',*,*,#4453,.F.);
#8766 = ORIENTED_EDGE('',*,*,#8738,.F.);
#8767 = PLANE('',#8768);
#8768 = AXIS2_PLACEMENT_3D('',#8769,#8770,#8771);
#8769 = CARTESIAN_POINT('',(243.887711,62.949707,0.));
#8770 = DIRECTION('',(-1.,0.,0.));
#8771 = DIRECTION('',(0.,1.,0.));
#8772 = ADVANCED_FACE('',(#8773),#8784,.F.);
#8773 = FACE_BOUND('',#8774,.F.);
#8774 = EDGE_LOOP('',(#8775,#8776,#8777,#8778));
#8775 = ORIENTED_EDGE('',*,*,#2116,.F.);
#8776 = ORIENTED_EDGE('',*,*,#8745,.T.);
#8777 = ORIENTED_EDGE('',*,*,#4435,.F.);
#8778 = ORIENTED_EDGE('',*,*,#8779,.F.);
#8779 = EDGE_CURVE('',#2117,#4436,#8780,.T.);
#8780 = LINE('',#8781,#8782);
#8781 = CARTESIAN_POINT('',(258.183075,62.949707,0.));
#8782 = VECTOR('',#8783,1.);
#8783 = DIRECTION('',(0.,0.,1.));
#8784 = PLANE('',#8785);
#8785 = AXIS2_PLACEMENT_3D('',#8786,#8787,#8788);
#8786 = CARTESIAN_POINT('',(258.183075,77.245056,0.));
#8787 = DIRECTION('',(1.,0.,0.));
#8788 = DIRECTION('',(0.,-1.,0.));
#8789 = ADVANCED_FACE('',(#8790),#8796,.F.);
#8790 = FACE_BOUND('',#8791,.F.);
#8791 = EDGE_LOOP('',(#8792,#8793,#8794,#8795));
#8792 = ORIENTED_EDGE('',*,*,#2124,.F.);
#8793 = ORIENTED_EDGE('',*,*,#8779,.T.);
#8794 = ORIENTED_EDGE('',*,*,#4445,.F.);
#8795 = ORIENTED_EDGE('',*,*,#8760,.F.);
#8796 = PLANE('',#8797);
#8797 = AXIS2_PLACEMENT_3D('',#8798,#8799,#8800);
#8798 = CARTESIAN_POINT('',(258.183075,62.949707,0.));
#8799 = DIRECTION('',(0.,-1.,0.));
#8800 = DIRECTION('',(-1.,0.,0.));
#8801 = ADVANCED_FACE('',(#8802),#8818,.F.);
#8802 = FACE_BOUND('',#8803,.F.);
#8803 = EDGE_LOOP('',(#8804,#8805,#8811,#8812));
#8804 = ORIENTED_EDGE('',*,*,#2140,.F.);
#8805 = ORIENTED_EDGE('',*,*,#8806,.T.);
#8806 = EDGE_CURVE('',#2141,#4488,#8807,.T.);
#8807 = LINE('',#8808,#8809);
#8808 = CARTESIAN_POINT('',(289.700378,71.504395,0.));
#8809 = VECTOR('',#8810,1.);
#8810 = DIRECTION('',(0.,0.,1.));
#8811 = ORIENTED_EDGE('',*,*,#4495,.F.);
#8812 = ORIENTED_EDGE('',*,*,#8813,.F.);
#8813 = EDGE_CURVE('',#2143,#4472,#8814,.T.);
#8814 = LINE('',#8815,#8816);
#8815 = CARTESIAN_POINT('',(303.658051,71.504395,0.));
#8816 = VECTOR('',#8817,1.);
#8817 = DIRECTION('',(0.,0.,1.));
#8818 = PLANE('',#8819);
#8819 = AXIS2_PLACEMENT_3D('',#8820,#8821,#8822);
#8820 = CARTESIAN_POINT('',(289.700378,71.504395,0.));
#8821 = DIRECTION('',(0.,1.,0.));
#8822 = DIRECTION('',(1.,0.,0.));
#8823 = ADVANCED_FACE('',(#8824),#8835,.F.);
#8824 = FACE_BOUND('',#8825,.F.);
#8825 = EDGE_LOOP('',(#8826,#8827,#8833,#8834));
#8826 = ORIENTED_EDGE('',*,*,#2166,.F.);
#8827 = ORIENTED_EDGE('',*,*,#8828,.T.);
#8828 = EDGE_CURVE('',#2159,#4480,#8829,.T.);
#8829 = LINE('',#8830,#8831);
#8830 = CARTESIAN_POINT('',(289.700378,57.434166,0.));
#8831 = VECTOR('',#8832,1.);
#8832 = DIRECTION('',(0.,0.,1.));
#8833 = ORIENTED_EDGE('',*,*,#4487,.F.);
#8834 = ORIENTED_EDGE('',*,*,#8806,.F.);
#8835 = PLANE('',#8836);
#8836 = AXIS2_PLACEMENT_3D('',#8837,#8838,#8839);
#8837 = CARTESIAN_POINT('',(289.700378,57.434166,0.));
#8838 = DIRECTION('',(-1.,0.,0.));
#8839 = DIRECTION('',(0.,1.,0.));
#8840 = ADVANCED_FACE('',(#8841),#8852,.F.);
#8841 = FACE_BOUND('',#8842,.F.);
#8842 = EDGE_LOOP('',(#8843,#8844,#8845,#8846));
#8843 = ORIENTED_EDGE('',*,*,#2150,.F.);
#8844 = ORIENTED_EDGE('',*,*,#8813,.T.);
#8845 = ORIENTED_EDGE('',*,*,#4469,.F.);
#8846 = ORIENTED_EDGE('',*,*,#8847,.F.);
#8847 = EDGE_CURVE('',#2151,#4470,#8848,.T.);
#8848 = LINE('',#8849,#8850);
#8849 = CARTESIAN_POINT('',(303.658051,57.434166,0.));
#8850 = VECTOR('',#8851,1.);
#8851 = DIRECTION('',(0.,0.,1.));
#8852 = PLANE('',#8853);
#8853 = AXIS2_PLACEMENT_3D('',#8854,#8855,#8856);
#8854 = CARTESIAN_POINT('',(303.658051,71.504395,0.));
#8855 = DIRECTION('',(1.,0.,0.));
#8856 = DIRECTION('',(0.,-1.,0.));
#8857 = ADVANCED_FACE('',(#8858),#8864,.F.);
#8858 = FACE_BOUND('',#8859,.F.);
#8859 = EDGE_LOOP('',(#8860,#8861,#8862,#8863));
#8860 = ORIENTED_EDGE('',*,*,#2158,.F.);
#8861 = ORIENTED_EDGE('',*,*,#8847,.T.);
#8862 = ORIENTED_EDGE('',*,*,#4479,.F.);
#8863 = ORIENTED_EDGE('',*,*,#8828,.F.);
#8864 = PLANE('',#8865);
#8865 = AXIS2_PLACEMENT_3D('',#8866,#8867,#8868);
#8866 = CARTESIAN_POINT('',(303.658051,57.434166,0.));
#8867 = DIRECTION('',(0.,-1.,0.));
#8868 = DIRECTION('',(-1.,0.,0.));
#8869 = ADVANCED_FACE('',(#8870),#8886,.F.);
#8870 = FACE_BOUND('',#8871,.F.);
#8871 = EDGE_LOOP('',(#8872,#8873,#8879,#8880));
#8872 = ORIENTED_EDGE('',*,*,#2174,.F.);
#8873 = ORIENTED_EDGE('',*,*,#8874,.T.);
#8874 = EDGE_CURVE('',#2175,#4522,#8875,.T.);
#8875 = LINE('',#8876,#8877);
#8876 = CARTESIAN_POINT('',(263.023224,77.245056,0.));
#8877 = VECTOR('',#8878,1.);
#8878 = DIRECTION('',(0.,0.,1.));
#8879 = ORIENTED_EDGE('',*,*,#4529,.F.);
#8880 = ORIENTED_EDGE('',*,*,#8881,.F.);
#8881 = EDGE_CURVE('',#2177,#4506,#8882,.T.);
#8882 = LINE('',#8883,#8884);
#8883 = CARTESIAN_POINT('',(277.431122,77.245056,0.));
#8884 = VECTOR('',#8885,1.);
#8885 = DIRECTION('',(0.,0.,1.));
#8886 = PLANE('',#8887);
#8887 = AXIS2_PLACEMENT_3D('',#8888,#8889,#8890);
#8888 = CARTESIAN_POINT('',(263.023224,77.245056,0.));
#8889 = DIRECTION('',(0.,1.,0.));
#8890 = DIRECTION('',(1.,0.,0.));
#8891 = ADVANCED_FACE('',(#8892),#8903,.F.);
#8892 = FACE_BOUND('',#8893,.F.);
#8893 = EDGE_LOOP('',(#8894,#8895,#8901,#8902));
#8894 = ORIENTED_EDGE('',*,*,#2200,.F.);
#8895 = ORIENTED_EDGE('',*,*,#8896,.T.);
#8896 = EDGE_CURVE('',#2193,#4514,#8897,.T.);
#8897 = LINE('',#8898,#8899);
#8898 = CARTESIAN_POINT('',(263.023224,63.174828,0.));
#8899 = VECTOR('',#8900,1.);
#8900 = DIRECTION('',(0.,0.,1.));
#8901 = ORIENTED_EDGE('',*,*,#4521,.F.);
#8902 = ORIENTED_EDGE('',*,*,#8874,.F.);
#8903 = PLANE('',#8904);
#8904 = AXIS2_PLACEMENT_3D('',#8905,#8906,#8907);
#8905 = CARTESIAN_POINT('',(263.023224,63.174828,0.));
#8906 = DIRECTION('',(-1.,0.,0.));
#8907 = DIRECTION('',(0.,1.,0.));
#8908 = ADVANCED_FACE('',(#8909),#8920,.F.);
#8909 = FACE_BOUND('',#8910,.F.);
#8910 = EDGE_LOOP('',(#8911,#8912,#8913,#8914));
#8911 = ORIENTED_EDGE('',*,*,#2184,.F.);
#8912 = ORIENTED_EDGE('',*,*,#8881,.T.);
#8913 = ORIENTED_EDGE('',*,*,#4503,.F.);
#8914 = ORIENTED_EDGE('',*,*,#8915,.F.);
#8915 = EDGE_CURVE('',#2185,#4504,#8916,.T.);
#8916 = LINE('',#8917,#8918);
#8917 = CARTESIAN_POINT('',(277.431122,63.174828,0.));
#8918 = VECTOR('',#8919,1.);
#8919 = DIRECTION('',(0.,0.,1.));
#8920 = PLANE('',#8921);
#8921 = AXIS2_PLACEMENT_3D('',#8922,#8923,#8924);
#8922 = CARTESIAN_POINT('',(277.431122,77.245056,0.));
#8923 = DIRECTION('',(1.,0.,0.));
#8924 = DIRECTION('',(0.,-1.,0.));
#8925 = ADVANCED_FACE('',(#8926),#8932,.F.);
#8926 = FACE_BOUND('',#8927,.F.);
#8927 = EDGE_LOOP('',(#8928,#8929,#8930,#8931));
#8928 = ORIENTED_EDGE('',*,*,#2192,.F.);
#8929 = ORIENTED_EDGE('',*,*,#8915,.T.);
#8930 = ORIENTED_EDGE('',*,*,#4513,.F.);
#8931 = ORIENTED_EDGE('',*,*,#8896,.F.);
#8932 = PLANE('',#8933);
#8933 = AXIS2_PLACEMENT_3D('',#8934,#8935,#8936);
#8934 = CARTESIAN_POINT('',(277.431122,63.174828,0.));
#8935 = DIRECTION('',(0.,-1.,0.));
#8936 = DIRECTION('',(-1.,0.,0.));
#8937 = ADVANCED_FACE('',(#8938),#8954,.F.);
#8938 = FACE_BOUND('',#8939,.F.);
#8939 = EDGE_LOOP('',(#8940,#8941,#8947,#8948));
#8940 = ORIENTED_EDGE('',*,*,#2208,.F.);
#8941 = ORIENTED_EDGE('',*,*,#8942,.T.);
#8942 = EDGE_CURVE('',#2209,#4556,#8943,.T.);
#8943 = LINE('',#8944,#8945);
#8944 = CARTESIAN_POINT('',(158.848846,96.605682,0.));
#8945 = VECTOR('',#8946,1.);
#8946 = DIRECTION('',(0.,0.,1.));
#8947 = ORIENTED_EDGE('',*,*,#4563,.F.);
#8948 = ORIENTED_EDGE('',*,*,#8949,.F.);
#8949 = EDGE_CURVE('',#2211,#4540,#8950,.T.);
#8950 = LINE('',#8951,#8952);
#8951 = CARTESIAN_POINT('',(172.958481,96.605682,0.));
#8952 = VECTOR('',#8953,1.);
#8953 = DIRECTION('',(0.,0.,1.));
#8954 = PLANE('',#8955);
#8955 = AXIS2_PLACEMENT_3D('',#8956,#8957,#8958);
#8956 = CARTESIAN_POINT('',(158.848846,96.605682,0.));
#8957 = DIRECTION('',(0.,1.,0.));
#8958 = DIRECTION('',(1.,0.,0.));
#8959 = ADVANCED_FACE('',(#8960),#8971,.F.);
#8960 = FACE_BOUND('',#8961,.F.);
#8961 = EDGE_LOOP('',(#8962,#8963,#8969,#8970));
#8962 = ORIENTED_EDGE('',*,*,#2234,.F.);
#8963 = ORIENTED_EDGE('',*,*,#8964,.T.);
#8964 = EDGE_CURVE('',#2227,#4548,#8965,.T.);
#8965 = LINE('',#8966,#8967);
#8966 = CARTESIAN_POINT('',(158.848846,82.57151,0.));
#8967 = VECTOR('',#8968,1.);
#8968 = DIRECTION('',(0.,0.,1.));
#8969 = ORIENTED_EDGE('',*,*,#4555,.F.);
#8970 = ORIENTED_EDGE('',*,*,#8942,.F.);
#8971 = PLANE('',#8972);
#8972 = AXIS2_PLACEMENT_3D('',#8973,#8974,#8975);
#8973 = CARTESIAN_POINT('',(158.848846,82.57151,0.));
#8974 = DIRECTION('',(-1.,0.,0.));
#8975 = DIRECTION('',(0.,1.,0.));
#8976 = ADVANCED_FACE('',(#8977),#8988,.F.);
#8977 = FACE_BOUND('',#8978,.F.);
#8978 = EDGE_LOOP('',(#8979,#8980,#8981,#8982));
#8979 = ORIENTED_EDGE('',*,*,#2218,.F.);
#8980 = ORIENTED_EDGE('',*,*,#8949,.T.);
#8981 = ORIENTED_EDGE('',*,*,#4537,.F.);
#8982 = ORIENTED_EDGE('',*,*,#8983,.F.);
#8983 = EDGE_CURVE('',#2219,#4538,#8984,.T.);
#8984 = LINE('',#8985,#8986);
#8985 = CARTESIAN_POINT('',(172.958481,82.57151,0.));
#8986 = VECTOR('',#8987,1.);
#8987 = DIRECTION('',(0.,0.,1.));
#8988 = PLANE('',#8989);
#8989 = AXIS2_PLACEMENT_3D('',#8990,#8991,#8992);
#8990 = CARTESIAN_POINT('',(172.958481,96.605682,0.));
#8991 = DIRECTION('',(1.,0.,0.));
#8992 = DIRECTION('',(0.,-1.,0.));
#8993 = ADVANCED_FACE('',(#8994),#9000,.F.);
#8994 = FACE_BOUND('',#8995,.F.);
#8995 = EDGE_LOOP('',(#8996,#8997,#8998,#8999));
#8996 = ORIENTED_EDGE('',*,*,#2226,.F.);
#8997 = ORIENTED_EDGE('',*,*,#8983,.T.);
#8998 = ORIENTED_EDGE('',*,*,#4547,.F.);
#8999 = ORIENTED_EDGE('',*,*,#8964,.F.);
#9000 = PLANE('',#9001);
#9001 = AXIS2_PLACEMENT_3D('',#9002,#9003,#9004);
#9002 = CARTESIAN_POINT('',(172.958481,82.57151,0.));
#9003 = DIRECTION('',(0.,-1.,0.));
#9004 = DIRECTION('',(-1.,0.,0.));
#9005 = ADVANCED_FACE('',(#9006),#9022,.F.);
#9006 = FACE_BOUND('',#9007,.F.);
#9007 = EDGE_LOOP('',(#9008,#9009,#9015,#9016));
#9008 = ORIENTED_EDGE('',*,*,#2242,.F.);
#9009 = ORIENTED_EDGE('',*,*,#9010,.T.);
#9010 = EDGE_CURVE('',#2243,#4590,#9011,.T.);
#9011 = LINE('',#9012,#9013);
#9012 = CARTESIAN_POINT('',(177.668518,96.590424,0.));
#9013 = VECTOR('',#9014,1.);
#9014 = DIRECTION('',(0.,0.,1.));
#9015 = ORIENTED_EDGE('',*,*,#4597,.F.);
#9016 = ORIENTED_EDGE('',*,*,#9017,.F.);
#9017 = EDGE_CURVE('',#2245,#4574,#9018,.T.);
#9018 = LINE('',#9019,#9020);
#9019 = CARTESIAN_POINT('',(191.769424,96.590424,0.));
#9020 = VECTOR('',#9021,1.);
#9021 = DIRECTION('',(0.,0.,1.));
#9022 = PLANE('',#9023);
#9023 = AXIS2_PLACEMENT_3D('',#9024,#9025,#9026);
#9024 = CARTESIAN_POINT('',(177.668518,96.590424,0.));
#9025 = DIRECTION('',(0.,1.,0.));
#9026 = DIRECTION('',(1.,0.,0.));
#9027 = ADVANCED_FACE('',(#9028),#9039,.F.);
#9028 = FACE_BOUND('',#9029,.F.);
#9029 = EDGE_LOOP('',(#9030,#9031,#9037,#9038));
#9030 = ORIENTED_EDGE('',*,*,#2268,.F.);
#9031 = ORIENTED_EDGE('',*,*,#9032,.T.);
#9032 = EDGE_CURVE('',#2261,#4582,#9033,.T.);
#9033 = LINE('',#9034,#9035);
#9034 = CARTESIAN_POINT('',(177.668518,82.544876,0.));
#9035 = VECTOR('',#9036,1.);
#9036 = DIRECTION('',(0.,0.,1.));
#9037 = ORIENTED_EDGE('',*,*,#4589,.F.);
#9038 = ORIENTED_EDGE('',*,*,#9010,.F.);
#9039 = PLANE('',#9040);
#9040 = AXIS2_PLACEMENT_3D('',#9041,#9042,#9043);
#9041 = CARTESIAN_POINT('',(177.668518,82.544876,0.));
#9042 = DIRECTION('',(-1.,0.,0.));
#9043 = DIRECTION('',(0.,1.,0.));
#9044 = ADVANCED_FACE('',(#9045),#9056,.F.);
#9045 = FACE_BOUND('',#9046,.F.);
#9046 = EDGE_LOOP('',(#9047,#9048,#9049,#9050));
#9047 = ORIENTED_EDGE('',*,*,#2252,.F.);
#9048 = ORIENTED_EDGE('',*,*,#9017,.T.);
#9049 = ORIENTED_EDGE('',*,*,#4571,.F.);
#9050 = ORIENTED_EDGE('',*,*,#9051,.F.);
#9051 = EDGE_CURVE('',#2253,#4572,#9052,.T.);
#9052 = LINE('',#9053,#9054);
#9053 = CARTESIAN_POINT('',(191.769424,82.544876,0.));
#9054 = VECTOR('',#9055,1.);
#9055 = DIRECTION('',(0.,0.,1.));
#9056 = PLANE('',#9057);
#9057 = AXIS2_PLACEMENT_3D('',#9058,#9059,#9060);
#9058 = CARTESIAN_POINT('',(191.769424,96.590424,0.));
#9059 = DIRECTION('',(1.,0.,0.));
#9060 = DIRECTION('',(0.,-1.,0.));
#9061 = ADVANCED_FACE('',(#9062),#9068,.F.);
#9062 = FACE_BOUND('',#9063,.F.);
#9063 = EDGE_LOOP('',(#9064,#9065,#9066,#9067));
#9064 = ORIENTED_EDGE('',*,*,#2260,.F.);
#9065 = ORIENTED_EDGE('',*,*,#9051,.T.);
#9066 = ORIENTED_EDGE('',*,*,#4581,.F.);
#9067 = ORIENTED_EDGE('',*,*,#9032,.F.);
#9068 = PLANE('',#9069);
#9069 = AXIS2_PLACEMENT_3D('',#9070,#9071,#9072);
#9070 = CARTESIAN_POINT('',(191.769424,82.544876,0.));
#9071 = DIRECTION('',(0.,-1.,0.));
#9072 = DIRECTION('',(-1.,0.,0.));
#9073 = ADVANCED_FACE('',(#9074),#9090,.F.);
#9074 = FACE_BOUND('',#9075,.F.);
#9075 = EDGE_LOOP('',(#9076,#9077,#9083,#9084));
#9076 = ORIENTED_EDGE('',*,*,#2276,.F.);
#9077 = ORIENTED_EDGE('',*,*,#9078,.T.);
#9078 = EDGE_CURVE('',#2277,#4624,#9079,.T.);
#9079 = LINE('',#9080,#9081);
#9080 = CARTESIAN_POINT('',(196.574265,96.525505,0.));
#9081 = VECTOR('',#9082,1.);
#9082 = DIRECTION('',(0.,0.,1.));
#9083 = ORIENTED_EDGE('',*,*,#4631,.F.);
#9084 = ORIENTED_EDGE('',*,*,#9085,.F.);
#9085 = EDGE_CURVE('',#2279,#4608,#9086,.T.);
#9086 = LINE('',#9087,#9088);
#9087 = CARTESIAN_POINT('',(210.60025,96.525505,0.));
#9088 = VECTOR('',#9089,1.);
#9089 = DIRECTION('',(0.,0.,1.));
#9090 = PLANE('',#9091);
#9091 = AXIS2_PLACEMENT_3D('',#9092,#9093,#9094);
#9092 = CARTESIAN_POINT('',(196.574265,96.525505,0.));
#9093 = DIRECTION('',(0.,1.,0.));
#9094 = DIRECTION('',(1.,0.,0.));
#9095 = ADVANCED_FACE('',(#9096),#9107,.F.);
#9096 = FACE_BOUND('',#9097,.F.);
#9097 = EDGE_LOOP('',(#9098,#9099,#9105,#9106));
#9098 = ORIENTED_EDGE('',*,*,#2302,.F.);
#9099 = ORIENTED_EDGE('',*,*,#9100,.T.);
#9100 = EDGE_CURVE('',#2295,#4616,#9101,.T.);
#9101 = LINE('',#9102,#9103);
#9102 = CARTESIAN_POINT('',(196.574265,82.428772,0.));
#9103 = VECTOR('',#9104,1.);
#9104 = DIRECTION('',(0.,0.,1.));
#9105 = ORIENTED_EDGE('',*,*,#4623,.F.);
#9106 = ORIENTED_EDGE('',*,*,#9078,.F.);
#9107 = PLANE('',#9108);
#9108 = AXIS2_PLACEMENT_3D('',#9109,#9110,#9111);
#9109 = CARTESIAN_POINT('',(196.574265,82.428772,0.));
#9110 = DIRECTION('',(-1.,0.,0.));
#9111 = DIRECTION('',(0.,1.,0.));
#9112 = ADVANCED_FACE('',(#9113),#9124,.F.);
#9113 = FACE_BOUND('',#9114,.F.);
#9114 = EDGE_LOOP('',(#9115,#9116,#9117,#9118));
#9115 = ORIENTED_EDGE('',*,*,#2286,.F.);
#9116 = ORIENTED_EDGE('',*,*,#9085,.T.);
#9117 = ORIENTED_EDGE('',*,*,#4605,.F.);
#9118 = ORIENTED_EDGE('',*,*,#9119,.F.);
#9119 = EDGE_CURVE('',#2287,#4606,#9120,.T.);
#9120 = LINE('',#9121,#9122);
#9121 = CARTESIAN_POINT('',(210.60025,82.428772,0.));
#9122 = VECTOR('',#9123,1.);
#9123 = DIRECTION('',(0.,0.,1.));
#9124 = PLANE('',#9125);
#9125 = AXIS2_PLACEMENT_3D('',#9126,#9127,#9128);
#9126 = CARTESIAN_POINT('',(210.60025,96.525505,0.));
#9127 = DIRECTION('',(1.,0.,0.));
#9128 = DIRECTION('',(0.,-1.,0.));
#9129 = ADVANCED_FACE('',(#9130),#9136,.F.);
#9130 = FACE_BOUND('',#9131,.F.);
#9131 = EDGE_LOOP('',(#9132,#9133,#9134,#9135));
#9132 = ORIENTED_EDGE('',*,*,#2294,.F.);
#9133 = ORIENTED_EDGE('',*,*,#9119,.T.);
#9134 = ORIENTED_EDGE('',*,*,#4615,.F.);
#9135 = ORIENTED_EDGE('',*,*,#9100,.F.);
#9136 = PLANE('',#9137);
#9137 = AXIS2_PLACEMENT_3D('',#9138,#9139,#9140);
#9138 = CARTESIAN_POINT('',(210.60025,82.428772,0.));
#9139 = DIRECTION('',(0.,-1.,0.));
#9140 = DIRECTION('',(-1.,0.,0.));
#9141 = ADVANCED_FACE('',(#9142),#9158,.F.);
#9142 = FACE_BOUND('',#9143,.F.);
#9143 = EDGE_LOOP('',(#9144,#9145,#9151,#9152));
#9144 = ORIENTED_EDGE('',*,*,#2310,.F.);
#9145 = ORIENTED_EDGE('',*,*,#9146,.T.);
#9146 = EDGE_CURVE('',#2311,#4658,#9147,.T.);
#9147 = LINE('',#9148,#9149);
#9148 = CARTESIAN_POINT('',(215.526947,96.709267,0.));
#9149 = VECTOR('',#9150,1.);
#9150 = DIRECTION('',(0.,0.,1.));
#9151 = ORIENTED_EDGE('',*,*,#4665,.F.);
#9152 = ORIENTED_EDGE('',*,*,#9153,.F.);
#9153 = EDGE_CURVE('',#2313,#4642,#9154,.T.);
#9154 = LINE('',#9155,#9156);
#9155 = CARTESIAN_POINT('',(229.606094,96.709267,0.));
#9156 = VECTOR('',#9157,1.);
#9157 = DIRECTION('',(0.,0.,1.));
#9158 = PLANE('',#9159);
#9159 = AXIS2_PLACEMENT_3D('',#9160,#9161,#9162);
#9160 = CARTESIAN_POINT('',(215.526947,96.709267,0.));
#9161 = DIRECTION('',(0.,1.,0.));
#9162 = DIRECTION('',(1.,0.,0.));
#9163 = ADVANCED_FACE('',(#9164),#9175,.F.);
#9164 = FACE_BOUND('',#9165,.F.);
#9165 = EDGE_LOOP('',(#9166,#9167,#9173,#9174));
#9166 = ORIENTED_EDGE('',*,*,#2336,.F.);
#9167 = ORIENTED_EDGE('',*,*,#9168,.T.);
#9168 = EDGE_CURVE('',#2329,#4650,#9169,.T.);
#9169 = LINE('',#9170,#9171);
#9170 = CARTESIAN_POINT('',(215.526947,82.547318,0.));
#9171 = VECTOR('',#9172,1.);
#9172 = DIRECTION('',(0.,0.,1.));
#9173 = ORIENTED_EDGE('',*,*,#4657,.F.);
#9174 = ORIENTED_EDGE('',*,*,#9146,.F.);
#9175 = PLANE('',#9176);
#9176 = AXIS2_PLACEMENT_3D('',#9177,#9178,#9179);
#9177 = CARTESIAN_POINT('',(215.526947,82.547318,0.));
#9178 = DIRECTION('',(-1.,0.,0.));
#9179 = DIRECTION('',(0.,1.,0.));
#9180 = ADVANCED_FACE('',(#9181),#9192,.F.);
#9181 = FACE_BOUND('',#9182,.F.);
#9182 = EDGE_LOOP('',(#9183,#9184,#9185,#9186));
#9183 = ORIENTED_EDGE('',*,*,#2320,.F.);
#9184 = ORIENTED_EDGE('',*,*,#9153,.T.);
#9185 = ORIENTED_EDGE('',*,*,#4639,.F.);
#9186 = ORIENTED_EDGE('',*,*,#9187,.F.);
#9187 = EDGE_CURVE('',#2321,#4640,#9188,.T.);
#9188 = LINE('',#9189,#9190);
#9189 = CARTESIAN_POINT('',(229.606094,82.547318,0.));
#9190 = VECTOR('',#9191,1.);
#9191 = DIRECTION('',(0.,0.,1.));
#9192 = PLANE('',#9193);
#9193 = AXIS2_PLACEMENT_3D('',#9194,#9195,#9196);
#9194 = CARTESIAN_POINT('',(229.606094,96.709267,0.));
#9195 = DIRECTION('',(1.,0.,0.));
#9196 = DIRECTION('',(0.,-1.,0.));
#9197 = ADVANCED_FACE('',(#9198),#9204,.F.);
#9198 = FACE_BOUND('',#9199,.F.);
#9199 = EDGE_LOOP('',(#9200,#9201,#9202,#9203));
#9200 = ORIENTED_EDGE('',*,*,#2328,.F.);
#9201 = ORIENTED_EDGE('',*,*,#9187,.T.);
#9202 = ORIENTED_EDGE('',*,*,#4649,.F.);
#9203 = ORIENTED_EDGE('',*,*,#9168,.F.);
#9204 = PLANE('',#9205);
#9205 = AXIS2_PLACEMENT_3D('',#9206,#9207,#9208);
#9206 = CARTESIAN_POINT('',(229.606094,82.547318,0.));
#9207 = DIRECTION('',(0.,-1.,0.));
#9208 = DIRECTION('',(-1.,0.,0.));
#9209 = ADVANCED_FACE('',(#9210),#9226,.F.);
#9210 = FACE_BOUND('',#9211,.F.);
#9211 = EDGE_LOOP('',(#9212,#9213,#9219,#9220));
#9212 = ORIENTED_EDGE('',*,*,#2344,.F.);
#9213 = ORIENTED_EDGE('',*,*,#9214,.T.);
#9214 = EDGE_CURVE('',#2345,#4692,#9215,.T.);
#9215 = LINE('',#9216,#9217);
#9216 = CARTESIAN_POINT('',(234.556747,96.56398,0.));
#9217 = VECTOR('',#9218,1.);
#9218 = DIRECTION('',(0.,0.,1.));
#9219 = ORIENTED_EDGE('',*,*,#4699,.F.);
#9220 = ORIENTED_EDGE('',*,*,#9221,.F.);
#9221 = EDGE_CURVE('',#2347,#4676,#9222,.T.);
#9222 = LINE('',#9223,#9224);
#9223 = CARTESIAN_POINT('',(248.532379,96.56398,0.));
#9224 = VECTOR('',#9225,1.);
#9225 = DIRECTION('',(0.,0.,1.));
#9226 = PLANE('',#9227);
#9227 = AXIS2_PLACEMENT_3D('',#9228,#9229,#9230);
#9228 = CARTESIAN_POINT('',(234.556747,96.56398,0.));
#9229 = DIRECTION('',(0.,1.,0.));
#9230 = DIRECTION('',(1.,0.,0.));
#9231 = ADVANCED_FACE('',(#9232),#9243,.F.);
#9232 = FACE_BOUND('',#9233,.F.);
#9233 = EDGE_LOOP('',(#9234,#9235,#9241,#9242));
#9234 = ORIENTED_EDGE('',*,*,#2370,.F.);
#9235 = ORIENTED_EDGE('',*,*,#9236,.T.);
#9236 = EDGE_CURVE('',#2363,#4684,#9237,.T.);
#9237 = LINE('',#9238,#9239);
#9238 = CARTESIAN_POINT('',(234.556747,82.617279,0.));
#9239 = VECTOR('',#9240,1.);
#9240 = DIRECTION('',(0.,0.,1.));
#9241 = ORIENTED_EDGE('',*,*,#4691,.F.);
#9242 = ORIENTED_EDGE('',*,*,#9214,.F.);
#9243 = PLANE('',#9244);
#9244 = AXIS2_PLACEMENT_3D('',#9245,#9246,#9247);
#9245 = CARTESIAN_POINT('',(234.556747,82.617279,0.));
#9246 = DIRECTION('',(-1.,0.,0.));
#9247 = DIRECTION('',(0.,1.,0.));
#9248 = ADVANCED_FACE('',(#9249),#9260,.F.);
#9249 = FACE_BOUND('',#9250,.F.);
#9250 = EDGE_LOOP('',(#9251,#9252,#9253,#9254));
#9251 = ORIENTED_EDGE('',*,*,#2354,.F.);
#9252 = ORIENTED_EDGE('',*,*,#9221,.T.);
#9253 = ORIENTED_EDGE('',*,*,#4673,.F.);
#9254 = ORIENTED_EDGE('',*,*,#9255,.F.);
#9255 = EDGE_CURVE('',#2355,#4674,#9256,.T.);
#9256 = LINE('',#9257,#9258);
#9257 = CARTESIAN_POINT('',(248.532379,82.617279,0.));
#9258 = VECTOR('',#9259,1.);
#9259 = DIRECTION('',(0.,0.,1.));
#9260 = PLANE('',#9261);
#9261 = AXIS2_PLACEMENT_3D('',#9262,#9263,#9264);
#9262 = CARTESIAN_POINT('',(248.532379,96.56398,0.));
#9263 = DIRECTION('',(1.,0.,0.));
#9264 = DIRECTION('',(0.,-1.,0.));
#9265 = ADVANCED_FACE('',(#9266),#9272,.F.);
#9266 = FACE_BOUND('',#9267,.F.);
#9267 = EDGE_LOOP('',(#9268,#9269,#9270,#9271));
#9268 = ORIENTED_EDGE('',*,*,#2362,.F.);
#9269 = ORIENTED_EDGE('',*,*,#9255,.T.);
#9270 = ORIENTED_EDGE('',*,*,#4683,.F.);
#9271 = ORIENTED_EDGE('',*,*,#9236,.F.);
#9272 = PLANE('',#9273);
#9273 = AXIS2_PLACEMENT_3D('',#9274,#9275,#9276);
#9274 = CARTESIAN_POINT('',(248.532379,82.617279,0.));
#9275 = DIRECTION('',(0.,-1.,0.));
#9276 = DIRECTION('',(-1.,0.,0.));
#9277 = ADVANCED_FACE('',(#9278),#9294,.F.);
#9278 = FACE_BOUND('',#9279,.F.);
#9279 = EDGE_LOOP('',(#9280,#9281,#9287,#9288));
#9280 = ORIENTED_EDGE('',*,*,#2378,.F.);
#9281 = ORIENTED_EDGE('',*,*,#9282,.T.);
#9282 = EDGE_CURVE('',#2379,#4726,#9283,.T.);
#9283 = LINE('',#9284,#9285);
#9284 = CARTESIAN_POINT('',(253.729095,96.601868,0.));
#9285 = VECTOR('',#9286,1.);
#9286 = DIRECTION('',(0.,0.,1.));
#9287 = ORIENTED_EDGE('',*,*,#4733,.F.);
#9288 = ORIENTED_EDGE('',*,*,#9289,.F.);
#9289 = EDGE_CURVE('',#2381,#4710,#9290,.T.);
#9290 = LINE('',#9291,#9292);
#9291 = CARTESIAN_POINT('',(267.612366,96.601868,0.));
#9292 = VECTOR('',#9293,1.);
#9293 = DIRECTION('',(0.,0.,1.));
#9294 = PLANE('',#9295);
#9295 = AXIS2_PLACEMENT_3D('',#9296,#9297,#9298);
#9296 = CARTESIAN_POINT('',(253.729095,96.601868,0.));
#9297 = DIRECTION('',(0.,1.,0.));
#9298 = DIRECTION('',(1.,0.,0.));
#9299 = ADVANCED_FACE('',(#9300),#9311,.F.);
#9300 = FACE_BOUND('',#9301,.F.);
#9301 = EDGE_LOOP('',(#9302,#9303,#9309,#9310));
#9302 = ORIENTED_EDGE('',*,*,#2404,.F.);
#9303 = ORIENTED_EDGE('',*,*,#9304,.T.);
#9304 = EDGE_CURVE('',#2397,#4718,#9305,.T.);
#9305 = LINE('',#9306,#9307);
#9306 = CARTESIAN_POINT('',(253.729095,82.492256,0.));
#9307 = VECTOR('',#9308,1.);
#9308 = DIRECTION('',(0.,0.,1.));
#9309 = ORIENTED_EDGE('',*,*,#4725,.F.);
#9310 = ORIENTED_EDGE('',*,*,#9282,.F.);
#9311 = PLANE('',#9312);
#9312 = AXIS2_PLACEMENT_3D('',#9313,#9314,#9315);
#9313 = CARTESIAN_POINT('',(253.729095,82.492256,0.));
#9314 = DIRECTION('',(-1.,0.,0.));
#9315 = DIRECTION('',(0.,1.,0.));
#9316 = ADVANCED_FACE('',(#9317),#9328,.F.);
#9317 = FACE_BOUND('',#9318,.F.);
#9318 = EDGE_LOOP('',(#9319,#9320,#9321,#9322));
#9319 = ORIENTED_EDGE('',*,*,#2388,.F.);
#9320 = ORIENTED_EDGE('',*,*,#9289,.T.);
#9321 = ORIENTED_EDGE('',*,*,#4707,.F.);
#9322 = ORIENTED_EDGE('',*,*,#9323,.F.);
#9323 = EDGE_CURVE('',#2389,#4708,#9324,.T.);
#9324 = LINE('',#9325,#9326);
#9325 = CARTESIAN_POINT('',(267.612366,82.492256,0.));
#9326 = VECTOR('',#9327,1.);
#9327 = DIRECTION('',(0.,0.,1.));
#9328 = PLANE('',#9329);
#9329 = AXIS2_PLACEMENT_3D('',#9330,#9331,#9332);
#9330 = CARTESIAN_POINT('',(267.612366,96.601868,0.));
#9331 = DIRECTION('',(1.,0.,0.));
#9332 = DIRECTION('',(0.,-1.,0.));
#9333 = ADVANCED_FACE('',(#9334),#9340,.F.);
#9334 = FACE_BOUND('',#9335,.F.);
#9335 = EDGE_LOOP('',(#9336,#9337,#9338,#9339));
#9336 = ORIENTED_EDGE('',*,*,#2396,.F.);
#9337 = ORIENTED_EDGE('',*,*,#9323,.T.);
#9338 = ORIENTED_EDGE('',*,*,#4717,.F.);
#9339 = ORIENTED_EDGE('',*,*,#9304,.F.);
#9340 = PLANE('',#9341);
#9341 = AXIS2_PLACEMENT_3D('',#9342,#9343,#9344);
#9342 = CARTESIAN_POINT('',(267.612366,82.492256,0.));
#9343 = DIRECTION('',(0.,-1.,0.));
#9344 = DIRECTION('',(-1.,0.,0.));
#9345 = ADVANCED_FACE('',(#9346),#9362,.F.);
#9346 = FACE_BOUND('',#9347,.F.);
#9347 = EDGE_LOOP('',(#9348,#9349,#9355,#9356));
#9348 = ORIENTED_EDGE('',*,*,#2412,.F.);
#9349 = ORIENTED_EDGE('',*,*,#9350,.T.);
#9350 = EDGE_CURVE('',#2413,#4760,#9351,.T.);
#9351 = LINE('',#9352,#9353);
#9352 = CARTESIAN_POINT('',(277.409515,96.628792,0.));
#9353 = VECTOR('',#9354,1.);
#9354 = DIRECTION('',(0.,0.,1.));
#9355 = ORIENTED_EDGE('',*,*,#4767,.F.);
#9356 = ORIENTED_EDGE('',*,*,#9357,.F.);
#9357 = EDGE_CURVE('',#2415,#4744,#9358,.T.);
#9358 = LINE('',#9359,#9360);
#9359 = CARTESIAN_POINT('',(291.556061,96.628792,0.));
#9360 = VECTOR('',#9361,1.);
#9361 = DIRECTION('',(0.,0.,1.));
#9362 = PLANE('',#9363);
#9363 = AXIS2_PLACEMENT_3D('',#9364,#9365,#9366);
#9364 = CARTESIAN_POINT('',(277.409515,96.628792,0.));
#9365 = DIRECTION('',(0.,1.,0.));
#9366 = DIRECTION('',(1.,0.,0.));
#9367 = ADVANCED_FACE('',(#9368),#9379,.F.);
#9368 = FACE_BOUND('',#9369,.F.);
#9369 = EDGE_LOOP('',(#9370,#9371,#9377,#9378));
#9370 = ORIENTED_EDGE('',*,*,#2438,.F.);
#9371 = ORIENTED_EDGE('',*,*,#9372,.T.);
#9372 = EDGE_CURVE('',#2431,#4752,#9373,.T.);
#9373 = LINE('',#9374,#9375);
#9374 = CARTESIAN_POINT('',(277.409515,82.605812,0.));
#9375 = VECTOR('',#9376,1.);
#9376 = DIRECTION('',(0.,0.,1.));
#9377 = ORIENTED_EDGE('',*,*,#4759,.F.);
#9378 = ORIENTED_EDGE('',*,*,#9350,.F.);
#9379 = PLANE('',#9380);
#9380 = AXIS2_PLACEMENT_3D('',#9381,#9382,#9383);
#9381 = CARTESIAN_POINT('',(277.409515,82.605812,0.));
#9382 = DIRECTION('',(-1.,0.,0.));
#9383 = DIRECTION('',(0.,1.,0.));
#9384 = ADVANCED_FACE('',(#9385),#9396,.F.);
#9385 = FACE_BOUND('',#9386,.F.);
#9386 = EDGE_LOOP('',(#9387,#9388,#9389,#9390));
#9387 = ORIENTED_EDGE('',*,*,#2422,.F.);
#9388 = ORIENTED_EDGE('',*,*,#9357,.T.);
#9389 = ORIENTED_EDGE('',*,*,#4741,.F.);
#9390 = ORIENTED_EDGE('',*,*,#9391,.F.);
#9391 = EDGE_CURVE('',#2423,#4742,#9392,.T.);
#9392 = LINE('',#9393,#9394);
#9393 = CARTESIAN_POINT('',(291.556061,82.605812,0.));
#9394 = VECTOR('',#9395,1.);
#9395 = DIRECTION('',(0.,0.,1.));
#9396 = PLANE('',#9397);
#9397 = AXIS2_PLACEMENT_3D('',#9398,#9399,#9400);
#9398 = CARTESIAN_POINT('',(291.556061,96.628792,0.));
#9399 = DIRECTION('',(1.,0.,0.));
#9400 = DIRECTION('',(0.,-1.,0.));
#9401 = ADVANCED_FACE('',(#9402),#9408,.F.);
#9402 = FACE_BOUND('',#9403,.F.);
#9403 = EDGE_LOOP('',(#9404,#9405,#9406,#9407));
#9404 = ORIENTED_EDGE('',*,*,#2430,.F.);
#9405 = ORIENTED_EDGE('',*,*,#9391,.T.);
#9406 = ORIENTED_EDGE('',*,*,#4751,.F.);
#9407 = ORIENTED_EDGE('',*,*,#9372,.F.);
#9408 = PLANE('',#9409);
#9409 = AXIS2_PLACEMENT_3D('',#9410,#9411,#9412);
#9410 = CARTESIAN_POINT('',(291.556061,82.605812,0.));
#9411 = DIRECTION('',(0.,-1.,0.));
#9412 = DIRECTION('',(-1.,0.,0.));
#9413 = ( GEOMETRIC_REPRESENTATION_CONTEXT(3) 
GLOBAL_UNCERTAINTY_ASSIGNED_CONTEXT((#9417)) 
GLOBAL_UNIT_ASSIGNED_CONTEXT((#9414,#9415,#9416)) REPRESENTATION_CONTEXT
('Context #1','3D Context with UNIT and UNCERTAINTY') );
#9414 = ( LENGTH_UNIT() NAMED_UNIT(*) SI_UNIT(.MILLI.,.METRE.) );
#9415 = ( NAMED_UNIT(*) PLANE_ANGLE_UNIT() SI_UNIT($,.RADIAN.) );
#9416 = ( NAMED_UNIT(*) SI_UNIT($,.STERADIAN.) SOLID_ANGLE_UNIT() );
#9417 = UNCERTAINTY_MEASURE_WITH_UNIT(LENGTH_MEASURE(1.E-04),#9414,
  'distance_accuracy_value','confusion accuracy');
#9418 = PRODUCT_RELATED_PRODUCT_CATEGORY('part',$,(#7));
#9419 = MECHANICAL_DESIGN_GEOMETRIC_PRESENTATION_REPRESENTATION('',(
    #9420),#9413);
#9420 = STYLED_ITEM('color',(#9421),#15);
#9421 = PRESENTATION_STYLE_ASSIGNMENT((#9422,#9428));
#9422 = SURFACE_STYLE_USAGE(.BOTH.,#9423);
#9423 = SURFACE_SIDE_STYLE('',(#9424));
#9424 = SURFACE_STYLE_FILL_AREA(#9425);
#9425 = FILL_AREA_STYLE('',(#9426));
#9426 = FILL_AREA_STYLE_COLOUR('',#9427);
#9427 = COLOUR_RGB('',0.447058818107,0.474509808674,0.501960817233);
#9428 = CURVE_STYLE('',#9429,POSITIVE_LENGTH_MEASURE(0.1),#9430);
#9429 = DRAUGHTING_PRE_DEFINED_CURVE_FONT('continuous');
#9430 = COLOUR_RGB('',9.803921802644E-02,9.803921802644E-02,
  9.803921802644E-02);
ENDSEC;
END-ISO-10303-21;
